Title,Open reading copy,Kind,Group,Reader key,Verification,Drive ID
READING COPY 00_MASTER_INDEX_20_COLD_REVIEW_PACKETS [0158ca2b05b5],https://docs.google.com/document/d/163qXkKOGH67onFazVod_Z-G_WfFMzsca4mST5C_Smy8/edit?usp=drivesdk,binary,RESEARCH_SOURCE_CHECK_STATUS,0158ca2b05b529cf68a33c06b44886ee94f1f4c9ae5b9c75960656118ad92b51,NATIVE TEXT VERIFIED — original governs layout,163qXkKOGH67onFazVod_Z-G_WfFMzsca4mST5C_Smy8
029aa40af2ca_06_SUPPLEMENT_V4.pdf,https://drive.google.com/file/d/17Q--u9XWE9FNz-UwW7nEdiEL0VNlUKgA/view?usp=drivesdk,binary,RESEARCH_SOURCE_CHECK_STATUS,029aa40af2cad4da7f2677e58480b767dc3425e6fde542703a76fb054ec28281-original,EXACT RAW BYTES VERIFIED — SHA-256 match,17Q--u9XWE9FNz-UwW7nEdiEL0VNlUKgA
0357bd28528c_02_PRE_REVIEW_DOSSIER_V2.pdf,https://drive.google.com/file/d/1cxcCUTt92re0cgZ480EkBZlR45KJRny4/view?usp=drivesdk,binary,RESEARCH_SOURCE_CHECK_STATUS,0357bd28528c5690f6c1279b9c4f4f123b03120d3db7a7cd8bb32950cdda8f73-original,EXACT RAW BYTES VERIFIED — SHA-256 match,1cxcCUTt92re0cgZ480EkBZlR45KJRny4
HISTORICAL WORKBOOK REGISTRY_NAVIGATION_EXPORT [0538452c5e1e],https://docs.google.com/spreadsheets/d/1HV5dJ-cAaiLZ3qePMDJvn4Sov2re0PbH_m9Qne-Tz24/edit?usp=drivesdk,binary,RESEARCH_SOURCE_CHECK_STATUS,0538452c5e1efc8114eae36981da830c72c0f5652bd4fddb2ff4179c1c224779,NATIVE WORKBOOK STRUCTURE READ — historical formulas not recalculated,1HV5dJ-cAaiLZ3qePMDJvn4Sov2re0PbH_m9Qne-Tz24
DATA READING COPY mixed_base_29.json [05fcf2803449],https://docs.google.com/spreadsheets/d/1YJK36LMMJaBzhnA4w-BQ8GBI-kfU86JNB1wRmVjdTek/edit?usp=drivesdk,sheet,RESEARCH_SOURCE_CHECK_STATUS,05fcf28034492ee840d23dc2feb3d25060edd342982feaea86648cd74a5c3969,LOCAL CELLS VERIFIED + NATIVE FIRST/LAST ROWS VERIFIED,1YJK36LMMJaBzhnA4w-BQ8GBI-kfU86JNB1wRmVjdTek
HISTORICAL WORKBOOK REGISTRY_BEFORE [06bf48f6b1c7],https://docs.google.com/spreadsheets/d/1S-7md9iVHk7JFjr1gvYZ6xAZ6V0KBeS4PLLAX10jckw/edit?usp=drivesdk,xlsx,QUARANTINE_OR_HISTORY,06bf48f6b1c7382dd8b3418611228e8e77b7a13de5ba95e9b2be75c18dd58ced,NATIVE WORKBOOK STRUCTURE READ — historical formulas not recalculated,1S-7md9iVHk7JFjr1gvYZ6xAZ6V0KBeS4PLLAX10jckw
DATA READING COPY CLOSE-20260917-b9c2_INVENTORY.csv [072d1bc53a4d],https://docs.google.com/spreadsheets/d/1hmcPndemVAspajgOoq6jxM0YMCnwmBso__oZvItc6B0/edit?usp=drivesdk,sheet,RESEARCH_SOURCE_CHECK_STATUS,072d1bc53a4dbc50abe771b8f1348593f5af68a7b63aa45180b660d6deeb6d7d,LOCAL CELLS VERIFIED + NATIVE FIRST/LAST ROWS VERIFIED,1hmcPndemVAspajgOoq6jxM0YMCnwmBso__oZvItc6B0
READING COPY 12_EC-017_Positive_Fixed-r_Typed_Finite-Q4_Palm_Mass [097065635531],https://docs.google.com/document/d/1WM452443QWaeZB8XGKUWqd30ka0-6RVRhWJYjLsG4zM/edit?usp=drivesdk,binary,RESEARCH_SOURCE_CHECK_STATUS,09706563553166112889f474f8920ecc3642987675de607c5e1ff948c376d0a4,NATIVE TEXT VERIFIED — original governs layout,1WM452443QWaeZB8XGKUWqd30ka0-6RVRhWJYjLsG4zM
DATA READING COPY C099_NEAR_ENDPOINT_SCAN.json [0b98a88b6acd],https://docs.google.com/spreadsheets/d/1yuncD7rmS7XH0c6KgSNrJzoJ7bRl7LSzCV1RsTyBi-w/edit?usp=drivesdk,sheet,RESEARCH_SOURCE_CHECK_STATUS,0b98a88b6acd27ce36e604bb3480811b4f600a0ce5581f33889d530372dde00d,LOCAL CELLS VERIFIED + NATIVE FIRST/LAST ROWS VERIFIED,1yuncD7rmS7XH0c6KgSNrJzoJ7bRl7LSzCV1RsTyBi-w
READING COPY 04_EC-008_Planar_Collision-Gram_Covariance_Determinant [0e0dac642cd2],https://docs.google.com/document/d/1Ghgr94GKQW0FGHNYKDMoElo7n5Fj6mR4z69Yja8e2qg/edit?usp=drivesdk,binary,RESEARCH_SOURCE_CHECK_STATUS,0e0dac642cd22f3f8f093eb09a788f430562d82db402b1097290c4846253b967,NATIVE TEXT VERIFIED — original governs layout,1Ghgr94GKQW0FGHNYKDMoElo7n5Fj6mR4z69Yja8e2qg
READING COPY 02_PRE_REVIEW_DOSSIER [0f470f892f18],https://docs.google.com/document/d/1hcHmJrWVqOs2zIsxEchM5UiAnBjwUukG0MosfvHtZHc/edit?usp=drivesdk,docx,RESEARCH_SOURCE_CHECK_STATUS,0f470f892f1820c9310b3ebaace7541fb609608bcf74dec66ea4006d79db4b1b,EQUATIONS NEED COMPANION — linked notice verified; original retained,1hcHmJrWVqOs2zIsxEchM5UiAnBjwUukG0MosfvHtZHc
10190eb68703_README_BUNDLEsept.pdf,https://drive.google.com/file/d/12uNBqC-pii-S3VhvJQfIPx4Cpz2ofIkd/view?usp=drivesdk,binary,RESEARCH_SOURCE_CHECK_STATUS,10190eb687034b731c2d59d8a2884fd02d9f4471fd762e12907f0d31ff3225b4-original,EXACT RAW BYTES VERIFIED — SHA-256 match,12uNBqC-pii-S3VhvJQfIPx4Cpz2ofIkd
1090fdca8e4b_05_V3_CORRECTIVE_ADDENDUM.pdf,https://drive.google.com/file/d/1OIApBAADb12HAJCaXqJJIy0QkrEIXh3u/view?usp=drivesdk,binary,RESEARCH_SOURCE_CHECK_STATUS,1090fdca8e4b90927bc8c65054bf29d661e79daf2bad1e80360cb5439e4d06f2-original,EXACT RAW BYTES VERIFIED — SHA-256 match,1OIApBAADb12HAJCaXqJJIy0QkrEIXh3u
DATA READING COPY arc_b.tsv [10a9f8b40e45],https://docs.google.com/spreadsheets/d/1do09kB7KTkDt3FenjXvsqN9lH9ReuuAEI4ju0FeX2Uc/edit?usp=drivesdk,sheet,RESEARCH_SOURCE_CHECK_STATUS,10a9f8b40e453b0dc2931cbd195a759064144b242bbf9d3f0f384c71ea6e6005,LOCAL CELLS VERIFIED + NATIVE FIRST/LAST ROWS VERIFIED,1do09kB7KTkDt3FenjXvsqN9lH9ReuuAEI4ju0FeX2Uc
1359bb695f4d_page-08.png,https://drive.google.com/file/d/16o-6W_da-WxKutx7t3yOis28EAhRzMym/view?usp=drivesdk,binary,RESEARCH_SOURCE_CHECK_STATUS,1359bb695f4ddabc559506786b9094b702bf2e094b2638fe1ac4002ac9704e48,EXACT RAW BYTES VERIFIED — SHA-256 match,16o-6W_da-WxKutx7t3yOis28EAhRzMym
13e3ec631bbe_page-07.png,https://drive.google.com/file/d/1yhxhsoGoMsafHL6BNO8GwPjfyeSq5kSt/view?usp=drivesdk,binary,RESEARCH_SOURCE_CHECK_STATUS,13e3ec631bbef6ffa8d85277f8b9a4491e6f44d4b516e8c1f365e583b26f09fb,EXACT RAW BYTES VERIFIED — SHA-256 match,1yhxhsoGoMsafHL6BNO8GwPjfyeSq5kSt
DATA READING COPY arc_a.tsv [140e20c47ee2],https://docs.google.com/spreadsheets/d/1GEjYOFzyEGLRLjkb_PM0h5pdrRHNb7xOL5N-dQXg1q4/edit?usp=drivesdk,sheet,RESEARCH_SOURCE_CHECK_STATUS,140e20c47ee27ef74de11e3ec5d75a36b5e3e61e3f65c7ac3c1a145b4e5f104c,LOCAL CELLS VERIFIED + NATIVE FIRST/LAST ROWS VERIFIED,1GEjYOFzyEGLRLjkb_PM0h5pdrRHNb7xOL5N-dQXg1q4
DATA READING COPY phase1_cells.jsonl [1778302164fc],https://docs.google.com/spreadsheets/d/1e1mh8H6O8UBRDPdMbGXGn29X1RKaYtMnrJTKEb2CC_U/edit?usp=drivesdk,sheet,RESEARCH_SOURCE_CHECK_STATUS,1778302164fcf0c7b99c60f5cef2a6f0ceee4c99a6bc4a08f6ecb0a8cf52f6bd,LOCAL CELLS VERIFIED + NATIVE FIRST/LAST ROWS VERIFIED,1e1mh8H6O8UBRDPdMbGXGn29X1RKaYtMnrJTKEb2CC_U
DATA READING COPY FILE_CATALOG.csv [182062068899],https://docs.google.com/spreadsheets/d/1ewVO1U8uGYUy5v8WCteIOlp7k3AFdDjC-8L_7TKOmm8/edit?usp=drivesdk,sheet,QUARANTINE_OR_HISTORY,1820620688996fa4bb71626fcbfadc7d19c5a15d3f3149e206cd77075680bfb2,LOCAL CELLS VERIFIED + NATIVE FIRST/LAST ROWS VERIFIED,1ewVO1U8uGYUy5v8WCteIOlp7k3AFdDjC-8L_7TKOmm8
PICKLE STRUCTURE x9_series.pkl [1c0cef52ec2f],https://docs.google.com/spreadsheets/d/1KoBdNXOFsaSWZDEFJAxBHkaDOLiknEdmAxlyJWDV32U/edit?usp=drivesdk,sheet,RESEARCH_SOURCE_CHECK_STATUS,1c0cef52ec2fc2021390b297093477d38c861404fca56d8aee41c21235be43f9,FULL NATIVE DATA VERIFIED — every row,1KoBdNXOFsaSWZDEFJAxBHkaDOLiknEdmAxlyJWDV32U
READING COPY 16_P02-LM-001_Conditional_Degree-Four_Deterministic_Capture_Majorant [1fd79fe6e60a],https://docs.google.com/document/d/1sqpRXvwZZFZ5Tnk-jurj1G9RriYGpg8y1KL9B67wyaw/edit?usp=drivesdk,binary,RESEARCH_SOURCE_CHECK_STATUS,1fd79fe6e60a7831ab61d6d3e38c47856a60de34cdc72f364ef0760700e0cced,NATIVE TEXT VERIFIED — original governs layout,1sqpRXvwZZFZ5Tnk-jurj1G9RriYGpg8y1KL9B67wyaw
203f2877906f_00_READ_ME_FIRST_V3.pdf,https://drive.google.com/file/d/1GbGflA0qczqlQScSt7KielvcAZxUTJyY/view?usp=drivesdk,binary,RESEARCH_SOURCE_CHECK_STATUS,203f2877906f0ee7989f220582e9db5376ce796157494c9ff7b58e616858bbf4-original,EXACT RAW BYTES VERIFIED — SHA-256 match,1GbGflA0qczqlQScSt7KielvcAZxUTJyY
READING COPY SOURCE DOCX — GP-PROP-175-v1.0 — Replication Capsules Proposal [209374cadac7],https://docs.google.com/document/d/13iH0zYt_EuUHMV0Nif18MOIt_srlNv8cp8bYyny9-mY/edit?usp=drivesdk,docx,OPERATIONS,209374cadac7ea38be526a119758de7a94098ed1b4ecc279f969f0d26edc5760,NATIVE TEXT VERIFIED — original governs layout,13iH0zYt_EuUHMV0Nif18MOIt_srlNv8cp8bYyny9-mY
229f3425b275_page-01.png,https://drive.google.com/file/d/1SQa80e6H8BYP1aYMhMowcvt4dRQhdGni/view?usp=drivesdk,binary,RESEARCH_SOURCE_CHECK_STATUS,229f3425b2755c9b15b8b5ba3492d75b8766268707652ed8ef3766cb42774e06,EXACT RAW BYTES VERIFIED — SHA-256 match,1SQa80e6H8BYP1aYMhMowcvt4dRQhdGni
READING COPY 10_EC-015_Repaired_Witness-Parameterized_Degree-Four_PRCP_Event [230f2891663e],https://docs.google.com/document/d/1paF_1DCrSbub13zhI5kX_K3oqKg6pcmUUh2RBEMso3k/edit?usp=drivesdk,binary,RESEARCH_SOURCE_CHECK_STATUS,230f2891663edad58b71802427eb7693bbd48382dc7c10bd3d617f66ec761daa,NATIVE TEXT VERIFIED — original governs layout,1paF_1DCrSbub13zhI5kX_K3oqKg6pcmUUh2RBEMso3k
24f86e48dfd8_02.pdf,https://drive.google.com/file/d/1OuFSDIfzDTfBwdWYfFgJ_9sT_rzPq77M/view?usp=drivesdk,binary,RESEARCH_SOURCE_CHECK_STATUS,24f86e48dfd8ee9bf044473865af10a7757ae7e1a44a0066aebabcecb9e44d06-original,EXACT RAW BYTES VERIFIED — SHA-256 match,1OuFSDIfzDTfBwdWYfFgJ_9sT_rzPq77M
274ac3961af9_02_STATUS_DOSSIER_V4.pdf,https://drive.google.com/file/d/14mKJ8XtOxsTuEwWAX3JKA8qz-zzxkTj8/view?usp=drivesdk,binary,RESEARCH_SOURCE_CHECK_STATUS,274ac3961af99c02ee7ca378955c4d20a596ce7d8b95d939dc1df33848bbb4ed-original,EXACT RAW BYTES VERIFIED — SHA-256 match,14mKJ8XtOxsTuEwWAX3JKA8qz-zzxkTj8
PICKLE STRUCTURE tp_sections.pkl [274b02e3341a],https://docs.google.com/spreadsheets/d/1YvLL9v7hBMdCS2z7-ugrPpR1qeElNNXNlA4TTOnXI8I/edit?usp=drivesdk,sheet,RESEARCH_SOURCE_CHECK_STATUS,274b02e3341ac0a38a8bb257dc1aa9aaa48321a78ebbb244c788168bbc2e8eaf,FULL NATIVE DATA VERIFIED — every row,1YvLL9v7hBMdCS2z7-ugrPpR1qeElNNXNlA4TTOnXI8I
2926ec99137c_ERRATA_AND_CLARIFICATIONS_2026-09-13.pdf,https://drive.google.com/file/d/12wwmuTiNuyFHcPxwfXxYKiv16JKX-C4g/view?usp=drivesdk,binary,RESEARCH_SOURCE_CHECK_STATUS,2926ec99137c67d756dac68bc3b03f2669996f50056fc8bae544fb447e391ec1-original,EXACT RAW BYTES VERIFIED — SHA-256 match,12wwmuTiNuyFHcPxwfXxYKiv16JKX-C4g
2adec1bea46b_page-13.png,https://drive.google.com/file/d/1bmb7dO0owX5CccospVeFFXjaMuDH_wQZ/view?usp=drivesdk,binary,RESEARCH_SOURCE_CHECK_STATUS,2adec1bea46b387fd83f53b0c4329c7343a13eea490cd594cd0202f8c93d70ac,EXACT RAW BYTES VERIFIED — SHA-256 match,1bmb7dO0owX5CccospVeFFXjaMuDH_wQZ
2c9c883b06f3_00_READ_ME_FIRST_V2.pdf,https://drive.google.com/file/d/1LqSDsSHJfVpfgTNN2Ei_Mni7w7PUhBR_/view?usp=drivesdk,binary,RESEARCH_SOURCE_CHECK_STATUS,2c9c883b06f34dac10ebe17a201aadf8b11dbab8987c16c43a598879a80f90b7-original,EXACT RAW BYTES VERIFIED — SHA-256 match,1LqSDsSHJfVpfgTNN2Ei_Mni7w7PUhBR_
2db11ad8af3a_final-18.png,https://drive.google.com/file/d/1sy3yxwfVrKWsXy7ghLwTiViLWuTfNqmy/view?usp=drivesdk,binary,RESEARCH_SOURCE_CHECK_STATUS,2db11ad8af3a1115852aa7dce5ce3d21becbbf1ada8d9991a3fbd791490e39d6,EXACT RAW BYTES VERIFIED — SHA-256 match,1sy3yxwfVrKWsXy7ghLwTiViLWuTfNqmy
2debe731a2cc_11_COMPLETE_PRE_REVIEW_PACKET_V2.pdf,https://drive.google.com/file/d/1wDbvTEfpOlPj70iRVbZInz_M1NsV0LzV/view?usp=drivesdk,binary,RESEARCH_SOURCE_CHECK_STATUS,2debe731a2cc22dfa9230097d5e897293bdfcc2392370f3d0c228545cc131a43-original,EXACT RAW BYTES VERIFIED — SHA-256 match,1wDbvTEfpOlPj70iRVbZInz_M1NsV0LzV
READING COPY 14_EC-020_Uniform-r_Fixed-q_Full-Dimensional_Degree-Four_Corridor [31ce5945828b],https://docs.google.com/document/d/1p7ODg9BVPyLxvA0RHkmbp4R6MZDJCyW6vgulWSY-66o/edit?usp=drivesdk,binary,RESEARCH_SOURCE_CHECK_STATUS,31ce5945828bfe3495a90e11d0483191d0f1b5d6cebf316215ff479b9dce377e,NATIVE TEXT VERIFIED — original governs layout,1p7ODg9BVPyLxvA0RHkmbp4R6MZDJCyW6vgulWSY-66o
READING COPY 07_EC-012_Closed_Strip-Threshold_Majorant [33f5ae0dcd6c],https://docs.google.com/document/d/1Ig6fH8Yh7cE2mc8ZhBcVR0VevhoQIc4R4QdyFui4-4c/edit?usp=drivesdk,binary,RESEARCH_SOURCE_CHECK_STATUS,33f5ae0dcd6c742e8d4b37eddd9e6063e421425b5b411d0a88351c4eacd7282d,NATIVE TEXT VERIFIED — original governs layout,1Ig6fH8Yh7cE2mc8ZhBcVR0VevhoQIc4R4QdyFui4-4c
READING COPY 04_TECHNICAL_APPENDIX [34c43ad4b71e],https://docs.google.com/document/d/1XCMd_fdZuWkYtYtbKTPNMFZyJPig5QWUtpdNOF-QPr4/edit?usp=drivesdk,docx,RESEARCH_SOURCE_CHECK_STATUS,34c43ad4b71e6eadd6f7b40e5a11c03148a1c52a01f7a98bb1d2660a5357ed81,EQUATIONS NEED COMPANION — linked notice verified; original retained,1XCMd_fdZuWkYtYtbKTPNMFZyJPig5QWUtpdNOF-QPr4
371e7f8a7ea1_03_SIDE24_MANUSCRIPT_V2.pdf,https://drive.google.com/file/d/13QAQ5_xj2MpTVviCE16PNtJykfAx-fM7/view?usp=drivesdk,binary,RESEARCH_SOURCE_CHECK_STATUS,371e7f8a7ea1d13a269b8bcf0ae0879a48d322989668a4a37678310819c72e90-original,EXACT RAW BYTES VERIFIED — SHA-256 match,13QAQ5_xj2MpTVviCE16PNtJykfAx-fM7
DATA READING COPY MANIFEST_AUDIT.json [3bc1e17b1e87],https://docs.google.com/spreadsheets/d/1NFmvgda357hVs3gVwJuNYFZTA2zjdGPr2a824rp0aOw/edit?usp=drivesdk,sheet,RESEARCH_SOURCE_CHECK_STATUS,3bc1e17b1e87ed22230fcadf18432dd9a7aefd062b257e585e7615aac6e9d9e1,LOCAL CELLS VERIFIED + NATIVE FIRST/LAST ROWS VERIFIED,1NFmvgda357hVs3gVwJuNYFZTA2zjdGPr2a824rp0aOw
DATA READING COPY q0_machine_composite_candidate.json [3e66e41b3162],https://docs.google.com/spreadsheets/d/1mjDrY9GI0fALn0ILCQPjRDqYtYzO-RbmPBrmsWISQRo/edit?usp=drivesdk,sheet,RESEARCH_SOURCE_CHECK_STATUS,3e66e41b316244d291a0b660c610f61f43d3f3a6c4f55e452a413bb27932a427,LOCAL CELLS VERIFIED + NATIVE FIRST/LAST ROWS VERIFIED,1mjDrY9GI0fALn0ILCQPjRDqYtYzO-RbmPBrmsWISQRo
3f2df007024b_00.pdf,https://drive.google.com/file/d/1ZA5sABM8PGv_f32n6OlP8BJuxLvP2QQE/view?usp=drivesdk,binary,RESEARCH_SOURCE_CHECK_STATUS,3f2df007024b8be303f7b2d475e50b4eb2e4fe511da82500b3aaf95d163f23ee-original,EXACT RAW BYTES VERIFIED — SHA-256 match,1ZA5sABM8PGv_f32n6OlP8BJuxLvP2QQE
3f9fd1ce99ee_page-02.png,https://drive.google.com/file/d/1cGSIt3iOKcBnoWLZ2JWCFBEo3SvHDwG_/view?usp=drivesdk,binary,RESEARCH_SOURCE_CHECK_STATUS,3f9fd1ce99ee23c9665941b2357f03586dd2198224d054b319588b193806ee16,EXACT RAW BYTES VERIFIED — SHA-256 match,1cGSIt3iOKcBnoWLZ2JWCFBEo3SvHDwG_
4180ba10cf71_page-06.png,https://drive.google.com/file/d/1_W9bNtn4aausxwhZ1vMjuUK8l06r5AvM/view?usp=drivesdk,binary,RESEARCH_SOURCE_CHECK_STATUS,4180ba10cf71a26be6795d0fd5a5e12277b6bb9d66593c0384133b88ff733328,EXACT RAW BYTES VERIFIED — SHA-256 match,1_W9bNtn4aausxwhZ1vMjuUK8l06r5AvM
43f893a87459_03.pdf,https://drive.google.com/file/d/1hFErg2Gexn7vvcycjooGRHgs5XGLx6R-/view?usp=drivesdk,binary,RESEARCH_SOURCE_CHECK_STATUS,43f893a874593d2810f46acf35d74a6fefa8b5a8546e906671a07116643c4a24-original,EXACT RAW BYTES VERIFIED — SHA-256 match,1hFErg2Gexn7vvcycjooGRHgs5XGLx6R-
DATA READING COPY FULL_CODE_INDEX.csv [46ac7b976ae5],https://docs.google.com/spreadsheets/d/1h65ZZStzVFPwoajpxjO3ckUunUl9BJev5ZlmVi--LpI/edit?usp=drivesdk,sheet,RESEARCH_SOURCE_CHECK_STATUS,46ac7b976ae5caba23eb3656948aee10bbf83e1fdf05d5a8d25319212a68c66c,LOCAL CELLS VERIFIED + NATIVE FIRST/LAST ROWS VERIFIED,1h65ZZStzVFPwoajpxjO3ckUunUl9BJev5ZlmVi--LpI
READING COPY 03_SIDE24_MANUSCRIPT [4c352f1fd8e4],https://docs.google.com/document/d/1dZyEs2cIVlcgoBhcy5aV17g2jsC4xnNyPdIIcHaV96s/edit?usp=drivesdk,docx,RESEARCH_SOURCE_CHECK_STATUS,4c352f1fd8e4f6614b11bed6fc2aec0f00261f65ae82587b902d394ca55e03a1,EQUATIONS NEED COMPANION — linked notice verified; original retained,1dZyEs2cIVlcgoBhcy5aV17g2jsC4xnNyPdIIcHaV96s
READING COPY 19_P02-LM-007_Uniform_Conditioned_Fifth-Derivative_Supremum_Tail [51f760d45e27],https://docs.google.com/document/d/1mA-X6-zeUL9xbupjHcPB8QE-YEkN0U50Z_Ezt7sxqo8/edit?usp=drivesdk,binary,RESEARCH_SOURCE_CHECK_STATUS,51f760d45e2702ef92e8822141baec5de6e1b0c4f3906637b1f0d9bd383a534d,NATIVE TEXT VERIFIED — original governs layout,1mA-X6-zeUL9xbupjHcPB8QE-YEkN0U50Z_Ezt7sxqo8
DATA READING COPY C104_COUPLED_PERSISTENCE.json [532946ea39a3],https://docs.google.com/spreadsheets/d/1iNyaghp2lC8jG34o8jzBZWJDwqu2qD_auW_AUvbaN08/edit?usp=drivesdk,sheet,RESEARCH_SOURCE_CHECK_STATUS,532946ea39a363f9bd7897ea2fe0d9a17b15ea87f082781e4830b4837da533c2,LOCAL CELLS VERIFIED + NATIVE FIRST/LAST ROWS VERIFIED,1iNyaghp2lC8jG34o8jzBZWJDwqu2qD_auW_AUvbaN08
DATA READING COPY region_M.json [574ba1f4942b],https://docs.google.com/spreadsheets/d/1ryyLysSFWLyMfYbt0EyZZEWESbaWWTzMUmfj4jhsZqA/edit?usp=drivesdk,sheet,RESEARCH_SOURCE_CHECK_STATUS,574ba1f4942bdd8fa518e7329e19d6769e8b68b791c60b04f3cc0406e731df1d,LOCAL CELLS VERIFIED + NATIVE FIRST/LAST ROWS VERIFIED,1ryyLysSFWLyMfYbt0EyZZEWESbaWWTzMUmfj4jhsZqA
READING COPY 05_EC-010_Declared_Convex-Combination_Polynomial_Identities [5f5ab789728a],https://docs.google.com/document/d/1dM1kh_zPcdVx-v4JQ84EiNtByZxBnJ-RN_34meVM3gM/edit?usp=drivesdk,binary,RESEARCH_SOURCE_CHECK_STATUS,5f5ab789728adb5e61544092295f46b2f53c772c0668a55c1de0a4d70287cb7d,NATIVE TEXT VERIFIED — original governs layout,1dM1kh_zPcdVx-v4JQ84EiNtByZxBnJ-RN_34meVM3gM
DATA READING COPY full_med.tsv [5f9b7eff5ecd],https://docs.google.com/spreadsheets/d/1348VqxFnRshgEdEdTDmIsE2xjjCKk3oBquC340FOOBA/edit?usp=drivesdk,sheet,RESEARCH_SOURCE_CHECK_STATUS,5f9b7eff5ecd18c8e7021d096f3521da419c23cc6ee9c060bad8d04f3a9d2c97,LOCAL CELLS VERIFIED + NATIVE FIRST/LAST ROWS VERIFIED,1348VqxFnRshgEdEdTDmIsE2xjjCKk3oBquC340FOOBA
PICKLE STRUCTURE x9_adj.pkl [605f1e260798],https://docs.google.com/spreadsheets/d/18LiGaFfpVR9j4pX7fMr_i_FhDcRSOvh113tt8IAtP5k/edit?usp=drivesdk,sheet,RESEARCH_SOURCE_CHECK_STATUS,605f1e260798496192684671cb465a3941b0e4df1c5bcf2e5328c5a698dbf1ec,LOCAL CELLS VERIFIED + NATIVE FIRST/LAST ROWS VERIFIED,18LiGaFfpVR9j4pX7fMr_i_FhDcRSOvh113tt8IAtP5k
629f200fda80_page-11.png,https://drive.google.com/file/d/1CeQr_SVhps9__qsHZq9dt_iBvgVwzwjf/view?usp=drivesdk,binary,RESEARCH_SOURCE_CHECK_STATUS,629f200fda80a16af7ae9b86d0eadce9a0600d303285a458e8a9ddfad7b01fe7,EXACT RAW BYTES VERIFIED — SHA-256 match,1CeQr_SVhps9__qsHZq9dt_iBvgVwzwjf
66e0b7000ae7_page-14.png,https://drive.google.com/file/d/1Nswq0TKu0Dl1M2u3JZ25Twz-t-Vvr5Q6/view?usp=drivesdk,binary,RESEARCH_SOURCE_CHECK_STATUS,66e0b7000ae7a54b1dc5175f7c16d5837209e08da43e21dccb5dd7d6661cf33e,EXACT RAW BYTES VERIFIED — SHA-256 match,1Nswq0TKu0Dl1M2u3JZ25Twz-t-Vvr5Q6
PICKLE STRUCTURE bigraded tables.pkl [6a82759b0ce3],https://docs.google.com/spreadsheets/d/1UJ68nPy_AM_i3IkWFPV8-FzBHF6jN9lIaiN-udJWcus/edit?usp=drivesdk,sheet,LEGACY_INSPIRATION,6a82759b0ce3c8fc17a4804a13ad37623c87b23fd3c159cc21941afb108394cf,LOCAL CELLS VERIFIED + NATIVE FIRST/LAST ROWS VERIFIED,1UJ68nPy_AM_i3IkWFPV8-FzBHF6jN9lIaiN-udJWcus
READING COPY 09_EC-014_Corrected_Six-Pin_Pair-Frame_Jacobian_and_Contact_Power [6bd3f19b6047],https://docs.google.com/document/d/1zecbtMB6jgR6X5r1mjy7FAMxbyvKAM4-b_P2RZgR6M8/edit?usp=drivesdk,binary,RESEARCH_SOURCE_CHECK_STATUS,6bd3f19b60474294f78ae4aefc63314f1fae6f639cf737d031cb745e91bb078e,NATIVE TEXT VERIFIED — original governs layout,1zecbtMB6jgR6X5r1mjy7FAMxbyvKAM4-b_P2RZgR6M8
READING COPY 05_REPRODUCTION_GUIDE [6ce1e7424a38],https://docs.google.com/document/d/1QtRVFWgKEZgDZqGYAlzpKXcQU9W7uwSdtHJidbCyO-s/edit?usp=drivesdk,docx,RESEARCH_SOURCE_CHECK_STATUS,6ce1e7424a38fd3cebf3b898af952151e83361bb8a4fac58095f8ccb8cab3b20,EQUATIONS NEED COMPANION — linked notice verified; original retained,1QtRVFWgKEZgDZqGYAlzpKXcQU9W7uwSdtHJidbCyO-s
7164078d9c81_page-16.png,https://drive.google.com/file/d/1ATVPyIAuTiUume3_i35iZbao83jDUnxd/view?usp=drivesdk,binary,RESEARCH_SOURCE_CHECK_STATUS,7164078d9c814f33c419ad610ffb66d08451bc7bb22ea5dec20a0f0be4405604,EXACT RAW BYTES VERIFIED — SHA-256 match,1ATVPyIAuTiUume3_i35iZbao83jDUnxd
READING COPY 02A_PRELIMINARY_AI_REVIEW_DISPOSITION [7650137fee8f],https://docs.google.com/document/d/1D-Fl3OF76P5OYAMLjMYc3e8lZx0Kz2w_SRJYbUVhRZM/edit?usp=drivesdk,docx,RESEARCH_SOURCE_CHECK_STATUS,7650137fee8feb72d92eb132444f065d655d421d0b64d3d01643a526a29d95cc,EQUATIONS NEED COMPANION — linked notice verified; original retained,1D-Fl3OF76P5OYAMLjMYc3e8lZx0Kz2w_SRJYbUVhRZM
7a2a2bbf16e5_page-15.png,https://drive.google.com/file/d/12gxr5QiJMdTnt2z6lXLo1PYyLMsflv9s/view?usp=drivesdk,binary,RESEARCH_SOURCE_CHECK_STATUS,7a2a2bbf16e5cda53e5b0f9c6f328095fa28a0c7481d504253aea0df0adfc054,EXACT RAW BYTES VERIFIED — SHA-256 match,12gxr5QiJMdTnt2z6lXLo1PYyLMsflv9s
DATA READING COPY digital_complete.json [7a2b7562ce61],https://docs.google.com/spreadsheets/d/1jPhUrqHj7iCSwG4RCtYx7QRPvSD9CX5fmhYhCGCWgAM/edit?usp=drivesdk,sheet,RESEARCH_SOURCE_CHECK_STATUS,7a2b7562ce614061d3915c70672e8b96f0ae044919e31e3798814058fcc328ab,LOCAL CELLS VERIFIED + NATIVE FIRST/LAST ROWS VERIFIED,1jPhUrqHj7iCSwG4RCtYx7QRPvSD9CX5fmhYhCGCWgAM
7b830f665ecf_page-10.png,https://drive.google.com/file/d/1eiY67md_UuC8-0O0JlYFxahkLAH7clPS/view?usp=drivesdk,binary,RESEARCH_SOURCE_CHECK_STATUS,7b830f665ecf18adbb7b6757e40bb52595ab48b5e131703b87e58c6101bda600,EXACT RAW BYTES VERIFIED — SHA-256 match,1eiY67md_UuC8-0O0JlYFxahkLAH7clPS
READING COPY  DO NOT USE [7e8e056d0ba9],https://docs.google.com/document/d/1yXVbUy0h_KQcxDjLlbGqyERCxtvPD1XsreaJCS7EH1o/edit?usp=drivesdk,docx,RESEARCH_SOURCE_CHECK_STATUS,7e8e056d0ba9d621e5b4ac51925ddd078d200ded95fbe0d6b4973638c9c0e181,NATIVE TEXT VERIFIED — original governs layout,1yXVbUy0h_KQcxDjLlbGqyERCxtvPD1XsreaJCS7EH1o
READING COPY GP_REC_E0_CONVERSION_READINESS_2026-08-02 [80b64b64ff9c],https://docs.google.com/document/d/1F5I8t3a24jOLW7QbQNgdDeUwWwqUGENeQtu0PPKYre4/edit?usp=drivesdk,docx,RESEARCH_SOURCE_CHECK_STATUS,80b64b64ff9c22138daaf576cbd3e58d3a45bc54e18b6b61e377e1f7e7cdefa0,NATIVE TEXT VERIFIED — original governs layout,1F5I8t3a24jOLW7QbQNgdDeUwWwqUGENeQtu0PPKYre4
81a479368f70_page-05.png,https://drive.google.com/file/d/1DF3bzKRY3NKjaCXZSE4HzLpwl5goeqHl/view?usp=drivesdk,binary,RESEARCH_SOURCE_CHECK_STATUS,81a479368f70f161f32fb0c1585aed8c665c5fe219712184f6a2f23534e082e9,EXACT RAW BYTES VERIFIED — SHA-256 match,1DF3bzKRY3NKjaCXZSE4HzLpwl5goeqHl
HISTORICAL WORKBOOK REGISTRY_FINAL [820e9866b05b],https://docs.google.com/spreadsheets/d/172bgUWy-76zoCsLjH_zEcemuSuW51MEENMhzq6ah_X4/edit?usp=drivesdk,xlsx,QUARANTINE_OR_HISTORY,820e9866b05b6abc573c65f7ac79c9ee0c338ce19c2a76c3b85fee1fdf5b9c5a,NATIVE WORKBOOK STRUCTURE READ — historical formulas not recalculated,172bgUWy-76zoCsLjH_zEcemuSuW51MEENMhzq6ah_X4
86346f764776_00_READ_ME_FIRST_V5.pdf,https://drive.google.com/file/d/16sy5Ns5FcW8JMOWMxtiHwtOiPui2vvNX/view?usp=drivesdk,binary,RESEARCH_SOURCE_CHECK_STATUS,86346f7647764229cfe4d9ffdb533ffd096dd68ef15d8035e7da8156f2f1c578-original,EXACT RAW BYTES VERIFIED — SHA-256 match,16sy5Ns5FcW8JMOWMxtiHwtOiPui2vvNX
READING COPY 02_EC-006_Planar_Truncated-Normal_Second-Moment_Identity [8900b21da2ec],https://docs.google.com/document/d/1h2kMJvbr7ox82SVzYXAo_burxP63Dm6YesWXGboZfdQ/edit?usp=drivesdk,binary,RESEARCH_SOURCE_CHECK_STATUS,8900b21da2ec7651b1ada1fb1e51b91ecf0fde0b816097ef6aba22ea23fd1c97,NATIVE TEXT VERIFIED — original governs layout,1h2kMJvbr7ox82SVzYXAo_burxP63Dm6YesWXGboZfdQ
READING COPY Text3 [898564274f12],https://docs.google.com/document/d/1g7Cl3vR7ZEM1NVXn6i-fIYKdJfhJsuEIt8xRiueAtZ8/edit?usp=drivesdk,docx,PERSONAL_EARLIER,898564274f120136d56c333d0cb688b250185ce677469f0bb7ab536a437dea69,NATIVE TEXT VERIFIED — original governs layout,1g7Cl3vR7ZEM1NVXn6i-fIYKdJfhJsuEIt8xRiueAtZ8
READING COPY Texts [89a0d969e2b4],https://docs.google.com/document/d/11Zjyeh1CQusa8eP0BfdVUZaB1t5EoEnhZPTqwUCO9BU/edit?usp=drivesdk,docx,PERSONAL_EARLIER,89a0d969e2b4fba196e425137d6b5d6c0dc0ca4ac04f469d6e4fa7e61e52b28d,NATIVE TEXT VERIFIED — original governs layout,11Zjyeh1CQusa8eP0BfdVUZaB1t5EoEnhZPTqwUCO9BU
8c8a4f0352b9_06_GAP_FILL_SUPPLEMENT_V2.pdf,https://drive.google.com/file/d/1sa3ErVDUshlpJF6m7Co7YObrEN1OiUhk/view?usp=drivesdk,binary,RESEARCH_SOURCE_CHECK_STATUS,8c8a4f0352b9b0512805be239aaaa219fbcf6d8bf01855d823fdc65f26f0aeb2-original,EXACT RAW BYTES VERIFIED — SHA-256 match,1sa3ErVDUshlpJF6m7Co7YObrEN1OiUhk
8c9a77ae64aa_05.pdf,https://drive.google.com/file/d/1QMqiu0ELzk2OjkJTgUNz3cBqLCl4Ac6W/view?usp=drivesdk,binary,RESEARCH_SOURCE_CHECK_STATUS,8c9a77ae64aac5849fa36e55d1f3cf5c25823fb24f9547560f81e45af065b514-original,EXACT RAW BYTES VERIFIED — SHA-256 match,1QMqiu0ELzk2OjkJTgUNz3cBqLCl4Ac6W
PICKLE STRUCTURE x0_derivs.pkl [8db2ecc2148f],https://docs.google.com/spreadsheets/d/16wd-1cdBhh41LwziJlJFQk1ppx0b9f34siZKbbj9w7k/edit?usp=drivesdk,sheet,RESEARCH_SOURCE_CHECK_STATUS,8db2ecc2148f76922d918d2d323fb57759dc2da67c0047905bb5df29c405fdf0,FULL NATIVE DATA VERIFIED — every row,16wd-1cdBhh41LwziJlJFQk1ppx0b9f34siZKbbj9w7k
READING COPY  DO NOT USE [91c481ca4619],https://docs.google.com/document/d/1cr0DIii414l4OO1s9QomZdeTa-fop0JzBjDpjsd9myQ/edit?usp=drivesdk,docx,RESEARCH_SOURCE_CHECK_STATUS,91c481ca4619513b58bd9042e1b9dd9a8e42006fa9519289a1bbb934d60fb8df,NATIVE TEXT VERIFIED — original governs layout,1cr0DIii414l4OO1s9QomZdeTa-fop0JzBjDpjsd9myQ
READING COPY 07_form.base [949a4b526f86],https://docs.google.com/document/d/1GaLASiyHSJRE4sY2sc1EGF54utVcSIx25RDuK3cR9ho/edit?usp=drivesdk,binary,RESEARCH_SOURCE_CHECK_STATUS,949a4b526f8631b4ea815dbc1396df7b430adbe4ac9c292dca2c884bbcbfc87f,NATIVE TEXT VERIFIED — original governs layout,1GaLASiyHSJRE4sY2sc1EGF54utVcSIx25RDuK3cR9ho
READING COPY 20_P02-LM-008_Exact_Determinant-Weighted_Palm-Tail_Transfer [98c5f2f2d922],https://docs.google.com/document/d/1thvWeAlOuoqFlTIU1-d59RELWH1hv4Rh-KVfQ70KW-w/edit?usp=drivesdk,binary,RESEARCH_SOURCE_CHECK_STATUS,98c5f2f2d92210df6192424d60f6957b31600a77ec81dad328846c6df16cfc0a,NATIVE TEXT VERIFIED — original governs layout,1thvWeAlOuoqFlTIU1-d59RELWH1hv4Rh-KVfQ70KW-w
DATA READING COPY wedge_mid.tsv [9aae130a4bc6],https://docs.google.com/spreadsheets/d/1PVrjKOZXixR-Y7JbEX_2NsPTQYEiQ4Ikdhfu5X0m080/edit?usp=drivesdk,sheet,RESEARCH_SOURCE_CHECK_STATUS,9aae130a4bc6b4824d7e0d3b1cebdc5a94fe3cce4ae464c10fe0dd1d4cc4b7e5,LOCAL CELLS VERIFIED + NATIVE FIRST/LAST ROWS VERIFIED,1PVrjKOZXixR-Y7JbEX_2NsPTQYEiQ4Ikdhfu5X0m080
READING DECODED CAPSULE BEGIN_FROZEN_REGISTER_ROWS_BASE64 [0f767e7b54c9],https://docs.google.com/document/d/1pQi0AqmmxQEb3RJlVInY_uF3dV56-ELMtEL5U5h0SIs/edit?usp=drivesdk,volume,CAPSULES,CAPSULE_RECOVERED_0f767e7b54c9,TEXT VERIFIED — display whitespace normalization only,1pQi0AqmmxQEb3RJlVInY_uF3dV56-ELMtEL5U5h0SIs
READING DECODED CAPSULE BEGIN_CHECKSUMS_BASE64 [225c81b54c04],https://docs.google.com/document/d/1WI5l4cQVemAQv2Pn6Q639T_d7GFF6yd00OEkE59ApTk/edit?usp=drivesdk,volume,CAPSULES,CAPSULE_RECOVERED_225c81b54c04,TEXT VERIFIED — display whitespace normalization only,1WI5l4cQVemAQv2Pn6Q639T_d7GFF6yd00OEkE59ApTk
READING DECODED CAPSULE GP-DATA-072-v1.0_p02_interval_cone_certificate.py [3001577cf214],https://docs.google.com/document/d/1FFZbuhn60m1jvatfh5xpcGWqpjtSkUOH6DEUMUhEASg/edit?usp=drivesdk,volume,CAPSULES,CAPSULE_RECOVERED_3001577cf214,TEXT VERIFIED — display whitespace normalization only,1FFZbuhn60m1jvatfh5xpcGWqpjtSkUOH6DEUMUhEASg
READING DECODED CAPSULE BEGIN_FULL_RESULT_BASE64 [39e3defddffe],https://docs.google.com/document/d/1ysQF8H7aHueyqnwW7LfR-6e2BdxrOwfR3HgZL8P_rSg/edit?usp=drivesdk,volume,CAPSULES,CAPSULE_RECOVERED_39e3defddffe,TEXT VERIFIED — display whitespace normalization only,1ysQF8H7aHueyqnwW7LfR-6e2BdxrOwfR3HgZL8P_rSg
READING DECODED CAPSULE BEGIN_BASE64_PAYLOAD [3b164dc908bb],https://docs.google.com/document/d/1gro0BVV0c_jX1cWOg7wwNUb1s9lMYBRNmHhCd9PWcKY/edit?usp=drivesdk,volume,CAPSULES,CAPSULE_RECOVERED_3b164dc908bb,TEXT VERIFIED — display whitespace normalization only,1gro0BVV0c_jX1cWOg7wwNUb1s9lMYBRNmHhCd9PWcKY
READING DECODED CAPSULE GP-DATA-218-v1.0_stable_key_guard_result.json [571bde274b3b],https://docs.google.com/document/d/1hfr5leTa4ucQSbbR7yx0zvuDDXglyIPAsgp9TX5Nvlc/edit?usp=drivesdk,volume,CAPSULES,CAPSULE_RECOVERED_571bde274b3b,TEXT VERIFIED — display whitespace normalization only,1hfr5leTa4ucQSbbR7yx0zvuDDXglyIPAsgp9TX5Nvlc
READING DECODED CAPSULE BEGIN_VALIDATION_SUMMARY_BASE64 [58ad2004690c],https://docs.google.com/document/d/1320zl8zGnC-LrOYov2XN38FvERtqWjmbnsh4KIyfrgQ/edit?usp=drivesdk,volume,CAPSULES,CAPSULE_RECOVERED_58ad2004690c,TEXT VERIFIED — display whitespace normalization only,1320zl8zGnC-LrOYov2XN38FvERtqWjmbnsh4KIyfrgQ
READING DECODED CAPSULE BEGIN_BASE64_GP_DATA_054 [7f061dd71032],https://docs.google.com/document/d/1MzFVWV4ujgRK-WQBhr_LnDyrObvB2YaaNvoxeyHPZ-I/edit?usp=drivesdk,volume,CAPSULES,CAPSULE_RECOVERED_7f061dd71032,TEXT VERIFIED — display whitespace normalization only,1MzFVWV4ujgRK-WQBhr_LnDyrObvB2YaaNvoxeyHPZ-I
READING DECODED CAPSULE BEGIN_LINK_VALIDATION_BASE64 [8871f8b5a4d4],https://docs.google.com/document/d/1QN58gMT-JbEj3Sz-HFFiseThIGYIIs99W508oCEJE0Q/edit?usp=drivesdk,volume,CAPSULES,CAPSULE_RECOVERED_8871f8b5a4d4,TEXT VERIFIED — display whitespace normalization only,1QN58gMT-JbEj3Sz-HFFiseThIGYIIs99W508oCEJE0Q
READING DECODED CAPSULE BEGIN_BASE64_PAYLOAD [9077c1afc48e],https://docs.google.com/document/d/10rrBmsdDCn_GsaaiIdbTJMbsHqeVa66oEeHM5wprq4M/edit?usp=drivesdk,volume,CAPSULES,CAPSULE_RECOVERED_9077c1afc48e,TEXT VERIFIED — display whitespace normalization only,10rrBmsdDCn_GsaaiIdbTJMbsHqeVa66oEeHM5wprq4M
READING DECODED CAPSULE dq018_sandbox_result.json [aaef4ba29e50],https://docs.google.com/document/d/1Io_-Givb0Edo8c6M-5uaujRTizbHYa9TlxA6ZSldT2s/edit?usp=drivesdk,volume,CAPSULES,CAPSULE_RECOVERED_aaef4ba29e50,TEXT VERIFIED — display whitespace normalization only,1Io_-Givb0Edo8c6M-5uaujRTizbHYa9TlxA6ZSldT2s
READING DECODED CAPSULE BEGIN_E3_RECONSTRUCTION_RECEIPT_BASE64 [af934e76efa0],https://docs.google.com/document/d/189G2_nX6JDgUqVRBebCkmdeQRzmTP8EoZH8QTuQhHvA/edit?usp=drivesdk,volume,CAPSULES,CAPSULE_RECOVERED_af934e76efa0,TEXT VERIFIED — display whitespace normalization only,189G2_nX6JDgUqVRBebCkmdeQRzmTP8EoZH8QTuQhHvA
READING DECODED CAPSULE BEGIN_ROOT_HASH_RECEIPT_BASE64 [ca1b4c0d55f5],https://docs.google.com/document/d/1xJCFMfpUs7lu8otbdYH4EpIxiv57dhyAzrj-IjWm1cM/edit?usp=drivesdk,volume,CAPSULES,CAPSULE_RECOVERED_ca1b4c0d55f5,TEXT VERIFIED — display whitespace normalization only,1xJCFMfpUs7lu8otbdYH4EpIxiv57dhyAzrj-IjWm1cM
READING DECODED CAPSULE GP-DATA-066-v1.0_p02_interval_certificate.py [f2032c3f1e04],https://docs.google.com/document/d/1MK3jwEFeZflNoQ-xfZ9YtxPeu6VtJWE8wqFoKG1-kuw/edit?usp=drivesdk,volume,CAPSULES,CAPSULE_RECOVERED_f2032c3f1e04,TEXT VERIFIED — display whitespace normalization only,1MK3jwEFeZflNoQ-xfZ9YtxPeu6VtJWE8wqFoKG1-kuw
READING FOUNDATION_HISTORY 001,https://docs.google.com/document/d/152ov2BKa2ZI07tgK_Pehzm6SpRw9Nhw7YXYkaSkshMM/edit?usp=drivesdk,volume,FOUNDATION_HISTORY,FOUNDATION_HISTORY_001,TEXT VERIFIED — display whitespace normalization only,152ov2BKa2ZI07tgK_Pehzm6SpRw9Nhw7YXYkaSkshMM
READING LEGACY_INSPIRATION 001,https://docs.google.com/document/d/1gA-NuCB4-VFoPbbSr3UOGjP-PGvePMNsCLysal4G0qY/edit?usp=drivesdk,volume,LEGACY_INSPIRATION,LEGACY_INSPIRATION_001,TEXT VERIFIED — display whitespace normalization only,1gA-NuCB4-VFoPbbSr3UOGjP-PGvePMNsCLysal4G0qY
READING LEGACY_INSPIRATION 002,https://docs.google.com/document/d/12zY6U2xMZe1DTzetgL7YO8-Qy-Z8C20NJcCqkuwwuz8/edit?usp=drivesdk,volume,LEGACY_INSPIRATION,LEGACY_INSPIRATION_002,TEXT VERIFIED — display whitespace normalization only,12zY6U2xMZe1DTzetgL7YO8-Qy-Z8C20NJcCqkuwwuz8
READING LEGACY_INSPIRATION 003,https://docs.google.com/document/d/1t9tKOEeDEVsZJ3KpwGt3Dxp4oFr0B9749FcaJAXJDpc/edit?usp=drivesdk,volume,LEGACY_INSPIRATION,LEGACY_INSPIRATION_003,TEXT VERIFIED — display whitespace normalization only,1t9tKOEeDEVsZJ3KpwGt3Dxp4oFr0B9749FcaJAXJDpc
READING LEGACY_INSPIRATION 004,https://docs.google.com/document/d/115gm2zt1tt_8ltuWabyRvQS5ZiLdyYij9RfCmWRAXsk/edit?usp=drivesdk,volume,LEGACY_INSPIRATION,LEGACY_INSPIRATION_004,TEXT VERIFIED — display whitespace normalization only,115gm2zt1tt_8ltuWabyRvQS5ZiLdyYij9RfCmWRAXsk
READING LEGACY_INSPIRATION 005,https://docs.google.com/document/d/1z6ptLjxuCFOaUKETWAkMvCWkQXGgSYZDBFfmOhHdXyQ/edit?usp=drivesdk,volume,LEGACY_INSPIRATION,LEGACY_INSPIRATION_005,TEXT VERIFIED — display whitespace normalization only,1z6ptLjxuCFOaUKETWAkMvCWkQXGgSYZDBFfmOhHdXyQ
READING LEGACY_INSPIRATION 006,https://docs.google.com/document/d/1c2M2PXoyxQEmywQl7oinc2tDoWr_d9yDVYdi9KqiEBM/edit?usp=drivesdk,volume,LEGACY_INSPIRATION,LEGACY_INSPIRATION_006,TEXT VERIFIED — display whitespace normalization only,1c2M2PXoyxQEmywQl7oinc2tDoWr_d9yDVYdi9KqiEBM
READING LEGACY_INSPIRATION 007,https://docs.google.com/document/d/1w77a6wl_08d4ps7FYM3tjd_CcdBDD8oA09pIVBVzt9A/edit?usp=drivesdk,volume,LEGACY_INSPIRATION,LEGACY_INSPIRATION_007,TEXT VERIFIED — display whitespace normalization only,1w77a6wl_08d4ps7FYM3tjd_CcdBDD8oA09pIVBVzt9A
READING LEGACY_INSPIRATION 008,https://docs.google.com/document/d/1GKQXnd-JtaBWSDq3gcwma0mLJrta9lTkG9b4CPg7tnQ/edit?usp=drivesdk,volume,LEGACY_INSPIRATION,LEGACY_INSPIRATION_008,TEXT VERIFIED — display whitespace normalization only,1GKQXnd-JtaBWSDq3gcwma0mLJrta9lTkG9b4CPg7tnQ
READING LEGACY_INSPIRATION 009,https://docs.google.com/document/d/10-eN35KAsQk6r4bG8ylDluwEd5-2Ozzt_c-27H_0k70/edit?usp=drivesdk,volume,LEGACY_INSPIRATION,LEGACY_INSPIRATION_009,TEXT VERIFIED — display whitespace normalization only,10-eN35KAsQk6r4bG8ylDluwEd5-2Ozzt_c-27H_0k70
READING LEGACY_INSPIRATION 010,https://docs.google.com/document/d/1bE1gNuO9SXT8dFU7HF4HT6SMAtHVVwnzUlUpjH_K0Lg/edit?usp=drivesdk,volume,LEGACY_INSPIRATION,LEGACY_INSPIRATION_010,TEXT VERIFIED — display whitespace normalization only,1bE1gNuO9SXT8dFU7HF4HT6SMAtHVVwnzUlUpjH_K0Lg
READING MULTIPLE_CONTEXTS 001,https://docs.google.com/document/d/1_d5E45_ncO899XCqJNBfubeYS-aj1N8IsTnBLohsD6k/edit?usp=drivesdk,volume,MULTIPLE_CONTEXTS,MULTIPLE_CONTEXTS_001,TEXT VERIFIED — display whitespace normalization only,1_d5E45_ncO899XCqJNBfubeYS-aj1N8IsTnBLohsD6k
READING MULTIPLE_CONTEXTS 002,https://docs.google.com/document/d/1KpQC8ko9S4XBPa3uVmWdET-jMBapsDX6A5V29wqwYzM/edit?usp=drivesdk,volume,MULTIPLE_CONTEXTS,MULTIPLE_CONTEXTS_002,TEXT VERIFIED — display whitespace normalization only,1KpQC8ko9S4XBPa3uVmWdET-jMBapsDX6A5V29wqwYzM
READING MULTIPLE_CONTEXTS 003,https://docs.google.com/document/d/1RaTFvjw_IcIESI7tEe5_lRiiP16fMTeytcTO9IP0Kbg/edit?usp=drivesdk,volume,MULTIPLE_CONTEXTS,MULTIPLE_CONTEXTS_003,TEXT VERIFIED — display whitespace normalization only,1RaTFvjw_IcIESI7tEe5_lRiiP16fMTeytcTO9IP0Kbg
READING OPERATIONS 001,https://docs.google.com/document/d/1jUT2hLHZMQPZdWtHkxYO_jbFGbIgdI4usrTagV6U_H0/edit?usp=drivesdk,volume,OPERATIONS,OPERATIONS_001,TEXT VERIFIED — display whitespace normalization only,1jUT2hLHZMQPZdWtHkxYO_jbFGbIgdI4usrTagV6U_H0
READING OPERATIONS 002,https://docs.google.com/document/d/1VIEYRdreQ-ge_ffOFDK3VrK4BBop0YHOzP5s9Zaw-LY/edit?usp=drivesdk,volume,OPERATIONS,OPERATIONS_002,TEXT VERIFIED — display whitespace normalization only,1VIEYRdreQ-ge_ffOFDK3VrK4BBop0YHOzP5s9Zaw-LY
READING OPERATIONS 003,https://docs.google.com/document/d/1VGAV8carf1mj7TM5K3MbYZ2x1CkiMcRGMeJTVNUuO04/edit?usp=drivesdk,volume,OPERATIONS,OPERATIONS_003,TEXT VERIFIED — display whitespace normalization only,1VGAV8carf1mj7TM5K3MbYZ2x1CkiMcRGMeJTVNUuO04
READING OPERATIONS 004,https://docs.google.com/document/d/1RV0TLvEwuoNtUzxs-kqhnZ1R_VrgMSfcXsYrr1h2tEQ/edit?usp=drivesdk,volume,OPERATIONS,OPERATIONS_004,TEXT VERIFIED — display whitespace normalization only,1RV0TLvEwuoNtUzxs-kqhnZ1R_VrgMSfcXsYrr1h2tEQ
READING PERSONAL_EARLIER 001,https://docs.google.com/document/d/13_i11ufM9DRRilgPYpbBr4vXoxaNtjIJLcbnQ7JkuWo/edit?usp=drivesdk,volume,PERSONAL_EARLIER,PERSONAL_EARLIER_001,TEXT VERIFIED — display whitespace normalization only,13_i11ufM9DRRilgPYpbBr4vXoxaNtjIJLcbnQ7JkuWo
READING QUARANTINE_OR_HISTORY 001,https://docs.google.com/document/d/16X2ARjcfikgU6laVvoDuviP7RdyA_TWawqWS3wIBtwE/edit?usp=drivesdk,volume,QUARANTINE_OR_HISTORY,QUARANTINE_OR_HISTORY_001,TEXT VERIFIED — display whitespace normalization only,16X2ARjcfikgU6laVvoDuviP7RdyA_TWawqWS3wIBtwE
READING QUARANTINE_OR_HISTORY 002,https://docs.google.com/document/d/15Pg5jrZmJP8IBJA0-s9pjoGg_rC6EQcToTnvjGH1D84/edit?usp=drivesdk,volume,QUARANTINE_OR_HISTORY,QUARANTINE_OR_HISTORY_002,TEXT VERIFIED — display whitespace normalization only,15Pg5jrZmJP8IBJA0-s9pjoGg_rC6EQcToTnvjGH1D84
READING QUARANTINE_OR_HISTORY 003,https://docs.google.com/document/d/1zaP3fwSHm80NJT0MvXQ0n5_Y4PyDp-m8qMXuW5z4oMQ/edit?usp=drivesdk,volume,QUARANTINE_OR_HISTORY,QUARANTINE_OR_HISTORY_003,TEXT VERIFIED — display whitespace normalization only,1zaP3fwSHm80NJT0MvXQ0n5_Y4PyDp-m8qMXuW5z4oMQ
READING QUARANTINE_OR_HISTORY 004,https://docs.google.com/document/d/1sNKqfSd5OC3we38F4wtMnvsf1_3CX3_UDtP1xEWtusw/edit?usp=drivesdk,volume,QUARANTINE_OR_HISTORY,QUARANTINE_OR_HISTORY_004,TEXT VERIFIED — display whitespace normalization only,1sNKqfSd5OC3we38F4wtMnvsf1_3CX3_UDtP1xEWtusw
READING QUARANTINE_OR_HISTORY 005,https://docs.google.com/document/d/1lFCaOIJdj3jaJXpEU0u7umm3Etcl-35O6dk39IHq4rI/edit?usp=drivesdk,volume,QUARANTINE_OR_HISTORY,QUARANTINE_OR_HISTORY_005,TEXT VERIFIED — display whitespace normalization only,1lFCaOIJdj3jaJXpEU0u7umm3Etcl-35O6dk39IHq4rI
READING QUARANTINE_OR_HISTORY 006,https://docs.google.com/document/d/17qh3pJecJ_-_ar_Ro9DabUKrkpoaG4L8yw9g7aklNSc/edit?usp=drivesdk,volume,QUARANTINE_OR_HISTORY,QUARANTINE_OR_HISTORY_006,TEXT VERIFIED — display whitespace normalization only,17qh3pJecJ_-_ar_Ro9DabUKrkpoaG4L8yw9g7aklNSc
READING QUARANTINE_OR_HISTORY 007,https://docs.google.com/document/d/1uEFgqUmfTsUbi1JlyeBLT_lAdR7qHT83LLEkrh9DNp8/edit?usp=drivesdk,volume,QUARANTINE_OR_HISTORY,QUARANTINE_OR_HISTORY_007,TEXT VERIFIED — display whitespace normalization only,1uEFgqUmfTsUbi1JlyeBLT_lAdR7qHT83LLEkrh9DNp8
READING QUARANTINE_OR_HISTORY 008,https://docs.google.com/document/d/1mHVDqSkvFTB93Kk0IH4oHeX94sTMHed0QD6pGBaaBs4/edit?usp=drivesdk,volume,QUARANTINE_OR_HISTORY,QUARANTINE_OR_HISTORY_008,TEXT VERIFIED — display whitespace normalization only,1mHVDqSkvFTB93Kk0IH4oHeX94sTMHed0QD6pGBaaBs4
READING QUARANTINE_OR_HISTORY 009,https://docs.google.com/document/d/1q4MDWWN4QIF9bVjlwhHfJ9S0usJTnoT__MeQFZhBJpw/edit?usp=drivesdk,volume,QUARANTINE_OR_HISTORY,QUARANTINE_OR_HISTORY_009,TEXT VERIFIED — display whitespace normalization only,1q4MDWWN4QIF9bVjlwhHfJ9S0usJTnoT__MeQFZhBJpw
READING QUARANTINE_OR_HISTORY 010,https://docs.google.com/document/d/1YBzbnlM49rvHjenlT7YF7-nGRfm4jzkrVIeltWyEYl8/edit?usp=drivesdk,volume,QUARANTINE_OR_HISTORY,QUARANTINE_OR_HISTORY_010,TEXT VERIFIED — display whitespace normalization only,1YBzbnlM49rvHjenlT7YF7-nGRfm4jzkrVIeltWyEYl8
READING QUARANTINE_OR_HISTORY 011,https://docs.google.com/document/d/1DftcC3xJrzwMcef27UnYR16SvSEJG3FeWeCvSH1_uZ8/edit?usp=drivesdk,volume,QUARANTINE_OR_HISTORY,QUARANTINE_OR_HISTORY_011,TEXT VERIFIED — display whitespace normalization only,1DftcC3xJrzwMcef27UnYR16SvSEJG3FeWeCvSH1_uZ8
READING QUARANTINE_OR_HISTORY 012,https://docs.google.com/document/d/1fID5G4CfFipA0iDVTqp2I38RLc_gKUJIPJf86VHZJjQ/edit?usp=drivesdk,volume,QUARANTINE_OR_HISTORY,QUARANTINE_OR_HISTORY_012,TEXT VERIFIED — display whitespace normalization only,1fID5G4CfFipA0iDVTqp2I38RLc_gKUJIPJf86VHZJjQ
READING QUARANTINE_OR_HISTORY 013,https://docs.google.com/document/d/1_b90JU1ALHJDrtag91ULBaBRzRNP-bvi3BKbLx4JSlM/edit?usp=drivesdk,volume,QUARANTINE_OR_HISTORY,QUARANTINE_OR_HISTORY_013,TEXT VERIFIED — display whitespace normalization only,1_b90JU1ALHJDrtag91ULBaBRzRNP-bvi3BKbLx4JSlM
READING QUARANTINE_OR_HISTORY 014,https://docs.google.com/document/d/1FSPqtkUhcReoEiB0hvcJW8nq6RGU1LBhs5TOSgWGl14/edit?usp=drivesdk,volume,QUARANTINE_OR_HISTORY,QUARANTINE_OR_HISTORY_014,TEXT VERIFIED — display whitespace normalization only,1FSPqtkUhcReoEiB0hvcJW8nq6RGU1LBhs5TOSgWGl14
READING QUARANTINE_OR_HISTORY 015,https://docs.google.com/document/d/1vuU318t_rmB9DIj0_8Jriu3xHy7PpP7XcU6GA5B1rSk/edit?usp=drivesdk,volume,QUARANTINE_OR_HISTORY,QUARANTINE_OR_HISTORY_015,TEXT VERIFIED — display whitespace normalization only,1vuU318t_rmB9DIj0_8Jriu3xHy7PpP7XcU6GA5B1rSk
READING QUARANTINE_OR_HISTORY 016,https://docs.google.com/document/d/1cz0CQIIZ7r9bf4Zn_xALUfJRU_AqWqlSS2CXLq0nkqo/edit?usp=drivesdk,volume,QUARANTINE_OR_HISTORY,QUARANTINE_OR_HISTORY_016,TEXT VERIFIED — display whitespace normalization only,1cz0CQIIZ7r9bf4Zn_xALUfJRU_AqWqlSS2CXLq0nkqo
READING QUARANTINE_OR_HISTORY 017,https://docs.google.com/document/d/1so6dVeIMX2GHJ-V5Gup0Z2EAUnjkEbG1ylCbnKVXkE4/edit?usp=drivesdk,volume,QUARANTINE_OR_HISTORY,QUARANTINE_OR_HISTORY_017,TEXT VERIFIED — display whitespace normalization only,1so6dVeIMX2GHJ-V5Gup0Z2EAUnjkEbG1ylCbnKVXkE4
READING QUARANTINE_OR_HISTORY 018,https://docs.google.com/document/d/1jFSvZfN5Vjchgy8uq_uABOz3p6CqaZ4zEa7DrPAcFPg/edit?usp=drivesdk,volume,QUARANTINE_OR_HISTORY,QUARANTINE_OR_HISTORY_018,TEXT VERIFIED — display whitespace normalization only,1jFSvZfN5Vjchgy8uq_uABOz3p6CqaZ4zEa7DrPAcFPg
READING QUARANTINE_OR_HISTORY 019,https://docs.google.com/document/d/1umMQCoUEyMOZP59sX19oJq9LowHkfJX5AqUADP0nljQ/edit?usp=drivesdk,volume,QUARANTINE_OR_HISTORY,QUARANTINE_OR_HISTORY_019,TEXT VERIFIED — display whitespace normalization only,1umMQCoUEyMOZP59sX19oJq9LowHkfJX5AqUADP0nljQ
READING RESEARCH_SOURCE_CHECK_STATUS 001,https://docs.google.com/document/d/1ar0PJeGCCdxirH9e_pwrv6VxERT5PILkQzI-bEXPp9I/edit?usp=drivesdk,volume,RESEARCH_SOURCE_CHECK_STATUS,RESEARCH_SOURCE_CHECK_STATUS_001,TEXT VERIFIED — display whitespace normalization only,1ar0PJeGCCdxirH9e_pwrv6VxERT5PILkQzI-bEXPp9I
READING RESEARCH_SOURCE_CHECK_STATUS 002,https://docs.google.com/document/d/1Y16rkFsf8Jtn88FldRVJ1ajOgXzxgo46hNcdnFeogKU/edit?usp=drivesdk,volume,RESEARCH_SOURCE_CHECK_STATUS,RESEARCH_SOURCE_CHECK_STATUS_002,TEXT VERIFIED — display whitespace normalization only,1Y16rkFsf8Jtn88FldRVJ1ajOgXzxgo46hNcdnFeogKU
READING RESEARCH_SOURCE_CHECK_STATUS 003,https://docs.google.com/document/d/197Ws66oym11cOBS-V1CSGzU3dgQ7elxHmbVQ67jCZiE/edit?usp=drivesdk,volume,RESEARCH_SOURCE_CHECK_STATUS,RESEARCH_SOURCE_CHECK_STATUS_003,TEXT VERIFIED — display whitespace normalization only,197Ws66oym11cOBS-V1CSGzU3dgQ7elxHmbVQ67jCZiE
READING RESEARCH_SOURCE_CHECK_STATUS 004,https://docs.google.com/document/d/1eBSk89iGY0w4YLSPYnUNlMgdkHEnLXC9wvoewTFirgc/edit?usp=drivesdk,volume,RESEARCH_SOURCE_CHECK_STATUS,RESEARCH_SOURCE_CHECK_STATUS_004,TEXT VERIFIED — display whitespace normalization only,1eBSk89iGY0w4YLSPYnUNlMgdkHEnLXC9wvoewTFirgc
READING RESEARCH_SOURCE_CHECK_STATUS 005,https://docs.google.com/document/d/1hkqV09GQosOACdjAWVpN1fMUSvvahvjjA0j5_W5CAIA/edit?usp=drivesdk,volume,RESEARCH_SOURCE_CHECK_STATUS,RESEARCH_SOURCE_CHECK_STATUS_005,TEXT VERIFIED — display whitespace normalization only,1hkqV09GQosOACdjAWVpN1fMUSvvahvjjA0j5_W5CAIA
READING RESEARCH_SOURCE_CHECK_STATUS 006,https://docs.google.com/document/d/1NKVjviNMq8loFvM8isAFGYrTKbVqUaLe_O2JD4MYJJ0/edit?usp=drivesdk,volume,RESEARCH_SOURCE_CHECK_STATUS,RESEARCH_SOURCE_CHECK_STATUS_006,TEXT VERIFIED — display whitespace normalization only,1NKVjviNMq8loFvM8isAFGYrTKbVqUaLe_O2JD4MYJJ0
READING RESEARCH_SOURCE_CHECK_STATUS 007,https://docs.google.com/document/d/1b2-7J_kxW2Y8lxqBn9lFDHEIN3yp0UuFrkzWjCZDvuM/edit?usp=drivesdk,volume,RESEARCH_SOURCE_CHECK_STATUS,RESEARCH_SOURCE_CHECK_STATUS_007,TEXT VERIFIED — display whitespace normalization only,1b2-7J_kxW2Y8lxqBn9lFDHEIN3yp0UuFrkzWjCZDvuM
READING RESEARCH_SOURCE_CHECK_STATUS 008,https://docs.google.com/document/d/1MLuOU01xAPy8I6dXRVlNYZesYeCcSlgIfEzT5uIlJUA/edit?usp=drivesdk,volume,RESEARCH_SOURCE_CHECK_STATUS,RESEARCH_SOURCE_CHECK_STATUS_008,TEXT VERIFIED — display whitespace normalization only,1MLuOU01xAPy8I6dXRVlNYZesYeCcSlgIfEzT5uIlJUA
READING RESEARCH_SOURCE_CHECK_STATUS 009,https://docs.google.com/document/d/1tQByhQf1s759o072rDRn9LZr5c8Tv8WngFfeCdqm3KE/edit?usp=drivesdk,volume,RESEARCH_SOURCE_CHECK_STATUS,RESEARCH_SOURCE_CHECK_STATUS_009,TEXT VERIFIED — display whitespace normalization only,1tQByhQf1s759o072rDRn9LZr5c8Tv8WngFfeCdqm3KE
READING RESEARCH_SOURCE_CHECK_STATUS 010,https://docs.google.com/document/d/1pYIdeCyVnxjZIpaBknSON6a-1c06iuTy8jXybgLBZb4/edit?usp=drivesdk,volume,RESEARCH_SOURCE_CHECK_STATUS,RESEARCH_SOURCE_CHECK_STATUS_010,TEXT VERIFIED — display whitespace normalization only,1pYIdeCyVnxjZIpaBknSON6a-1c06iuTy8jXybgLBZb4
READING RESEARCH_SOURCE_CHECK_STATUS 011,https://docs.google.com/document/d/1Kcv1HNyamSitxEy9-aHQLFKkkdui3cTCL6ecFiWjHHA/edit?usp=drivesdk,volume,RESEARCH_SOURCE_CHECK_STATUS,RESEARCH_SOURCE_CHECK_STATUS_011,TEXT VERIFIED — display whitespace normalization only,1Kcv1HNyamSitxEy9-aHQLFKkkdui3cTCL6ecFiWjHHA
READING RESEARCH_SOURCE_CHECK_STATUS 012,https://docs.google.com/document/d/1hl4C9pPyittYbido24JeBvEfTCrf0oy6mNm1BSwSaVU/edit?usp=drivesdk,volume,RESEARCH_SOURCE_CHECK_STATUS,RESEARCH_SOURCE_CHECK_STATUS_012,TEXT VERIFIED — display whitespace normalization only,1hl4C9pPyittYbido24JeBvEfTCrf0oy6mNm1BSwSaVU
READING RESEARCH_SOURCE_CHECK_STATUS 013,https://docs.google.com/document/d/14d4ttyVmTIaTXY1GC0sosdI85J4LqteRWiCWN-_NG8w/edit?usp=drivesdk,volume,RESEARCH_SOURCE_CHECK_STATUS,RESEARCH_SOURCE_CHECK_STATUS_013,TEXT VERIFIED — display whitespace normalization only,14d4ttyVmTIaTXY1GC0sosdI85J4LqteRWiCWN-_NG8w
READING RESEARCH_SOURCE_CHECK_STATUS 014,https://docs.google.com/document/d/16PXo8HGd6HsTPZtNcNYj1WTz-8u3FNvz0wD2UCQIUdw/edit?usp=drivesdk,volume,RESEARCH_SOURCE_CHECK_STATUS,RESEARCH_SOURCE_CHECK_STATUS_014,TEXT VERIFIED — display whitespace normalization only,16PXo8HGd6HsTPZtNcNYj1WTz-8u3FNvz0wD2UCQIUdw
READING RESEARCH_SOURCE_CHECK_STATUS 015,https://docs.google.com/document/d/15BE7kGsD0f2Ak91zrQd9h9LFYjFF5UkwKEw3a01WT04/edit?usp=drivesdk,volume,RESEARCH_SOURCE_CHECK_STATUS,RESEARCH_SOURCE_CHECK_STATUS_015,TEXT VERIFIED — display whitespace normalization only,15BE7kGsD0f2Ak91zrQd9h9LFYjFF5UkwKEw3a01WT04
READING RESEARCH_SOURCE_CHECK_STATUS 016,https://docs.google.com/document/d/1fTDq6tYjdZ06K0PZCOCIO7WUnS0C2kaodOuTW27qdbo/edit?usp=drivesdk,volume,RESEARCH_SOURCE_CHECK_STATUS,RESEARCH_SOURCE_CHECK_STATUS_016,TEXT VERIFIED — display whitespace normalization only,1fTDq6tYjdZ06K0PZCOCIO7WUnS0C2kaodOuTW27qdbo
READING RESEARCH_SOURCE_CHECK_STATUS 017,https://docs.google.com/document/d/1ss_uNHkOwIJw1b97mDcvZnTuZ40ns_UwcGCyNUvq3LE/edit?usp=drivesdk,volume,RESEARCH_SOURCE_CHECK_STATUS,RESEARCH_SOURCE_CHECK_STATUS_017,TEXT VERIFIED — display whitespace normalization only,1ss_uNHkOwIJw1b97mDcvZnTuZ40ns_UwcGCyNUvq3LE
READING RESEARCH_SOURCE_CHECK_STATUS 018,https://docs.google.com/document/d/1xJOBkmLaa6BdbakX4OY6vznJsjrUKE7J2ePS04XBb9I/edit?usp=drivesdk,volume,RESEARCH_SOURCE_CHECK_STATUS,RESEARCH_SOURCE_CHECK_STATUS_018,TEXT VERIFIED — display whitespace normalization only,1xJOBkmLaa6BdbakX4OY6vznJsjrUKE7J2ePS04XBb9I
READING RESEARCH_SOURCE_CHECK_STATUS 019,https://docs.google.com/document/d/1gw9oqTRZ5P7K7xU7LSrUWxLI5BdYpDw1PhIqpkZIvuI/edit?usp=drivesdk,volume,RESEARCH_SOURCE_CHECK_STATUS,RESEARCH_SOURCE_CHECK_STATUS_019,TEXT VERIFIED — display whitespace normalization only,1gw9oqTRZ5P7K7xU7LSrUWxLI5BdYpDw1PhIqpkZIvuI
READING RESEARCH_SOURCE_CHECK_STATUS 020,https://docs.google.com/document/d/1WUAHpWNuRpv9JSz3t9r7p9M7YyjR0vCcwjKlvlqD2m8/edit?usp=drivesdk,volume,RESEARCH_SOURCE_CHECK_STATUS,RESEARCH_SOURCE_CHECK_STATUS_020,TEXT VERIFIED — display whitespace normalization only,1WUAHpWNuRpv9JSz3t9r7p9M7YyjR0vCcwjKlvlqD2m8
READING RESEARCH_SOURCE_CHECK_STATUS 021,https://docs.google.com/document/d/1hGef4Bk1VkDJsp4xrFrGQsWc33pnb3hfx6dCgQMY3rA/edit?usp=drivesdk,volume,RESEARCH_SOURCE_CHECK_STATUS,RESEARCH_SOURCE_CHECK_STATUS_021,TEXT VERIFIED — display whitespace normalization only,1hGef4Bk1VkDJsp4xrFrGQsWc33pnb3hfx6dCgQMY3rA
READING RESEARCH_SOURCE_CHECK_STATUS 022,https://docs.google.com/document/d/187P2To8VPNfzPgT68gXO_NekV8Loc9iTzIt-iF_cr6c/edit?usp=drivesdk,volume,RESEARCH_SOURCE_CHECK_STATUS,RESEARCH_SOURCE_CHECK_STATUS_022,TEXT VERIFIED — display whitespace normalization only,187P2To8VPNfzPgT68gXO_NekV8Loc9iTzIt-iF_cr6c
READING RESEARCH_SOURCE_CHECK_STATUS 023,https://docs.google.com/document/d/1l85kzRLYvHQkhBmXghhYkJKRjSGu1wIvjURwWdQNAW0/edit?usp=drivesdk,volume,RESEARCH_SOURCE_CHECK_STATUS,RESEARCH_SOURCE_CHECK_STATUS_023,TEXT VERIFIED — display whitespace normalization only,1l85kzRLYvHQkhBmXghhYkJKRjSGu1wIvjURwWdQNAW0
READING RESEARCH_SOURCE_CHECK_STATUS 024,https://docs.google.com/document/d/1C2iRKYmwyc5osiiom04qLuqx58rJpKdLMx5zuPz2caw/edit?usp=drivesdk,volume,RESEARCH_SOURCE_CHECK_STATUS,RESEARCH_SOURCE_CHECK_STATUS_024,TEXT VERIFIED — display whitespace normalization only,1C2iRKYmwyc5osiiom04qLuqx58rJpKdLMx5zuPz2caw
READING RESEARCH_SOURCE_CHECK_STATUS 025,https://docs.google.com/document/d/1n5nsDOf_2gE2zEcZtp0FC3X0JliJusegSYR57qkqleE/edit?usp=drivesdk,volume,RESEARCH_SOURCE_CHECK_STATUS,RESEARCH_SOURCE_CHECK_STATUS_025,TEXT VERIFIED — display whitespace normalization only,1n5nsDOf_2gE2zEcZtp0FC3X0JliJusegSYR57qkqleE
READING RESEARCH_SOURCE_CHECK_STATUS 026,https://docs.google.com/document/d/1utbdshGcLI52-gbU35Q7dknx03ABdgxNRZuI92fUWOA/edit?usp=drivesdk,volume,RESEARCH_SOURCE_CHECK_STATUS,RESEARCH_SOURCE_CHECK_STATUS_026,TEXT VERIFIED — display whitespace normalization only,1utbdshGcLI52-gbU35Q7dknx03ABdgxNRZuI92fUWOA
READING RESEARCH_SOURCE_CHECK_STATUS 027,https://docs.google.com/document/d/14GaJfDg5YpguOLtGLCPr8M51_kgI33uzHmfKpwvsf0s/edit?usp=drivesdk,volume,RESEARCH_SOURCE_CHECK_STATUS,RESEARCH_SOURCE_CHECK_STATUS_027,TEXT VERIFIED — display whitespace normalization only,14GaJfDg5YpguOLtGLCPr8M51_kgI33uzHmfKpwvsf0s
READING RESEARCH_SOURCE_CHECK_STATUS 028,https://docs.google.com/document/d/1qeMws7UWe2lvDGrvrG77Scg0wLq9IEc-Atd27RTyjU4/edit?usp=drivesdk,volume,RESEARCH_SOURCE_CHECK_STATUS,RESEARCH_SOURCE_CHECK_STATUS_028,TEXT VERIFIED — display whitespace normalization only,1qeMws7UWe2lvDGrvrG77Scg0wLq9IEc-Atd27RTyjU4
READING RESEARCH_SOURCE_CHECK_STATUS 029,https://docs.google.com/document/d/1G0fnuXXsNmIo7MM56adm9yV5kUca0ZVP33zSRZ1ll2o/edit?usp=drivesdk,volume,RESEARCH_SOURCE_CHECK_STATUS,RESEARCH_SOURCE_CHECK_STATUS_029,TEXT VERIFIED — display whitespace normalization only,1G0fnuXXsNmIo7MM56adm9yV5kUca0ZVP33zSRZ1ll2o
READING RESEARCH_SOURCE_CHECK_STATUS 030,https://docs.google.com/document/d/1GXNyFgFHmwsNSX3VLFf30krQ6j24bktkS5snr1j_zUs/edit?usp=drivesdk,volume,RESEARCH_SOURCE_CHECK_STATUS,RESEARCH_SOURCE_CHECK_STATUS_030,TEXT VERIFIED — display whitespace normalization only,1GXNyFgFHmwsNSX3VLFf30krQ6j24bktkS5snr1j_zUs
READING RESEARCH_SOURCE_CHECK_STATUS 031,https://docs.google.com/document/d/1BEKllrvwq7QCx1yd1sC9NlHESHzqq7BXiGdQkSV-NXM/edit?usp=drivesdk,volume,RESEARCH_SOURCE_CHECK_STATUS,RESEARCH_SOURCE_CHECK_STATUS_031,TEXT VERIFIED — display whitespace normalization only,1BEKllrvwq7QCx1yd1sC9NlHESHzqq7BXiGdQkSV-NXM
READING RESEARCH_SOURCE_CHECK_STATUS 032,https://docs.google.com/document/d/12NaXNOLc3tYAVPg_3EBKDUTR1SQT4yzAr5hLjCxJ6Ws/edit?usp=drivesdk,volume,RESEARCH_SOURCE_CHECK_STATUS,RESEARCH_SOURCE_CHECK_STATUS_032,TEXT VERIFIED — display whitespace normalization only,12NaXNOLc3tYAVPg_3EBKDUTR1SQT4yzAr5hLjCxJ6Ws
READING RESEARCH_SOURCE_CHECK_STATUS 033,https://docs.google.com/document/d/1LrAy1YM28AQzgbsUg8b1qBJkWj6M05lsAtQK1JV-VqE/edit?usp=drivesdk,volume,RESEARCH_SOURCE_CHECK_STATUS,RESEARCH_SOURCE_CHECK_STATUS_033,TEXT VERIFIED — display whitespace normalization only,1LrAy1YM28AQzgbsUg8b1qBJkWj6M05lsAtQK1JV-VqE
READING RESEARCH_SOURCE_CHECK_STATUS 034,https://docs.google.com/document/d/1eW7m5Sfefj-xT0Tt9ae6XrFvJbNWsm7AJHUrRLi9hz8/edit?usp=drivesdk,volume,RESEARCH_SOURCE_CHECK_STATUS,RESEARCH_SOURCE_CHECK_STATUS_034,TEXT VERIFIED — display whitespace normalization only,1eW7m5Sfefj-xT0Tt9ae6XrFvJbNWsm7AJHUrRLi9hz8
READING RESEARCH_SOURCE_CHECK_STATUS 035,https://docs.google.com/document/d/1RsKz0LkO4CXczslgSYcudQo6yqiPoY5MFsDOf8974As/edit?usp=drivesdk,volume,RESEARCH_SOURCE_CHECK_STATUS,RESEARCH_SOURCE_CHECK_STATUS_035,TEXT VERIFIED — display whitespace normalization only,1RsKz0LkO4CXczslgSYcudQo6yqiPoY5MFsDOf8974As
READING RESEARCH_SOURCE_CHECK_STATUS 036,https://docs.google.com/document/d/1rU99QmBOhF4ac4JrElo1Zvj1PT5sCNVGdBdYhpVC_IA/edit?usp=drivesdk,volume,RESEARCH_SOURCE_CHECK_STATUS,RESEARCH_SOURCE_CHECK_STATUS_036,TEXT VERIFIED — display whitespace normalization only,1rU99QmBOhF4ac4JrElo1Zvj1PT5sCNVGdBdYhpVC_IA
READING RESEARCH_SOURCE_CHECK_STATUS 037,https://docs.google.com/document/d/19wZzpCTvkxMOsEcos6ivABdznMgPQUPYOAuYnHlSxuU/edit?usp=drivesdk,volume,RESEARCH_SOURCE_CHECK_STATUS,RESEARCH_SOURCE_CHECK_STATUS_037,TEXT VERIFIED — display whitespace normalization only,19wZzpCTvkxMOsEcos6ivABdznMgPQUPYOAuYnHlSxuU
READING RESEARCH_SOURCE_CHECK_STATUS 038,https://docs.google.com/document/d/1wlb1I7JwA4LYjshBaPFm7UTcGziVjeq-MG7yZ0lxz4k/edit?usp=drivesdk,volume,RESEARCH_SOURCE_CHECK_STATUS,RESEARCH_SOURCE_CHECK_STATUS_038,TEXT VERIFIED — display whitespace normalization only,1wlb1I7JwA4LYjshBaPFm7UTcGziVjeq-MG7yZ0lxz4k
READING RESEARCH_SOURCE_CHECK_STATUS 039,https://docs.google.com/document/d/1jAnwXm6ukXJJs490UQL38AwwUddgvhxY78_DO0_arao/edit?usp=drivesdk,volume,RESEARCH_SOURCE_CHECK_STATUS,RESEARCH_SOURCE_CHECK_STATUS_039,TEXT VERIFIED — display whitespace normalization only,1jAnwXm6ukXJJs490UQL38AwwUddgvhxY78_DO0_arao
READING RESEARCH_SOURCE_CHECK_STATUS 040,https://docs.google.com/document/d/1rjIdxXViK1-br1wjhv3Qx8AD0B79_M9W172-cF5j2QI/edit?usp=drivesdk,volume,RESEARCH_SOURCE_CHECK_STATUS,RESEARCH_SOURCE_CHECK_STATUS_040,TEXT VERIFIED — display whitespace normalization only,1rjIdxXViK1-br1wjhv3Qx8AD0B79_M9W172-cF5j2QI
READING RESEARCH_SOURCE_CHECK_STATUS 041,https://docs.google.com/document/d/1PeY1ylU93tU7f-SdxxQsYzyYU1x9x1NTomNc0UDJC7o/edit?usp=drivesdk,volume,RESEARCH_SOURCE_CHECK_STATUS,RESEARCH_SOURCE_CHECK_STATUS_041,TEXT VERIFIED — display whitespace normalization only,1PeY1ylU93tU7f-SdxxQsYzyYU1x9x1NTomNc0UDJC7o
READING RESEARCH_SOURCE_CHECK_STATUS 042,https://docs.google.com/document/d/1YRMPQFnzODwL-4Pn0ERnB-M5PklXxeH5g-uOFEjuAYk/edit?usp=drivesdk,volume,RESEARCH_SOURCE_CHECK_STATUS,RESEARCH_SOURCE_CHECK_STATUS_042,TEXT VERIFIED — display whitespace normalization only,1YRMPQFnzODwL-4Pn0ERnB-M5PklXxeH5g-uOFEjuAYk
READING RESEARCH_SOURCE_CHECK_STATUS 043,https://docs.google.com/document/d/1rnC9Jua6yJ96X-fWbmzisRbeW-Q9m4afsBzxe9AqlEM/edit?usp=drivesdk,volume,RESEARCH_SOURCE_CHECK_STATUS,RESEARCH_SOURCE_CHECK_STATUS_043,TEXT VERIFIED — display whitespace normalization only,1rnC9Jua6yJ96X-fWbmzisRbeW-Q9m4afsBzxe9AqlEM
READING RESEARCH_SOURCE_CHECK_STATUS 044,https://docs.google.com/document/d/1FoX55CxsOwVRgUmBmxlQsm72GO27K9ZFJFyUf5mayHQ/edit?usp=drivesdk,volume,RESEARCH_SOURCE_CHECK_STATUS,RESEARCH_SOURCE_CHECK_STATUS_044,TEXT VERIFIED — display whitespace normalization only,1FoX55CxsOwVRgUmBmxlQsm72GO27K9ZFJFyUf5mayHQ
READING RESEARCH_SOURCE_CHECK_STATUS 045,https://docs.google.com/document/d/1bavlks_8e0yRMUc20P1L_WbDWje9dR_RG4JhlpUcNX4/edit?usp=drivesdk,volume,RESEARCH_SOURCE_CHECK_STATUS,RESEARCH_SOURCE_CHECK_STATUS_045,TEXT VERIFIED — display whitespace normalization only,1bavlks_8e0yRMUc20P1L_WbDWje9dR_RG4JhlpUcNX4
READING RESEARCH_SOURCE_CHECK_STATUS 046,https://docs.google.com/document/d/113iIInMOYTNrkCjg3w5f0aK-i86zmGC4_oqRPEE41Z4/edit?usp=drivesdk,volume,RESEARCH_SOURCE_CHECK_STATUS,RESEARCH_SOURCE_CHECK_STATUS_046,TEXT VERIFIED — display whitespace normalization only,113iIInMOYTNrkCjg3w5f0aK-i86zmGC4_oqRPEE41Z4
READING RESEARCH_SOURCE_CHECK_STATUS 047,https://docs.google.com/document/d/1tB9LUkx2xLR5fbB2CWqw4XvLPEQyAcSjBoj9FJ79L6U/edit?usp=drivesdk,volume,RESEARCH_SOURCE_CHECK_STATUS,RESEARCH_SOURCE_CHECK_STATUS_047,TEXT VERIFIED — display whitespace normalization only,1tB9LUkx2xLR5fbB2CWqw4XvLPEQyAcSjBoj9FJ79L6U
READING RESEARCH_SOURCE_CHECK_STATUS 048,https://docs.google.com/document/d/1JIwwyq9TgySyls0IUDrexCU4Gzqn3-D6xbyVEraiems/edit?usp=drivesdk,volume,RESEARCH_SOURCE_CHECK_STATUS,RESEARCH_SOURCE_CHECK_STATUS_048,TEXT VERIFIED — display whitespace normalization only,1JIwwyq9TgySyls0IUDrexCU4Gzqn3-D6xbyVEraiems
READING RESEARCH_SOURCE_CHECK_STATUS 049,https://docs.google.com/document/d/1__SxflxAuao49tomRPYUsI5r2hxmg6kIpXRnHIipY5k/edit?usp=drivesdk,volume,RESEARCH_SOURCE_CHECK_STATUS,RESEARCH_SOURCE_CHECK_STATUS_049,TEXT VERIFIED — display whitespace normalization only,1__SxflxAuao49tomRPYUsI5r2hxmg6kIpXRnHIipY5k
READING RESEARCH_SOURCE_CHECK_STATUS 050,https://docs.google.com/document/d/1LX6pIdDr6bXGFucKZ7M2hiZ5wQP1ArawckiMO8bHx_I/edit?usp=drivesdk,volume,RESEARCH_SOURCE_CHECK_STATUS,RESEARCH_SOURCE_CHECK_STATUS_050,TEXT VERIFIED — display whitespace normalization only,1LX6pIdDr6bXGFucKZ7M2hiZ5wQP1ArawckiMO8bHx_I
READING RESEARCH_SOURCE_CHECK_STATUS 051,https://docs.google.com/document/d/1tAXzaMBznmFVJ-hOPYXHR7h3teqTatLTwcPFC_J2gAM/edit?usp=drivesdk,volume,RESEARCH_SOURCE_CHECK_STATUS,RESEARCH_SOURCE_CHECK_STATUS_051,TEXT VERIFIED — display whitespace normalization only,1tAXzaMBznmFVJ-hOPYXHR7h3teqTatLTwcPFC_J2gAM
READING RESEARCH_SOURCE_CHECK_STATUS 052,https://docs.google.com/document/d/1pV4TN7D9z_xHV0-ncF1jGB2N1_gMKxcvo84W3LwnWuc/edit?usp=drivesdk,volume,RESEARCH_SOURCE_CHECK_STATUS,RESEARCH_SOURCE_CHECK_STATUS_052,TEXT VERIFIED — display whitespace normalization only,1pV4TN7D9z_xHV0-ncF1jGB2N1_gMKxcvo84W3LwnWuc
READING RESEARCH_SOURCE_CHECK_STATUS 053,https://docs.google.com/document/d/1Z-ba95ccD922RxDAlTwxF1PKSZeDfcZT6y9vNhx1GpQ/edit?usp=drivesdk,volume,RESEARCH_SOURCE_CHECK_STATUS,RESEARCH_SOURCE_CHECK_STATUS_053,TEXT VERIFIED — display whitespace normalization only,1Z-ba95ccD922RxDAlTwxF1PKSZeDfcZT6y9vNhx1GpQ
READING RESEARCH_SOURCE_CHECK_STATUS 054,https://docs.google.com/document/d/1hM4D7ObraA_bloUlV6puLzvG-bVVxX21ks10GhCqrNg/edit?usp=drivesdk,volume,RESEARCH_SOURCE_CHECK_STATUS,RESEARCH_SOURCE_CHECK_STATUS_054,TEXT VERIFIED — display whitespace normalization only,1hM4D7ObraA_bloUlV6puLzvG-bVVxX21ks10GhCqrNg
READING RESEARCH_SOURCE_CHECK_STATUS 055,https://docs.google.com/document/d/1UIbin2Ksm9BQhaNL6TktgdfAwEiLX87VGGSxVoUMvG8/edit?usp=drivesdk,volume,RESEARCH_SOURCE_CHECK_STATUS,RESEARCH_SOURCE_CHECK_STATUS_055,TEXT VERIFIED — display whitespace normalization only,1UIbin2Ksm9BQhaNL6TktgdfAwEiLX87VGGSxVoUMvG8
READING RESEARCH_SOURCE_CHECK_STATUS 056,https://docs.google.com/document/d/1RdMX9VtriqLvtvffMQ6r462C_3f5ZqALKoLr0ouu-4k/edit?usp=drivesdk,volume,RESEARCH_SOURCE_CHECK_STATUS,RESEARCH_SOURCE_CHECK_STATUS_056,TEXT VERIFIED — display whitespace normalization only,1RdMX9VtriqLvtvffMQ6r462C_3f5ZqALKoLr0ouu-4k
READING RESEARCH_SOURCE_CHECK_STATUS 057,https://docs.google.com/document/d/1NtgunvbnC04OR87HAVWfo_DnpRftSFBa8jSXWYloY4c/edit?usp=drivesdk,volume,RESEARCH_SOURCE_CHECK_STATUS,RESEARCH_SOURCE_CHECK_STATUS_057,TEXT VERIFIED — display whitespace normalization only,1NtgunvbnC04OR87HAVWfo_DnpRftSFBa8jSXWYloY4c
READING RESEARCH_SOURCE_CHECK_STATUS 058,https://docs.google.com/document/d/1DntMRwXDtFE5PncszyAvFYvVzwVF_Xb3x_kySpvYCXU/edit?usp=drivesdk,volume,RESEARCH_SOURCE_CHECK_STATUS,RESEARCH_SOURCE_CHECK_STATUS_058,TEXT VERIFIED — display whitespace normalization only,1DntMRwXDtFE5PncszyAvFYvVzwVF_Xb3x_kySpvYCXU
READING RESEARCH_SOURCE_CHECK_STATUS 059,https://docs.google.com/document/d/1NHKxuJEEz_VYmlycwHYw08wca01vlwFyodKXAd_NEN0/edit?usp=drivesdk,volume,RESEARCH_SOURCE_CHECK_STATUS,RESEARCH_SOURCE_CHECK_STATUS_059,TEXT VERIFIED — display whitespace normalization only,1NHKxuJEEz_VYmlycwHYw08wca01vlwFyodKXAd_NEN0
READING RESEARCH_SOURCE_CHECK_STATUS 060,https://docs.google.com/document/d/1S5zMChPVuS85NOX7do3HGdm2pgWfNxUmzhwBkvg_-rU/edit?usp=drivesdk,volume,RESEARCH_SOURCE_CHECK_STATUS,RESEARCH_SOURCE_CHECK_STATUS_060,TEXT VERIFIED — display whitespace normalization only,1S5zMChPVuS85NOX7do3HGdm2pgWfNxUmzhwBkvg_-rU
READING RESEARCH_SOURCE_CHECK_STATUS 061,https://docs.google.com/document/d/1AijN2xNqGQ9zWUidAyfeXidEBiXywMAa9nySdWhYFs4/edit?usp=drivesdk,volume,RESEARCH_SOURCE_CHECK_STATUS,RESEARCH_SOURCE_CHECK_STATUS_061,TEXT VERIFIED — display whitespace normalization only,1AijN2xNqGQ9zWUidAyfeXidEBiXywMAa9nySdWhYFs4
READING RESEARCH_SOURCE_CHECK_STATUS 062,https://docs.google.com/document/d/16U5wOggJbQskFy4Lu3LvKFuJbKTADCqlWGDo9UWdtAM/edit?usp=drivesdk,volume,RESEARCH_SOURCE_CHECK_STATUS,RESEARCH_SOURCE_CHECK_STATUS_062,TEXT VERIFIED — display whitespace normalization only,16U5wOggJbQskFy4Lu3LvKFuJbKTADCqlWGDo9UWdtAM
READING RESEARCH_SOURCE_CHECK_STATUS 063,https://docs.google.com/document/d/1EQUWgDA3sIZYOc-nU2NGR8fVhPxcLvxZxt7CwnNsVxk/edit?usp=drivesdk,volume,RESEARCH_SOURCE_CHECK_STATUS,RESEARCH_SOURCE_CHECK_STATUS_063,TEXT VERIFIED — display whitespace normalization only,1EQUWgDA3sIZYOc-nU2NGR8fVhPxcLvxZxt7CwnNsVxk
READING RESEARCH_SOURCE_CHECK_STATUS 064,https://docs.google.com/document/d/1Itmahyqah0Ry8P3hJvCvr3D56N7oAjctKDDubIagWMY/edit?usp=drivesdk,volume,RESEARCH_SOURCE_CHECK_STATUS,RESEARCH_SOURCE_CHECK_STATUS_064,TEXT VERIFIED — display whitespace normalization only,1Itmahyqah0Ry8P3hJvCvr3D56N7oAjctKDDubIagWMY
READING RESEARCH_SOURCE_CHECK_STATUS 065,https://docs.google.com/document/d/1G-COKmHrpfAv9ZP37OlmJApzXYy8vmjYPNnva54ASbI/edit?usp=drivesdk,volume,RESEARCH_SOURCE_CHECK_STATUS,RESEARCH_SOURCE_CHECK_STATUS_065,TEXT VERIFIED — display whitespace normalization only,1G-COKmHrpfAv9ZP37OlmJApzXYy8vmjYPNnva54ASbI
READING RESEARCH_SOURCE_CHECK_STATUS 066,https://docs.google.com/document/d/1zVHRJeBfRh7mbj5vL6mVdqZarXIjYGn3p7mHmHYvOsA/edit?usp=drivesdk,volume,RESEARCH_SOURCE_CHECK_STATUS,RESEARCH_SOURCE_CHECK_STATUS_066,TEXT VERIFIED — display whitespace normalization only,1zVHRJeBfRh7mbj5vL6mVdqZarXIjYGn3p7mHmHYvOsA
READING RESEARCH_SOURCE_CHECK_STATUS 067,https://docs.google.com/document/d/1QErme2oSj_dOXbwzNLU3e22mpC0m2aTaRbTnks7YZDQ/edit?usp=drivesdk,volume,RESEARCH_SOURCE_CHECK_STATUS,RESEARCH_SOURCE_CHECK_STATUS_067,TEXT VERIFIED — display whitespace normalization only,1QErme2oSj_dOXbwzNLU3e22mpC0m2aTaRbTnks7YZDQ
READING RESEARCH_SOURCE_CHECK_STATUS 068,https://docs.google.com/document/d/1LEY7wEEuW18LI3z4zGGpfqhfhPuWNc5xYtpFDQQv-Ww/edit?usp=drivesdk,volume,RESEARCH_SOURCE_CHECK_STATUS,RESEARCH_SOURCE_CHECK_STATUS_068,TEXT VERIFIED — display whitespace normalization only,1LEY7wEEuW18LI3z4zGGpfqhfhPuWNc5xYtpFDQQv-Ww
READING RESEARCH_SOURCE_CHECK_STATUS 069,https://docs.google.com/document/d/15s16_oGjYpPFPbEE_KBmqK79NzqZtvLcNvbS2Xcn4ko/edit?usp=drivesdk,volume,RESEARCH_SOURCE_CHECK_STATUS,RESEARCH_SOURCE_CHECK_STATUS_069,TEXT VERIFIED — display whitespace normalization only,15s16_oGjYpPFPbEE_KBmqK79NzqZtvLcNvbS2Xcn4ko
READING RESEARCH_SOURCE_CHECK_STATUS 070,https://docs.google.com/document/d/1SzB8mGqb4h1mRh6N3bXkxONLCYFdDRaS_Wg0W6RmHwQ/edit?usp=drivesdk,volume,RESEARCH_SOURCE_CHECK_STATUS,RESEARCH_SOURCE_CHECK_STATUS_070,TEXT VERIFIED — display whitespace normalization only,1SzB8mGqb4h1mRh6N3bXkxONLCYFdDRaS_Wg0W6RmHwQ
READING RESEARCH_SOURCE_CHECK_STATUS 071,https://docs.google.com/document/d/1rL64yvdZK1989dhSsVkmy3MjoQ_vcpMG_WaObrwZBOE/edit?usp=drivesdk,volume,RESEARCH_SOURCE_CHECK_STATUS,RESEARCH_SOURCE_CHECK_STATUS_071,TEXT VERIFIED — display whitespace normalization only,1rL64yvdZK1989dhSsVkmy3MjoQ_vcpMG_WaObrwZBOE
READING RESEARCH_SOURCE_CHECK_STATUS 072,https://docs.google.com/document/d/1HXwAt0H-FgG5J_MJgOn0jqNn0vhceSNb9RRxvWXHqlo/edit?usp=drivesdk,volume,RESEARCH_SOURCE_CHECK_STATUS,RESEARCH_SOURCE_CHECK_STATUS_072,TEXT VERIFIED — display whitespace normalization only,1HXwAt0H-FgG5J_MJgOn0jqNn0vhceSNb9RRxvWXHqlo
READING RESEARCH_SOURCE_CHECK_STATUS 073,https://docs.google.com/document/d/1bKIoQDnzWdfGPpgFDIiuPqaNcMwWQDL6-jDXYEJrtDM/edit?usp=drivesdk,volume,RESEARCH_SOURCE_CHECK_STATUS,RESEARCH_SOURCE_CHECK_STATUS_073,TEXT VERIFIED — display whitespace normalization only,1bKIoQDnzWdfGPpgFDIiuPqaNcMwWQDL6-jDXYEJrtDM
READING RESEARCH_SOURCE_CHECK_STATUS 074,https://docs.google.com/document/d/1_qi4eOyarSrPtnzeTHYh62kSLfrMEWk8qWXe3eyxahI/edit?usp=drivesdk,volume,RESEARCH_SOURCE_CHECK_STATUS,RESEARCH_SOURCE_CHECK_STATUS_074,TEXT VERIFIED — display whitespace normalization only,1_qi4eOyarSrPtnzeTHYh62kSLfrMEWk8qWXe3eyxahI
READING RESEARCH_SOURCE_CHECK_STATUS 075,https://docs.google.com/document/d/1aH04MXZVmlYDI5JufXvtgCcPwNaFqNwDwf3MM9iXxw4/edit?usp=drivesdk,volume,RESEARCH_SOURCE_CHECK_STATUS,RESEARCH_SOURCE_CHECK_STATUS_075,TEXT VERIFIED — display whitespace normalization only,1aH04MXZVmlYDI5JufXvtgCcPwNaFqNwDwf3MM9iXxw4
READING RESEARCH_SOURCE_CHECK_STATUS 076,https://docs.google.com/document/d/17sBDGAEoBKltKpcH96zf_e3WafJVFmYoB2Wkop3f4kw/edit?usp=drivesdk,volume,RESEARCH_SOURCE_CHECK_STATUS,RESEARCH_SOURCE_CHECK_STATUS_076,TEXT VERIFIED — display whitespace normalization only,17sBDGAEoBKltKpcH96zf_e3WafJVFmYoB2Wkop3f4kw
READING RESEARCH_SOURCE_CHECK_STATUS 077,https://docs.google.com/document/d/1z15meDyh_YTLLkjUosFbhNdIzjHXPfm6cUG9a5Kd82c/edit?usp=drivesdk,volume,RESEARCH_SOURCE_CHECK_STATUS,RESEARCH_SOURCE_CHECK_STATUS_077,TEXT VERIFIED — display whitespace normalization only,1z15meDyh_YTLLkjUosFbhNdIzjHXPfm6cUG9a5Kd82c
READING RESEARCH_SOURCE_CHECK_STATUS 078,https://docs.google.com/document/d/1xhZtph0TWUX932H7vtU6xfqS7Brco5ZBbg5Mg7lYtNY/edit?usp=drivesdk,volume,RESEARCH_SOURCE_CHECK_STATUS,RESEARCH_SOURCE_CHECK_STATUS_078,TEXT VERIFIED — display whitespace normalization only,1xhZtph0TWUX932H7vtU6xfqS7Brco5ZBbg5Mg7lYtNY
READING RESEARCH_SOURCE_CHECK_STATUS 079,https://docs.google.com/document/d/1p3ky9mDNImdSO-nDRDr4zWxbJcovDM6qhMJ1t5a3vbY/edit?usp=drivesdk,volume,RESEARCH_SOURCE_CHECK_STATUS,RESEARCH_SOURCE_CHECK_STATUS_079,TEXT VERIFIED — display whitespace normalization only,1p3ky9mDNImdSO-nDRDr4zWxbJcovDM6qhMJ1t5a3vbY
READING RESEARCH_SOURCE_CHECK_STATUS 080,https://docs.google.com/document/d/1nIA2xs7qIergeYzu7aNYWOZG7JAyTVj6Mov_3faVFYQ/edit?usp=drivesdk,volume,RESEARCH_SOURCE_CHECK_STATUS,RESEARCH_SOURCE_CHECK_STATUS_080,TEXT VERIFIED — display whitespace normalization only,1nIA2xs7qIergeYzu7aNYWOZG7JAyTVj6Mov_3faVFYQ
READING RESEARCH_SOURCE_CHECK_STATUS 081,https://docs.google.com/document/d/1R4AI4ltOc-9Zs8n6zjR7LnY6k97oowkaHXkzF3th6aA/edit?usp=drivesdk,volume,RESEARCH_SOURCE_CHECK_STATUS,RESEARCH_SOURCE_CHECK_STATUS_081,TEXT VERIFIED — display whitespace normalization only,1R4AI4ltOc-9Zs8n6zjR7LnY6k97oowkaHXkzF3th6aA
READING RESEARCH_SOURCE_CHECK_STATUS 082,https://docs.google.com/document/d/1mugkNalSh0gQ8NRMvYN5nVzNwKs22LSyeW6xn1uo0rw/edit?usp=drivesdk,volume,RESEARCH_SOURCE_CHECK_STATUS,RESEARCH_SOURCE_CHECK_STATUS_082,TEXT VERIFIED — display whitespace normalization only,1mugkNalSh0gQ8NRMvYN5nVzNwKs22LSyeW6xn1uo0rw
READING RESEARCH_SOURCE_CHECK_STATUS 083,https://docs.google.com/document/d/1QjxRLlCJIcfeMl_NYtIfcep0OMpbBoifjzxVp1prrnI/edit?usp=drivesdk,volume,RESEARCH_SOURCE_CHECK_STATUS,RESEARCH_SOURCE_CHECK_STATUS_083,TEXT VERIFIED — display whitespace normalization only,1QjxRLlCJIcfeMl_NYtIfcep0OMpbBoifjzxVp1prrnI
READING RESEARCH_SOURCE_CHECK_STATUS 084,https://docs.google.com/document/d/1xXAEFOu7pNvdgCIxlx0ytgs1dfUvoPE812_0DA5027M/edit?usp=drivesdk,volume,RESEARCH_SOURCE_CHECK_STATUS,RESEARCH_SOURCE_CHECK_STATUS_084,TEXT VERIFIED — display whitespace normalization only,1xXAEFOu7pNvdgCIxlx0ytgs1dfUvoPE812_0DA5027M
READING RESEARCH_SOURCE_CHECK_STATUS 085,https://docs.google.com/document/d/1xfc-Qr84AMxMxUB1jmEUZQOgQfXRVv0lhLjKsdIgVVM/edit?usp=drivesdk,volume,RESEARCH_SOURCE_CHECK_STATUS,RESEARCH_SOURCE_CHECK_STATUS_085,TEXT VERIFIED — display whitespace normalization only,1xfc-Qr84AMxMxUB1jmEUZQOgQfXRVv0lhLjKsdIgVVM
READING RESEARCH_SOURCE_CHECK_STATUS 086,https://docs.google.com/document/d/1Ht4V16pvAWZmwaXsLr-47Bo5w1DiwjbrEKhhri3KwFs/edit?usp=drivesdk,volume,RESEARCH_SOURCE_CHECK_STATUS,RESEARCH_SOURCE_CHECK_STATUS_086,TEXT VERIFIED — display whitespace normalization only,1Ht4V16pvAWZmwaXsLr-47Bo5w1DiwjbrEKhhri3KwFs
READING RESEARCH_SOURCE_CHECK_STATUS 087,https://docs.google.com/document/d/1UXtzkq5dd1uRHIDtE4uTY8NIFE0N8ij1T1uZUl0Cvew/edit?usp=drivesdk,volume,RESEARCH_SOURCE_CHECK_STATUS,RESEARCH_SOURCE_CHECK_STATUS_087,TEXT VERIFIED — display whitespace normalization only,1UXtzkq5dd1uRHIDtE4uTY8NIFE0N8ij1T1uZUl0Cvew
READING RESEARCH_SOURCE_CHECK_STATUS 088,https://docs.google.com/document/d/1p0pwkCMQpqisREtGTO2o1KfUbGdwK95aEW_CTCXltHs/edit?usp=drivesdk,volume,RESEARCH_SOURCE_CHECK_STATUS,RESEARCH_SOURCE_CHECK_STATUS_088,TEXT VERIFIED — display whitespace normalization only,1p0pwkCMQpqisREtGTO2o1KfUbGdwK95aEW_CTCXltHs
READING RESEARCH_SOURCE_CHECK_STATUS 089,https://docs.google.com/document/d/1rofCxS8NSnVtV7R8nz0o0UgG7VN0gvECidfRtd6GWpM/edit?usp=drivesdk,volume,RESEARCH_SOURCE_CHECK_STATUS,RESEARCH_SOURCE_CHECK_STATUS_089,TEXT VERIFIED — display whitespace normalization only,1rofCxS8NSnVtV7R8nz0o0UgG7VN0gvECidfRtd6GWpM
READING RESEARCH_SOURCE_CHECK_STATUS 090,https://docs.google.com/document/d/1my8lXR6gBhX9TS1mJ6ugi51Li6RJmdC57ec2jK7UjrU/edit?usp=drivesdk,volume,RESEARCH_SOURCE_CHECK_STATUS,RESEARCH_SOURCE_CHECK_STATUS_090,TEXT VERIFIED — display whitespace normalization only,1my8lXR6gBhX9TS1mJ6ugi51Li6RJmdC57ec2jK7UjrU
READING RESEARCH_SOURCE_CHECK_STATUS 091,https://docs.google.com/document/d/1TtlbUROnPCf2lfjzwNBIAvAdh-KvT8qxT5ZH3hFHQLg/edit?usp=drivesdk,volume,RESEARCH_SOURCE_CHECK_STATUS,RESEARCH_SOURCE_CHECK_STATUS_091,TEXT VERIFIED — display whitespace normalization only,1TtlbUROnPCf2lfjzwNBIAvAdh-KvT8qxT5ZH3hFHQLg
READING RESEARCH_SOURCE_CHECK_STATUS 092,https://docs.google.com/document/d/12Ifb5DVvOn7it3GDjSWVYx7123DXNPl8J1lXJFkbkyY/edit?usp=drivesdk,volume,RESEARCH_SOURCE_CHECK_STATUS,RESEARCH_SOURCE_CHECK_STATUS_092,TEXT VERIFIED — display whitespace normalization only,12Ifb5DVvOn7it3GDjSWVYx7123DXNPl8J1lXJFkbkyY
READING RESEARCH_SOURCE_CHECK_STATUS 093,https://docs.google.com/document/d/1Yy6rHbOHatnSmjc_z93TylgodZIODkzdWK_1sVqIdS0/edit?usp=drivesdk,volume,RESEARCH_SOURCE_CHECK_STATUS,RESEARCH_SOURCE_CHECK_STATUS_093,TEXT VERIFIED — display whitespace normalization only,1Yy6rHbOHatnSmjc_z93TylgodZIODkzdWK_1sVqIdS0
READING RESEARCH_SOURCE_CHECK_STATUS 094,https://docs.google.com/document/d/1SVZqSs043hUdCqefJq5PJgzEVadW30PIV8d3m_HQq3Q/edit?usp=drivesdk,volume,RESEARCH_SOURCE_CHECK_STATUS,RESEARCH_SOURCE_CHECK_STATUS_094,TEXT VERIFIED — display whitespace normalization only,1SVZqSs043hUdCqefJq5PJgzEVadW30PIV8d3m_HQq3Q
READING RESEARCH_SOURCE_CHECK_STATUS 095,https://docs.google.com/document/d/1xbmtJHUpMJYI62fkSMV4QxHPjOCjeUlg3vL99liErV8/edit?usp=drivesdk,volume,RESEARCH_SOURCE_CHECK_STATUS,RESEARCH_SOURCE_CHECK_STATUS_095,TEXT VERIFIED — display whitespace normalization only,1xbmtJHUpMJYI62fkSMV4QxHPjOCjeUlg3vL99liErV8
READING RESEARCH_SOURCE_CHECK_STATUS 096,https://docs.google.com/document/d/1e_nJ9IbOD1OOWHiw847HQ3M0cM2fEN906lVmHnKKAhw/edit?usp=drivesdk,volume,RESEARCH_SOURCE_CHECK_STATUS,RESEARCH_SOURCE_CHECK_STATUS_096,TEXT VERIFIED — display whitespace normalization only,1e_nJ9IbOD1OOWHiw847HQ3M0cM2fEN906lVmHnKKAhw
READING RESEARCH_SOURCE_CHECK_STATUS 097,https://docs.google.com/document/d/1DSp9-JzILQn6M5iPT4wH_BMRKX-hCLLh86_MIv6a024/edit?usp=drivesdk,volume,RESEARCH_SOURCE_CHECK_STATUS,RESEARCH_SOURCE_CHECK_STATUS_097,TEXT VERIFIED — display whitespace normalization only,1DSp9-JzILQn6M5iPT4wH_BMRKX-hCLLh86_MIv6a024
READING RESEARCH_SOURCE_CHECK_STATUS 098,https://docs.google.com/document/d/193Ti2ma6VSe0v-GFCBC9dddBW4ItIAigpVVWcBswCu0/edit?usp=drivesdk,volume,RESEARCH_SOURCE_CHECK_STATUS,RESEARCH_SOURCE_CHECK_STATUS_098,TEXT VERIFIED — display whitespace normalization only,193Ti2ma6VSe0v-GFCBC9dddBW4ItIAigpVVWcBswCu0
READING RESEARCH_SOURCE_CHECK_STATUS 099,https://docs.google.com/document/d/16lIo9WTpPTCE8apzWB7SFyBgp8vJUvWEEpeF7pBK-_Y/edit?usp=drivesdk,volume,RESEARCH_SOURCE_CHECK_STATUS,RESEARCH_SOURCE_CHECK_STATUS_099,TEXT VERIFIED — display whitespace normalization only,16lIo9WTpPTCE8apzWB7SFyBgp8vJUvWEEpeF7pBK-_Y
READING RESEARCH_SOURCE_CHECK_STATUS 100,https://docs.google.com/document/d/19ZHNgd0XthCXY6i4cRrwMJ8lL48ictuRsTgLYQFDfCU/edit?usp=drivesdk,volume,RESEARCH_SOURCE_CHECK_STATUS,RESEARCH_SOURCE_CHECK_STATUS_100,TEXT VERIFIED — display whitespace normalization only,19ZHNgd0XthCXY6i4cRrwMJ8lL48ictuRsTgLYQFDfCU
READING RESEARCH_SOURCE_CHECK_STATUS 101,https://docs.google.com/document/d/1E1JdWte8S29trQSxcdf15Qa3Zej9Q84cxmbMrwKkobQ/edit?usp=drivesdk,volume,RESEARCH_SOURCE_CHECK_STATUS,RESEARCH_SOURCE_CHECK_STATUS_101,TEXT VERIFIED — display whitespace normalization only,1E1JdWte8S29trQSxcdf15Qa3Zej9Q84cxmbMrwKkobQ
READING RESEARCH_SOURCE_CHECK_STATUS 102,https://docs.google.com/document/d/16UatL5U1PqsglO3e_uu6_bRMKhCt41nGfX5DS_rA5Ok/edit?usp=drivesdk,volume,RESEARCH_SOURCE_CHECK_STATUS,RESEARCH_SOURCE_CHECK_STATUS_102,TEXT VERIFIED — display whitespace normalization only,16UatL5U1PqsglO3e_uu6_bRMKhCt41nGfX5DS_rA5Ok
READING RESEARCH_SOURCE_CHECK_STATUS 103,https://docs.google.com/document/d/1S_tshTkOudXBWHzl51GFdGlH6CYPSZPadDGlA5Zm0kE/edit?usp=drivesdk,volume,RESEARCH_SOURCE_CHECK_STATUS,RESEARCH_SOURCE_CHECK_STATUS_103,TEXT VERIFIED — display whitespace normalization only,1S_tshTkOudXBWHzl51GFdGlH6CYPSZPadDGlA5Zm0kE
READING RESEARCH_SOURCE_CHECK_STATUS 104,https://docs.google.com/document/d/1Kqw2Zynugnb2T1hfoVYaXLjM4n7qttjltjWVU6_i5EA/edit?usp=drivesdk,volume,RESEARCH_SOURCE_CHECK_STATUS,RESEARCH_SOURCE_CHECK_STATUS_104,TEXT VERIFIED — display whitespace normalization only,1Kqw2Zynugnb2T1hfoVYaXLjM4n7qttjltjWVU6_i5EA
READING RESEARCH_SOURCE_CHECK_STATUS 105,https://docs.google.com/document/d/1QiNh9LUmVWgL_5qXDASuhLxNZJzYR-s21saIhItzA6M/edit?usp=drivesdk,volume,RESEARCH_SOURCE_CHECK_STATUS,RESEARCH_SOURCE_CHECK_STATUS_105,TEXT VERIFIED — display whitespace normalization only,1QiNh9LUmVWgL_5qXDASuhLxNZJzYR-s21saIhItzA6M
READING RESEARCH_SOURCE_CHECK_STATUS 106,https://docs.google.com/document/d/1ASCrbKqRT8xPmuuMwyV1K02-PXGxkgxikKHyPN_46H8/edit?usp=drivesdk,volume,RESEARCH_SOURCE_CHECK_STATUS,RESEARCH_SOURCE_CHECK_STATUS_106,TEXT VERIFIED — display whitespace normalization only,1ASCrbKqRT8xPmuuMwyV1K02-PXGxkgxikKHyPN_46H8
READING RESEARCH_SOURCE_CHECK_STATUS 107,https://docs.google.com/document/d/1jhJVe82TJWL_STaluGgIY9BTYHHkVLTkmU_nDUQL_-0/edit?usp=drivesdk,volume,RESEARCH_SOURCE_CHECK_STATUS,RESEARCH_SOURCE_CHECK_STATUS_107,TEXT VERIFIED — display whitespace normalization only,1jhJVe82TJWL_STaluGgIY9BTYHHkVLTkmU_nDUQL_-0
READING RESEARCH_SOURCE_CHECK_STATUS 108,https://docs.google.com/document/d/1VZsHWIF2bCNVtABF646rJ7_syhpKC0auC_s1ZXoqDpQ/edit?usp=drivesdk,volume,RESEARCH_SOURCE_CHECK_STATUS,RESEARCH_SOURCE_CHECK_STATUS_108,TEXT VERIFIED — display whitespace normalization only,1VZsHWIF2bCNVtABF646rJ7_syhpKC0auC_s1ZXoqDpQ
READING RESEARCH_SOURCE_CHECK_STATUS 109,https://docs.google.com/document/d/1RNEBlW1cz7O1XArisSw9qKFPy5Ll8J0p8Gy0vVlqpKY/edit?usp=drivesdk,volume,RESEARCH_SOURCE_CHECK_STATUS,RESEARCH_SOURCE_CHECK_STATUS_109,TEXT VERIFIED — display whitespace normalization only,1RNEBlW1cz7O1XArisSw9qKFPy5Ll8J0p8Gy0vVlqpKY
READING RESEARCH_SOURCE_CHECK_STATUS 110,https://docs.google.com/document/d/1re9ppHlmRauzUBkyYrXDfipTwr9sFS22DSbqPGVnT5g/edit?usp=drivesdk,volume,RESEARCH_SOURCE_CHECK_STATUS,RESEARCH_SOURCE_CHECK_STATUS_110,TEXT VERIFIED — display whitespace normalization only,1re9ppHlmRauzUBkyYrXDfipTwr9sFS22DSbqPGVnT5g
READING RESEARCH_SOURCE_CHECK_STATUS 111,https://docs.google.com/document/d/1Hmkve-36qGUUS1K5kXlFOU43V622OiS3svqaxcEeJzU/edit?usp=drivesdk,volume,RESEARCH_SOURCE_CHECK_STATUS,RESEARCH_SOURCE_CHECK_STATUS_111,TEXT VERIFIED — display whitespace normalization only,1Hmkve-36qGUUS1K5kXlFOU43V622OiS3svqaxcEeJzU
READING RESEARCH_SOURCE_CHECK_STATUS 112,https://docs.google.com/document/d/1_84FRNvKfGrWAoL1j8e33wMJ5761zgAWuh_mwSE9mV8/edit?usp=drivesdk,volume,RESEARCH_SOURCE_CHECK_STATUS,RESEARCH_SOURCE_CHECK_STATUS_112,TEXT VERIFIED — display whitespace normalization only,1_84FRNvKfGrWAoL1j8e33wMJ5761zgAWuh_mwSE9mV8
READING RESEARCH_SOURCE_CHECK_STATUS 113,https://docs.google.com/document/d/13H6udJht_m_0XFXuVAOFlteaOerondUGK3KblTiY9Jg/edit?usp=drivesdk,volume,RESEARCH_SOURCE_CHECK_STATUS,RESEARCH_SOURCE_CHECK_STATUS_113,TEXT VERIFIED — display whitespace normalization only,13H6udJht_m_0XFXuVAOFlteaOerondUGK3KblTiY9Jg
READING RESEARCH_SOURCE_CHECK_STATUS 114,https://docs.google.com/document/d/1s9QczvuavrR8MDFSw1lTqElgZ8FzQ1S3ambxLCLPR2I/edit?usp=drivesdk,volume,RESEARCH_SOURCE_CHECK_STATUS,RESEARCH_SOURCE_CHECK_STATUS_114,TEXT VERIFIED — display whitespace normalization only,1s9QczvuavrR8MDFSw1lTqElgZ8FzQ1S3ambxLCLPR2I
READING RESEARCH_SOURCE_CHECK_STATUS 115,https://docs.google.com/document/d/1vJrYQg61SGYtv3sm4yKwPye-n8P6_p4mtLMtT0ddCfY/edit?usp=drivesdk,volume,RESEARCH_SOURCE_CHECK_STATUS,RESEARCH_SOURCE_CHECK_STATUS_115,TEXT VERIFIED — display whitespace normalization only,1vJrYQg61SGYtv3sm4yKwPye-n8P6_p4mtLMtT0ddCfY
READING RESEARCH_SOURCE_CHECK_STATUS 116,https://docs.google.com/document/d/1sNbXtXLjTB6Np0FABWjnw6Pxdn80799F8TadVoqiWbA/edit?usp=drivesdk,volume,RESEARCH_SOURCE_CHECK_STATUS,RESEARCH_SOURCE_CHECK_STATUS_116,TEXT VERIFIED — display whitespace normalization only,1sNbXtXLjTB6Np0FABWjnw6Pxdn80799F8TadVoqiWbA
READING RESEARCH_SOURCE_CHECK_STATUS 117,https://docs.google.com/document/d/12UARHhSc3sjiEKaCb0tmFgthZquTL5HZrlMfnVEBBD4/edit?usp=drivesdk,volume,RESEARCH_SOURCE_CHECK_STATUS,RESEARCH_SOURCE_CHECK_STATUS_117,TEXT VERIFIED — display whitespace normalization only,12UARHhSc3sjiEKaCb0tmFgthZquTL5HZrlMfnVEBBD4
READING RESEARCH_SOURCE_CHECK_STATUS 118,https://docs.google.com/document/d/1WfHwGSgrsCEueHzXpKIJqSP-ous6cVOM2BBqAteL99E/edit?usp=drivesdk,volume,RESEARCH_SOURCE_CHECK_STATUS,RESEARCH_SOURCE_CHECK_STATUS_118,TEXT VERIFIED — display whitespace normalization only,1WfHwGSgrsCEueHzXpKIJqSP-ous6cVOM2BBqAteL99E
READING RESEARCH_SOURCE_CHECK_STATUS 119,https://docs.google.com/document/d/1DMa_gczY2y4endAzmH87CwBA87fiYy7t5LeeD8LXyZU/edit?usp=drivesdk,volume,RESEARCH_SOURCE_CHECK_STATUS,RESEARCH_SOURCE_CHECK_STATUS_119,TEXT VERIFIED — display whitespace normalization only,1DMa_gczY2y4endAzmH87CwBA87fiYy7t5LeeD8LXyZU
READING RESEARCH_SOURCE_CHECK_STATUS 120,https://docs.google.com/document/d/1vY_Tm8vwG-F3xgAZEeFSnAcT0ohAeOOo-r3OhHjDrVU/edit?usp=drivesdk,volume,RESEARCH_SOURCE_CHECK_STATUS,RESEARCH_SOURCE_CHECK_STATUS_120,TEXT VERIFIED — display whitespace normalization only,1vY_Tm8vwG-F3xgAZEeFSnAcT0ohAeOOo-r3OhHjDrVU
READING RESEARCH_SOURCE_CHECK_STATUS 121,https://docs.google.com/document/d/1_0k3TBr_hGF1DzbCILXYvunE2lIRWDTVipCj6uRh8aQ/edit?usp=drivesdk,volume,RESEARCH_SOURCE_CHECK_STATUS,RESEARCH_SOURCE_CHECK_STATUS_121,TEXT VERIFIED — display whitespace normalization only,1_0k3TBr_hGF1DzbCILXYvunE2lIRWDTVipCj6uRh8aQ
READING RESEARCH_SOURCE_CHECK_STATUS 122,https://docs.google.com/document/d/1RDS_SXWpyeaWc3ZXRszyCZ-KrE_cdYSWwPkDlLB0wdU/edit?usp=drivesdk,volume,RESEARCH_SOURCE_CHECK_STATUS,RESEARCH_SOURCE_CHECK_STATUS_122,TEXT VERIFIED — display whitespace normalization only,1RDS_SXWpyeaWc3ZXRszyCZ-KrE_cdYSWwPkDlLB0wdU
READING RESEARCH_SOURCE_CHECK_STATUS 123,https://docs.google.com/document/d/15dCeUeEj6EsTeydVJAM_tkEJUqi2SOcA0cmxGJuK5yE/edit?usp=drivesdk,volume,RESEARCH_SOURCE_CHECK_STATUS,RESEARCH_SOURCE_CHECK_STATUS_123,TEXT VERIFIED — display whitespace normalization only,15dCeUeEj6EsTeydVJAM_tkEJUqi2SOcA0cmxGJuK5yE
READING RESEARCH_SOURCE_CHECK_STATUS 124,https://docs.google.com/document/d/1KlVmwTL1PWlUUEnWxmAOQuc5u2EgTMTh1fGwD0JcD5c/edit?usp=drivesdk,volume,RESEARCH_SOURCE_CHECK_STATUS,RESEARCH_SOURCE_CHECK_STATUS_124,TEXT VERIFIED — display whitespace normalization only,1KlVmwTL1PWlUUEnWxmAOQuc5u2EgTMTh1fGwD0JcD5c
READING RESEARCH_SOURCE_CHECK_STATUS 125,https://docs.google.com/document/d/1Ak69k5B6Ec7PIqRiQ2LG4Ic1HEumSlNoLQEVcT0-nO4/edit?usp=drivesdk,volume,RESEARCH_SOURCE_CHECK_STATUS,RESEARCH_SOURCE_CHECK_STATUS_125,TEXT VERIFIED — display whitespace normalization only,1Ak69k5B6Ec7PIqRiQ2LG4Ic1HEumSlNoLQEVcT0-nO4
READING RESEARCH_SOURCE_CHECK_STATUS 126,https://docs.google.com/document/d/1Fv5sqT6MMCiv_D12e2o4ct912Jmb1PJjKZTC8UJvVZA/edit?usp=drivesdk,volume,RESEARCH_SOURCE_CHECK_STATUS,RESEARCH_SOURCE_CHECK_STATUS_126,TEXT VERIFIED — display whitespace normalization only,1Fv5sqT6MMCiv_D12e2o4ct912Jmb1PJjKZTC8UJvVZA
READING RESEARCH_SOURCE_CHECK_STATUS 127,https://docs.google.com/document/d/1Bz0K4pzBwjarp3khuh7KJk99wm7DXREXdNtPZXu8hiQ/edit?usp=drivesdk,volume,RESEARCH_SOURCE_CHECK_STATUS,RESEARCH_SOURCE_CHECK_STATUS_127,TEXT VERIFIED — display whitespace normalization only,1Bz0K4pzBwjarp3khuh7KJk99wm7DXREXdNtPZXu8hiQ
READING RESEARCH_SOURCE_CHECK_STATUS 128,https://docs.google.com/document/d/1KyceMVe3gin-fvONqJXZtfkirPN5otj_fKxZjx0Q58A/edit?usp=drivesdk,volume,RESEARCH_SOURCE_CHECK_STATUS,RESEARCH_SOURCE_CHECK_STATUS_128,TEXT VERIFIED — display whitespace normalization only,1KyceMVe3gin-fvONqJXZtfkirPN5otj_fKxZjx0Q58A
READING RESEARCH_SOURCE_CHECK_STATUS 129,https://docs.google.com/document/d/1zaumNVU8r1FKXp9DzNN7Y0Id3DRQBaQsI3QlOzFVd1A/edit?usp=drivesdk,volume,RESEARCH_SOURCE_CHECK_STATUS,RESEARCH_SOURCE_CHECK_STATUS_129,TEXT VERIFIED — display whitespace normalization only,1zaumNVU8r1FKXp9DzNN7Y0Id3DRQBaQsI3QlOzFVd1A
READING RESEARCH_SOURCE_CHECK_STATUS 130,https://docs.google.com/document/d/10Tmsk8QF39H_aV-k_Ot99H8SEUMgo84qqTiTx_bs6lk/edit?usp=drivesdk,volume,RESEARCH_SOURCE_CHECK_STATUS,RESEARCH_SOURCE_CHECK_STATUS_130,TEXT VERIFIED — display whitespace normalization only,10Tmsk8QF39H_aV-k_Ot99H8SEUMgo84qqTiTx_bs6lk
READING RESEARCH_SOURCE_CHECK_STATUS 131,https://docs.google.com/document/d/1AbDRqGBdaMFUXrFJG9KJLNphZ8XB4Cj-mQHRN1gh9l4/edit?usp=drivesdk,volume,RESEARCH_SOURCE_CHECK_STATUS,RESEARCH_SOURCE_CHECK_STATUS_131,TEXT VERIFIED — display whitespace normalization only,1AbDRqGBdaMFUXrFJG9KJLNphZ8XB4Cj-mQHRN1gh9l4
READING RESEARCH_SOURCE_CHECK_STATUS 132,https://docs.google.com/document/d/1JFFD1W3FqMjjCqDdNKm9nAqadym7kkbQvnqFhKHfofw/edit?usp=drivesdk,volume,RESEARCH_SOURCE_CHECK_STATUS,RESEARCH_SOURCE_CHECK_STATUS_132,TEXT VERIFIED — display whitespace normalization only,1JFFD1W3FqMjjCqDdNKm9nAqadym7kkbQvnqFhKHfofw
READING RESEARCH_SOURCE_CHECK_STATUS 133,https://docs.google.com/document/d/1SPk2o1IpC4hmrigIkSGwkyMpBrHyBRPy4H3tpcgfchU/edit?usp=drivesdk,volume,RESEARCH_SOURCE_CHECK_STATUS,RESEARCH_SOURCE_CHECK_STATUS_133,TEXT VERIFIED — display whitespace normalization only,1SPk2o1IpC4hmrigIkSGwkyMpBrHyBRPy4H3tpcgfchU
READING RESEARCH_SOURCE_CHECK_STATUS 134,https://docs.google.com/document/d/1lXM1WEAoDg-mJWJgbyC7naf5ITNb1rux1H7jF-bvrE8/edit?usp=drivesdk,volume,RESEARCH_SOURCE_CHECK_STATUS,RESEARCH_SOURCE_CHECK_STATUS_134,TEXT VERIFIED — display whitespace normalization only,1lXM1WEAoDg-mJWJgbyC7naf5ITNb1rux1H7jF-bvrE8
READING RESEARCH_SOURCE_CHECK_STATUS 135,https://docs.google.com/document/d/1PdRKR2HY1NozC6PUxAM0g2ltMVEVAqCdNy6yzZm4KZ8/edit?usp=drivesdk,volume,RESEARCH_SOURCE_CHECK_STATUS,RESEARCH_SOURCE_CHECK_STATUS_135,TEXT VERIFIED — display whitespace normalization only,1PdRKR2HY1NozC6PUxAM0g2ltMVEVAqCdNy6yzZm4KZ8
READING RESEARCH_SOURCE_CHECK_STATUS 136,https://docs.google.com/document/d/1XAdM1PPDwPj3KcTaccBIVtvSEVNF4woU1dsDuHmdx-U/edit?usp=drivesdk,volume,RESEARCH_SOURCE_CHECK_STATUS,RESEARCH_SOURCE_CHECK_STATUS_136,TEXT VERIFIED — display whitespace normalization only,1XAdM1PPDwPj3KcTaccBIVtvSEVNF4woU1dsDuHmdx-U
READING RESEARCH_SOURCE_CHECK_STATUS 137,https://docs.google.com/document/d/1ELJBNe5zh9LrGGpqvtp24yCNlpfiO6UFnckHLlXMZvk/edit?usp=drivesdk,volume,RESEARCH_SOURCE_CHECK_STATUS,RESEARCH_SOURCE_CHECK_STATUS_137,TEXT VERIFIED — display whitespace normalization only,1ELJBNe5zh9LrGGpqvtp24yCNlpfiO6UFnckHLlXMZvk
READING RESEARCH_SOURCE_CHECK_STATUS 138,https://docs.google.com/document/d/1zCE5XdvLIEjhOcQM9sM-xl9ZXtKu7Wq9rmDOJcPJaxI/edit?usp=drivesdk,volume,RESEARCH_SOURCE_CHECK_STATUS,RESEARCH_SOURCE_CHECK_STATUS_138,TEXT VERIFIED — display whitespace normalization only,1zCE5XdvLIEjhOcQM9sM-xl9ZXtKu7Wq9rmDOJcPJaxI
READING RESEARCH_SOURCE_CHECK_STATUS 139,https://docs.google.com/document/d/1JSkS-OFlmCYd8uxfDRqEQ4fZdqiaSiU6spAA774ciEc/edit?usp=drivesdk,volume,RESEARCH_SOURCE_CHECK_STATUS,RESEARCH_SOURCE_CHECK_STATUS_139,TEXT VERIFIED — display whitespace normalization only,1JSkS-OFlmCYd8uxfDRqEQ4fZdqiaSiU6spAA774ciEc
READING RESEARCH_SOURCE_CHECK_STATUS 140,https://docs.google.com/document/d/1o8mfZyqSTBiDM-Jz8JdHvFhw25DcUkMTmrSPU8-IptY/edit?usp=drivesdk,volume,RESEARCH_SOURCE_CHECK_STATUS,RESEARCH_SOURCE_CHECK_STATUS_140,TEXT VERIFIED — display whitespace normalization only,1o8mfZyqSTBiDM-Jz8JdHvFhw25DcUkMTmrSPU8-IptY
READING RESEARCH_SOURCE_CHECK_STATUS 141,https://docs.google.com/document/d/1dsbnFb8-AU9eyg7vqxknWl-7lVVBGwnpIRw5_goWN6w/edit?usp=drivesdk,volume,RESEARCH_SOURCE_CHECK_STATUS,RESEARCH_SOURCE_CHECK_STATUS_141,TEXT VERIFIED — display whitespace normalization only,1dsbnFb8-AU9eyg7vqxknWl-7lVVBGwnpIRw5_goWN6w
READING RESEARCH_SOURCE_CHECK_STATUS 142,https://docs.google.com/document/d/1iI15i45-lzfsVld3zVJKhNLHyPUlfj90sY3Lo0OkvzI/edit?usp=drivesdk,volume,RESEARCH_SOURCE_CHECK_STATUS,RESEARCH_SOURCE_CHECK_STATUS_142,TEXT VERIFIED — display whitespace normalization only,1iI15i45-lzfsVld3zVJKhNLHyPUlfj90sY3Lo0OkvzI
READING RESEARCH_SOURCE_CHECK_STATUS 143,https://docs.google.com/document/d/1YtKrE4OhWHZ0OhENzmcbAOMhmv0Ht-X6Ow4j9T5yMB4/edit?usp=drivesdk,volume,RESEARCH_SOURCE_CHECK_STATUS,RESEARCH_SOURCE_CHECK_STATUS_143,TEXT VERIFIED — display whitespace normalization only,1YtKrE4OhWHZ0OhENzmcbAOMhmv0Ht-X6Ow4j9T5yMB4
READING RESEARCH_SOURCE_CHECK_STATUS 144,https://docs.google.com/document/d/1CNdyZWIMm-Pn6NDUr0qksxew6QkUhXQWXgDPSn8JA1c/edit?usp=drivesdk,volume,RESEARCH_SOURCE_CHECK_STATUS,RESEARCH_SOURCE_CHECK_STATUS_144,TEXT VERIFIED — display whitespace normalization only,1CNdyZWIMm-Pn6NDUr0qksxew6QkUhXQWXgDPSn8JA1c
READING RESEARCH_SOURCE_CHECK_STATUS 145,https://docs.google.com/document/d/1Adrtv8SSu_8ofGepjfR13Qpl1clejyAhbGS8TNUl-dk/edit?usp=drivesdk,volume,RESEARCH_SOURCE_CHECK_STATUS,RESEARCH_SOURCE_CHECK_STATUS_145,TEXT VERIFIED — display whitespace normalization only,1Adrtv8SSu_8ofGepjfR13Qpl1clejyAhbGS8TNUl-dk
READING RESEARCH_SOURCE_CHECK_STATUS 146,https://docs.google.com/document/d/1MhbZ8jw7viI5GC4iSjiUXKwIu26x2GxPS5EWaJTxumg/edit?usp=drivesdk,volume,RESEARCH_SOURCE_CHECK_STATUS,RESEARCH_SOURCE_CHECK_STATUS_146,TEXT VERIFIED — display whitespace normalization only,1MhbZ8jw7viI5GC4iSjiUXKwIu26x2GxPS5EWaJTxumg
READING RESEARCH_SOURCE_CHECK_STATUS 147,https://docs.google.com/document/d/12BF-oJI32RM6IZ4miYtQQwAdE6ItMYdxibcRjE9OXvU/edit?usp=drivesdk,volume,RESEARCH_SOURCE_CHECK_STATUS,RESEARCH_SOURCE_CHECK_STATUS_147,TEXT VERIFIED — display whitespace normalization only,12BF-oJI32RM6IZ4miYtQQwAdE6ItMYdxibcRjE9OXvU
READING RESEARCH_SOURCE_CHECK_STATUS 148,https://docs.google.com/document/d/1jAkmTEg82sCT_MN8Klni9iVK0_98_OQ9yEtgM9tgwJ4/edit?usp=drivesdk,volume,RESEARCH_SOURCE_CHECK_STATUS,RESEARCH_SOURCE_CHECK_STATUS_148,TEXT VERIFIED — display whitespace normalization only,1jAkmTEg82sCT_MN8Klni9iVK0_98_OQ9yEtgM9tgwJ4
READING RESEARCH_SOURCE_CHECK_STATUS 149,https://docs.google.com/document/d/1CIrbTXl-udABy3xeOsI83SUT7ykdH5yrNVi-kHDYoUs/edit?usp=drivesdk,volume,RESEARCH_SOURCE_CHECK_STATUS,RESEARCH_SOURCE_CHECK_STATUS_149,TEXT VERIFIED — display whitespace normalization only,1CIrbTXl-udABy3xeOsI83SUT7ykdH5yrNVi-kHDYoUs
READING RESEARCH_SOURCE_CHECK_STATUS 150,https://docs.google.com/document/d/14pAnNwkhl0cz8qO0J-R_BkKJvugFw8_fyXhsA53VFZQ/edit?usp=drivesdk,volume,RESEARCH_SOURCE_CHECK_STATUS,RESEARCH_SOURCE_CHECK_STATUS_150,TEXT VERIFIED — display whitespace normalization only,14pAnNwkhl0cz8qO0J-R_BkKJvugFw8_fyXhsA53VFZQ
READING RESEARCH_SOURCE_CHECK_STATUS 151,https://docs.google.com/document/d/13mQPakGxsxAeuMRPEkoBpAecggXwz4XST6CG9LsDOP0/edit?usp=drivesdk,volume,RESEARCH_SOURCE_CHECK_STATUS,RESEARCH_SOURCE_CHECK_STATUS_151,TEXT VERIFIED — display whitespace normalization only,13mQPakGxsxAeuMRPEkoBpAecggXwz4XST6CG9LsDOP0
READING RESEARCH_SOURCE_CHECK_STATUS 152,https://docs.google.com/document/d/1-IQ-CuCuNqe9akkwc1AVZZfCg13UdIkwsOUYD33d5x8/edit?usp=drivesdk,volume,RESEARCH_SOURCE_CHECK_STATUS,RESEARCH_SOURCE_CHECK_STATUS_152,TEXT VERIFIED — display whitespace normalization only,1-IQ-CuCuNqe9akkwc1AVZZfCg13UdIkwsOUYD33d5x8
READING RESEARCH_SOURCE_CHECK_STATUS 153,https://docs.google.com/document/d/1rNrLE9UFCfGpSUhn52_oqITqFSIqdZlzqXIJFgnI-28/edit?usp=drivesdk,volume,RESEARCH_SOURCE_CHECK_STATUS,RESEARCH_SOURCE_CHECK_STATUS_153,TEXT VERIFIED — display whitespace normalization only,1rNrLE9UFCfGpSUhn52_oqITqFSIqdZlzqXIJFgnI-28
READING RESEARCH_SOURCE_CHECK_STATUS 154,https://docs.google.com/document/d/1rIM3lgpfLF_N1tC1muSiSzyBy-GzT2Um-Txq-J3R6ms/edit?usp=drivesdk,volume,RESEARCH_SOURCE_CHECK_STATUS,RESEARCH_SOURCE_CHECK_STATUS_154,TEXT VERIFIED — display whitespace normalization only,1rIM3lgpfLF_N1tC1muSiSzyBy-GzT2Um-Txq-J3R6ms
READING RESEARCH_SOURCE_CHECK_STATUS 155,https://docs.google.com/document/d/1otXqEDA2KHehfqfzZQ_94me3I6VQAJapWYGhpUOmGPA/edit?usp=drivesdk,volume,RESEARCH_SOURCE_CHECK_STATUS,RESEARCH_SOURCE_CHECK_STATUS_155,TEXT VERIFIED — display whitespace normalization only,1otXqEDA2KHehfqfzZQ_94me3I6VQAJapWYGhpUOmGPA
READING RESEARCH_SOURCE_CHECK_STATUS 156,https://docs.google.com/document/d/1Fc7E_Dnl3O4zO3tEfdf-uRRHaP3HWMkxSdrTHecK3v0/edit?usp=drivesdk,volume,RESEARCH_SOURCE_CHECK_STATUS,RESEARCH_SOURCE_CHECK_STATUS_156,TEXT VERIFIED — display whitespace normalization only,1Fc7E_Dnl3O4zO3tEfdf-uRRHaP3HWMkxSdrTHecK3v0
READING RESEARCH_SOURCE_CHECK_STATUS 157,https://docs.google.com/document/d/1FSw0aH7hJIjBD8YLDq4P8vIeRVUzcM0ePUULZot413w/edit?usp=drivesdk,volume,RESEARCH_SOURCE_CHECK_STATUS,RESEARCH_SOURCE_CHECK_STATUS_157,TEXT VERIFIED — display whitespace normalization only,1FSw0aH7hJIjBD8YLDq4P8vIeRVUzcM0ePUULZot413w
READING RESEARCH_SOURCE_CHECK_STATUS 158,https://docs.google.com/document/d/1VBSJVHOWXR1DittaCqpq86vSfpZxy5TyOnedjJ2zsbo/edit?usp=drivesdk,volume,RESEARCH_SOURCE_CHECK_STATUS,RESEARCH_SOURCE_CHECK_STATUS_158,TEXT VERIFIED — display whitespace normalization only,1VBSJVHOWXR1DittaCqpq86vSfpZxy5TyOnedjJ2zsbo
READING RESEARCH_SOURCE_CHECK_STATUS 159,https://docs.google.com/document/d/1rJGPvsOIAGPVpKUBst_kJ9QHfC743GYFemxiSrTmRHI/edit?usp=drivesdk,volume,RESEARCH_SOURCE_CHECK_STATUS,RESEARCH_SOURCE_CHECK_STATUS_159,TEXT VERIFIED — display whitespace normalization only,1rJGPvsOIAGPVpKUBst_kJ9QHfC743GYFemxiSrTmRHI
READING RESEARCH_SOURCE_CHECK_STATUS 160,https://docs.google.com/document/d/1bivh5BWHk_wvOd8IEGyQzAq2XtTiLai1D-r5viqnCtw/edit?usp=drivesdk,volume,RESEARCH_SOURCE_CHECK_STATUS,RESEARCH_SOURCE_CHECK_STATUS_160,TEXT VERIFIED — display whitespace normalization only,1bivh5BWHk_wvOd8IEGyQzAq2XtTiLai1D-r5viqnCtw
READING RESEARCH_SOURCE_CHECK_STATUS 161,https://docs.google.com/document/d/1kuXavdYrdrRWvlHEpXttUxfjCJOrZ_k_vWoR5D5_SJg/edit?usp=drivesdk,volume,RESEARCH_SOURCE_CHECK_STATUS,RESEARCH_SOURCE_CHECK_STATUS_161,TEXT VERIFIED — display whitespace normalization only,1kuXavdYrdrRWvlHEpXttUxfjCJOrZ_k_vWoR5D5_SJg
READING RESEARCH_SOURCE_CHECK_STATUS 162,https://docs.google.com/document/d/1lJbI6Lq3eowS1v9WpQnCcCpHQmFTzipeYXR74kLjYBU/edit?usp=drivesdk,volume,RESEARCH_SOURCE_CHECK_STATUS,RESEARCH_SOURCE_CHECK_STATUS_162,TEXT VERIFIED — display whitespace normalization only,1lJbI6Lq3eowS1v9WpQnCcCpHQmFTzipeYXR74kLjYBU
READING RESEARCH_SOURCE_CHECK_STATUS 163,https://docs.google.com/document/d/1BGyPPtvTDhcEYbArqnxbJ-vPlctfM-eA9eW_R1Sde3g/edit?usp=drivesdk,volume,RESEARCH_SOURCE_CHECK_STATUS,RESEARCH_SOURCE_CHECK_STATUS_163,TEXT VERIFIED — display whitespace normalization only,1BGyPPtvTDhcEYbArqnxbJ-vPlctfM-eA9eW_R1Sde3g
READING RESEARCH_SOURCE_CHECK_STATUS 164,https://docs.google.com/document/d/1Y6AIc6kpvRm2o0DVi8DCs7PHZIeIDcyjsXMO9z8m_ks/edit?usp=drivesdk,volume,RESEARCH_SOURCE_CHECK_STATUS,RESEARCH_SOURCE_CHECK_STATUS_164,TEXT VERIFIED — display whitespace normalization only,1Y6AIc6kpvRm2o0DVi8DCs7PHZIeIDcyjsXMO9z8m_ks
READING RESEARCH_SOURCE_CHECK_STATUS 165,https://docs.google.com/document/d/1TA7YDebi0sM73ty4MO2DmaDGmjQeSRoVqETIkuDPVQQ/edit?usp=drivesdk,volume,RESEARCH_SOURCE_CHECK_STATUS,RESEARCH_SOURCE_CHECK_STATUS_165,TEXT VERIFIED — display whitespace normalization only,1TA7YDebi0sM73ty4MO2DmaDGmjQeSRoVqETIkuDPVQQ
READING RESEARCH_SOURCE_CHECK_STATUS 166,https://docs.google.com/document/d/1we611GFhAUX0pbieszkhm523YKf1Be_juPK4Zw158no/edit?usp=drivesdk,volume,RESEARCH_SOURCE_CHECK_STATUS,RESEARCH_SOURCE_CHECK_STATUS_166,TEXT VERIFIED — display whitespace normalization only,1we611GFhAUX0pbieszkhm523YKf1Be_juPK4Zw158no
READING RESEARCH_SOURCE_CHECK_STATUS 167,https://docs.google.com/document/d/1L8hdhOubZniCx65iIdu_31zNiRn9lcoGUI2i0gMA3cg/edit?usp=drivesdk,volume,RESEARCH_SOURCE_CHECK_STATUS,RESEARCH_SOURCE_CHECK_STATUS_167,TEXT VERIFIED — display whitespace normalization only,1L8hdhOubZniCx65iIdu_31zNiRn9lcoGUI2i0gMA3cg
READING RESEARCH_SOURCE_CHECK_STATUS 168,https://docs.google.com/document/d/1m_ZAK97NorJukW1S81v-_ZAgJoSHzvk-HbGfyfjGFQA/edit?usp=drivesdk,volume,RESEARCH_SOURCE_CHECK_STATUS,RESEARCH_SOURCE_CHECK_STATUS_168,TEXT VERIFIED — display whitespace normalization only,1m_ZAK97NorJukW1S81v-_ZAgJoSHzvk-HbGfyfjGFQA
READING RESEARCH_SOURCE_CHECK_STATUS 169,https://docs.google.com/document/d/1y4ompZZjQiqA71VwErwcKieK4rsnF3J7t8CNcbF7hTE/edit?usp=drivesdk,volume,RESEARCH_SOURCE_CHECK_STATUS,RESEARCH_SOURCE_CHECK_STATUS_169,TEXT VERIFIED — display whitespace normalization only,1y4ompZZjQiqA71VwErwcKieK4rsnF3J7t8CNcbF7hTE
READING RESEARCH_SOURCE_CHECK_STATUS 170,https://docs.google.com/document/d/1KpWBYwQR9ypjJ_DzGpJbB5S-b5jVTxf_RnRDuN2BZ20/edit?usp=drivesdk,volume,RESEARCH_SOURCE_CHECK_STATUS,RESEARCH_SOURCE_CHECK_STATUS_170,TEXT VERIFIED — display whitespace normalization only,1KpWBYwQR9ypjJ_DzGpJbB5S-b5jVTxf_RnRDuN2BZ20
READING RESEARCH_SOURCE_CHECK_STATUS 171,https://docs.google.com/document/d/12hI6eFhdxQ4AwxK1nnzsBJjdNrzK48GoAs_DLBhz-DE/edit?usp=drivesdk,volume,RESEARCH_SOURCE_CHECK_STATUS,RESEARCH_SOURCE_CHECK_STATUS_171,TEXT VERIFIED — display whitespace normalization only,12hI6eFhdxQ4AwxK1nnzsBJjdNrzK48GoAs_DLBhz-DE
READING RESEARCH_SOURCE_CHECK_STATUS 172,https://docs.google.com/document/d/1dsjOERBMD4NLpUV2rzO0pytyptK-W32gQ3GuorRNw7o/edit?usp=drivesdk,volume,RESEARCH_SOURCE_CHECK_STATUS,RESEARCH_SOURCE_CHECK_STATUS_172,TEXT VERIFIED — display whitespace normalization only,1dsjOERBMD4NLpUV2rzO0pytyptK-W32gQ3GuorRNw7o
READING RESEARCH_SOURCE_CHECK_STATUS 173,https://docs.google.com/document/d/16pvvE0tP2ij9NwJvDlJWc4a2pqOocvWAY0Ncp1cGIaE/edit?usp=drivesdk,volume,RESEARCH_SOURCE_CHECK_STATUS,RESEARCH_SOURCE_CHECK_STATUS_173,TEXT VERIFIED — display whitespace normalization only,16pvvE0tP2ij9NwJvDlJWc4a2pqOocvWAY0Ncp1cGIaE
READING RESEARCH_SOURCE_CHECK_STATUS 174,https://docs.google.com/document/d/1yKzjmD8trD9SfOETpCrBUIBodURntm7lKKJZfAYyQu8/edit?usp=drivesdk,volume,RESEARCH_SOURCE_CHECK_STATUS,RESEARCH_SOURCE_CHECK_STATUS_174,TEXT VERIFIED — display whitespace normalization only,1yKzjmD8trD9SfOETpCrBUIBodURntm7lKKJZfAYyQu8
READING RESEARCH_SOURCE_CHECK_STATUS 175,https://docs.google.com/document/d/1eD3O-0csUGVOp98Kx3lN3toOQ_s6uyCgH890T36YeO0/edit?usp=drivesdk,volume,RESEARCH_SOURCE_CHECK_STATUS,RESEARCH_SOURCE_CHECK_STATUS_175,TEXT VERIFIED — display whitespace normalization only,1eD3O-0csUGVOp98Kx3lN3toOQ_s6uyCgH890T36YeO0
READING RESEARCH_SOURCE_CHECK_STATUS 176,https://docs.google.com/document/d/170awt4ng_cfsjU5bNiB0kyZCKWbQ8eJ25ri8EaLu4Ic/edit?usp=drivesdk,volume,RESEARCH_SOURCE_CHECK_STATUS,RESEARCH_SOURCE_CHECK_STATUS_176,TEXT VERIFIED — display whitespace normalization only,170awt4ng_cfsjU5bNiB0kyZCKWbQ8eJ25ri8EaLu4Ic
READING RESEARCH_SOURCE_CHECK_STATUS 177,https://docs.google.com/document/d/10hXgwKhvF8xem4PtuneNpD-ttoEFfoLGEs1Kk-k4HCo/edit?usp=drivesdk,volume,RESEARCH_SOURCE_CHECK_STATUS,RESEARCH_SOURCE_CHECK_STATUS_177,TEXT VERIFIED — display whitespace normalization only,10hXgwKhvF8xem4PtuneNpD-ttoEFfoLGEs1Kk-k4HCo
READING RESEARCH_SOURCE_CHECK_STATUS 178,https://docs.google.com/document/d/1o6H4hPG4xlCXl5Djz6zH51d598NdgFw77EFkUEbl4Wc/edit?usp=drivesdk,volume,RESEARCH_SOURCE_CHECK_STATUS,RESEARCH_SOURCE_CHECK_STATUS_178,TEXT VERIFIED — display whitespace normalization only,1o6H4hPG4xlCXl5Djz6zH51d598NdgFw77EFkUEbl4Wc
READING RESEARCH_SOURCE_CHECK_STATUS 179,https://docs.google.com/document/d/1oP5bkaX2to4v4TFwQFNPuIPS95vvyetmSKLBuUqdam8/edit?usp=drivesdk,volume,RESEARCH_SOURCE_CHECK_STATUS,RESEARCH_SOURCE_CHECK_STATUS_179,TEXT VERIFIED — display whitespace normalization only,1oP5bkaX2to4v4TFwQFNPuIPS95vvyetmSKLBuUqdam8
READING RESEARCH_SOURCE_CHECK_STATUS 180,https://docs.google.com/document/d/1qn2Rvj9CsLqXZ-BjZQxlp0Dc_Xk14g6QF0DalYOTSoc/edit?usp=drivesdk,volume,RESEARCH_SOURCE_CHECK_STATUS,RESEARCH_SOURCE_CHECK_STATUS_180,TEXT VERIFIED — display whitespace normalization only,1qn2Rvj9CsLqXZ-BjZQxlp0Dc_Xk14g6QF0DalYOTSoc
READING RESEARCH_SOURCE_CHECK_STATUS 181,https://docs.google.com/document/d/1R5LNynIEJOsgAyXTRFrSpxSUY4IYdfjduwg9JebsVAw/edit?usp=drivesdk,volume,RESEARCH_SOURCE_CHECK_STATUS,RESEARCH_SOURCE_CHECK_STATUS_181,TEXT VERIFIED — display whitespace normalization only,1R5LNynIEJOsgAyXTRFrSpxSUY4IYdfjduwg9JebsVAw
READING RESEARCH_SOURCE_CHECK_STATUS 182,https://docs.google.com/document/d/1K_hc5zpeflPmT03OaB2aqQZDYPlbw6n4jbjMNKnLmPY/edit?usp=drivesdk,volume,RESEARCH_SOURCE_CHECK_STATUS,RESEARCH_SOURCE_CHECK_STATUS_182,TEXT VERIFIED — display whitespace normalization only,1K_hc5zpeflPmT03OaB2aqQZDYPlbw6n4jbjMNKnLmPY
READING RESEARCH_SOURCE_CHECK_STATUS 183,https://docs.google.com/document/d/155-ExJO1uPLbNHpGEGiwTjKNqUW6Pur8Bu02626kBdo/edit?usp=drivesdk,volume,RESEARCH_SOURCE_CHECK_STATUS,RESEARCH_SOURCE_CHECK_STATUS_183,TEXT VERIFIED — display whitespace normalization only,155-ExJO1uPLbNHpGEGiwTjKNqUW6Pur8Bu02626kBdo
READING RESEARCH_SOURCE_CHECK_STATUS 184,https://docs.google.com/document/d/17xHcv1pndhPsszpe1DjfeaX9Ndz3uczxl2kNoEba28A/edit?usp=drivesdk,volume,RESEARCH_SOURCE_CHECK_STATUS,RESEARCH_SOURCE_CHECK_STATUS_184,TEXT VERIFIED — display whitespace normalization only,17xHcv1pndhPsszpe1DjfeaX9Ndz3uczxl2kNoEba28A
READING RESEARCH_SOURCE_CHECK_STATUS 185,https://docs.google.com/document/d/15hv9Z3p5srwuuTN4mL8lDhXHVo9Zou-_JXwPibkVYk8/edit?usp=drivesdk,volume,RESEARCH_SOURCE_CHECK_STATUS,RESEARCH_SOURCE_CHECK_STATUS_185,TEXT VERIFIED — display whitespace normalization only,15hv9Z3p5srwuuTN4mL8lDhXHVo9Zou-_JXwPibkVYk8
READING RESEARCH_SOURCE_CHECK_STATUS 186,https://docs.google.com/document/d/1BGMOqa3ieJ8sb1xivYrjh7MYbfYUMCmpoHnicr8x4KM/edit?usp=drivesdk,volume,RESEARCH_SOURCE_CHECK_STATUS,RESEARCH_SOURCE_CHECK_STATUS_186,TEXT VERIFIED — display whitespace normalization only,1BGMOqa3ieJ8sb1xivYrjh7MYbfYUMCmpoHnicr8x4KM
READING RESEARCH_SOURCE_CHECK_STATUS 187,https://docs.google.com/document/d/1-uer1bhZAz796Pk7pQerg_2rkMIKmyUkOTZIndiOS04/edit?usp=drivesdk,volume,RESEARCH_SOURCE_CHECK_STATUS,RESEARCH_SOURCE_CHECK_STATUS_187,TEXT VERIFIED — display whitespace normalization only,1-uer1bhZAz796Pk7pQerg_2rkMIKmyUkOTZIndiOS04
READING RESEARCH_SOURCE_CHECK_STATUS 188,https://docs.google.com/document/d/1Rpf5huqAO36Itt75aaGehcxnafD3jy8vjENlrhir91w/edit?usp=drivesdk,volume,RESEARCH_SOURCE_CHECK_STATUS,RESEARCH_SOURCE_CHECK_STATUS_188,TEXT VERIFIED — display whitespace normalization only,1Rpf5huqAO36Itt75aaGehcxnafD3jy8vjENlrhir91w
READING RESEARCH_SOURCE_CHECK_STATUS 189,https://docs.google.com/document/d/1A6J9gk1GlE-spcIhL2CCxCn-gt8gUhBY-hx79qMxzkk/edit?usp=drivesdk,volume,RESEARCH_SOURCE_CHECK_STATUS,RESEARCH_SOURCE_CHECK_STATUS_189,TEXT VERIFIED — display whitespace normalization only,1A6J9gk1GlE-spcIhL2CCxCn-gt8gUhBY-hx79qMxzkk
READING RESEARCH_SOURCE_CHECK_STATUS 190,https://docs.google.com/document/d/1qDPvzXFOus7INGv_5nvagtqgdT5du4OvHZMiJamyaew/edit?usp=drivesdk,volume,RESEARCH_SOURCE_CHECK_STATUS,RESEARCH_SOURCE_CHECK_STATUS_190,TEXT VERIFIED — display whitespace normalization only,1qDPvzXFOus7INGv_5nvagtqgdT5du4OvHZMiJamyaew
READING RESEARCH_SOURCE_CHECK_STATUS 191,https://docs.google.com/document/d/1O0Lm3N_CwOzg-MG5kUA9pMOOGr1k6YQPkqBoplEFPZM/edit?usp=drivesdk,volume,RESEARCH_SOURCE_CHECK_STATUS,RESEARCH_SOURCE_CHECK_STATUS_191,TEXT VERIFIED — display whitespace normalization only,1O0Lm3N_CwOzg-MG5kUA9pMOOGr1k6YQPkqBoplEFPZM
READING RESEARCH_SOURCE_CHECK_STATUS 192,https://docs.google.com/document/d/1iSXeqgg6xmklAjOuTT8UFV3tf4FdfYjnwpzMkg4we6s/edit?usp=drivesdk,volume,RESEARCH_SOURCE_CHECK_STATUS,RESEARCH_SOURCE_CHECK_STATUS_192,TEXT VERIFIED — display whitespace normalization only,1iSXeqgg6xmklAjOuTT8UFV3tf4FdfYjnwpzMkg4we6s
READING RESEARCH_SOURCE_CHECK_STATUS 193,https://docs.google.com/document/d/1uB1yI7VDk16bZf6E5IUrst1BD7TkDnUAWRqeYduLvXA/edit?usp=drivesdk,volume,RESEARCH_SOURCE_CHECK_STATUS,RESEARCH_SOURCE_CHECK_STATUS_193,TEXT VERIFIED — display whitespace normalization only,1uB1yI7VDk16bZf6E5IUrst1BD7TkDnUAWRqeYduLvXA
READING RESEARCH_SOURCE_CHECK_STATUS 194,https://docs.google.com/document/d/1DM02l6jqf_0jK40Lwg5l5vUwzMDR93tKsPCmE4pMbd8/edit?usp=drivesdk,volume,RESEARCH_SOURCE_CHECK_STATUS,RESEARCH_SOURCE_CHECK_STATUS_194,TEXT VERIFIED — display whitespace normalization only,1DM02l6jqf_0jK40Lwg5l5vUwzMDR93tKsPCmE4pMbd8
READING RESEARCH_SOURCE_CHECK_STATUS 195,https://docs.google.com/document/d/17iDBI5lMrNjTTmJJbinKPvX2cnnLkIN17_XKuvKanBg/edit?usp=drivesdk,volume,RESEARCH_SOURCE_CHECK_STATUS,RESEARCH_SOURCE_CHECK_STATUS_195,TEXT VERIFIED — display whitespace normalization only,17iDBI5lMrNjTTmJJbinKPvX2cnnLkIN17_XKuvKanBg
READING RESEARCH_SOURCE_CHECK_STATUS 196,https://docs.google.com/document/d/1oU3nUrP6LvQ5OKy-dwjZPumPnRUcgqsBeVnyvdVTNgE/edit?usp=drivesdk,volume,RESEARCH_SOURCE_CHECK_STATUS,RESEARCH_SOURCE_CHECK_STATUS_196,TEXT VERIFIED — display whitespace normalization only,1oU3nUrP6LvQ5OKy-dwjZPumPnRUcgqsBeVnyvdVTNgE
READING RESEARCH_SOURCE_CHECK_STATUS 197,https://docs.google.com/document/d/1oQYF8ZEhEE6UppPsC9gojpxIvxSOtTPTeQcRLUp1pXY/edit?usp=drivesdk,volume,RESEARCH_SOURCE_CHECK_STATUS,RESEARCH_SOURCE_CHECK_STATUS_197,TEXT VERIFIED — display whitespace normalization only,1oQYF8ZEhEE6UppPsC9gojpxIvxSOtTPTeQcRLUp1pXY
READING RESEARCH_SOURCE_CHECK_STATUS 198,https://docs.google.com/document/d/1NQeg40DaO0Y_ZMDcjjGs5q1t_wP5HbVDvtfk-vFPkIo/edit?usp=drivesdk,volume,RESEARCH_SOURCE_CHECK_STATUS,RESEARCH_SOURCE_CHECK_STATUS_198,TEXT VERIFIED — display whitespace normalization only,1NQeg40DaO0Y_ZMDcjjGs5q1t_wP5HbVDvtfk-vFPkIo
READING RESEARCH_SOURCE_CHECK_STATUS 199,https://docs.google.com/document/d/1WzRQ9Eu0QfRy7U1YzcmKTHYSF3S98QUt9KMaQTjP2fk/edit?usp=drivesdk,volume,RESEARCH_SOURCE_CHECK_STATUS,RESEARCH_SOURCE_CHECK_STATUS_199,TEXT VERIFIED — display whitespace normalization only,1WzRQ9Eu0QfRy7U1YzcmKTHYSF3S98QUt9KMaQTjP2fk
READING RESEARCH_SOURCE_CHECK_STATUS 200,https://docs.google.com/document/d/1OAA2nTogCoQzK0iiHaH9ZcAQvPLpoq_pRlguq27PRCQ/edit?usp=drivesdk,volume,RESEARCH_SOURCE_CHECK_STATUS,RESEARCH_SOURCE_CHECK_STATUS_200,TEXT VERIFIED — display whitespace normalization only,1OAA2nTogCoQzK0iiHaH9ZcAQvPLpoq_pRlguq27PRCQ
READING RESEARCH_SOURCE_CHECK_STATUS 201,https://docs.google.com/document/d/1TwNM1aPjOc6XLQuMja6sHtpHV6HoyP_zm3om8SIQSlw/edit?usp=drivesdk,volume,RESEARCH_SOURCE_CHECK_STATUS,RESEARCH_SOURCE_CHECK_STATUS_201,TEXT VERIFIED — display whitespace normalization only,1TwNM1aPjOc6XLQuMja6sHtpHV6HoyP_zm3om8SIQSlw
READING RESEARCH_SOURCE_CHECK_STATUS 202,https://docs.google.com/document/d/1R4_2huBy2TWcv2VN4wB_LB2VYncNm30I2lEDLlLYn6U/edit?usp=drivesdk,volume,RESEARCH_SOURCE_CHECK_STATUS,RESEARCH_SOURCE_CHECK_STATUS_202,TEXT VERIFIED — display whitespace normalization only,1R4_2huBy2TWcv2VN4wB_LB2VYncNm30I2lEDLlLYn6U
READING RESEARCH_SOURCE_CHECK_STATUS 203,https://docs.google.com/document/d/16Wgo1cy3oww5ZJMKE8TUgtDMNWtu2bIPwtN1BvQG2GY/edit?usp=drivesdk,volume,RESEARCH_SOURCE_CHECK_STATUS,RESEARCH_SOURCE_CHECK_STATUS_203,TEXT VERIFIED — display whitespace normalization only,16Wgo1cy3oww5ZJMKE8TUgtDMNWtu2bIPwtN1BvQG2GY
READING RESEARCH_SOURCE_CHECK_STATUS 204,https://docs.google.com/document/d/1s8xK6So1TuYNmNFEyMlbUrWvuLG7g1OeypjEXSLg0mU/edit?usp=drivesdk,volume,RESEARCH_SOURCE_CHECK_STATUS,RESEARCH_SOURCE_CHECK_STATUS_204,TEXT VERIFIED — display whitespace normalization only,1s8xK6So1TuYNmNFEyMlbUrWvuLG7g1OeypjEXSLg0mU
READING RESEARCH_SOURCE_CHECK_STATUS 205,https://docs.google.com/document/d/1euj_fAoFNcyagvch4tBKu2XDhymAlL_LBM2-xKWfT7s/edit?usp=drivesdk,volume,RESEARCH_SOURCE_CHECK_STATUS,RESEARCH_SOURCE_CHECK_STATUS_205,TEXT VERIFIED — display whitespace normalization only,1euj_fAoFNcyagvch4tBKu2XDhymAlL_LBM2-xKWfT7s
READING RESEARCH_SOURCE_CHECK_STATUS 206,https://docs.google.com/document/d/18mzWcfaujHA5rdPBEWWtIsQ7y3jHQzFhA7KP2_TmKfU/edit?usp=drivesdk,volume,RESEARCH_SOURCE_CHECK_STATUS,RESEARCH_SOURCE_CHECK_STATUS_206,TEXT VERIFIED — display whitespace normalization only,18mzWcfaujHA5rdPBEWWtIsQ7y3jHQzFhA7KP2_TmKfU
READING RESEARCH_SOURCE_CHECK_STATUS 207,https://docs.google.com/document/d/1xVW9j0-7hypxXXslRMWEWVQdrfyu4g_wEhQxLC_J5hE/edit?usp=drivesdk,volume,RESEARCH_SOURCE_CHECK_STATUS,RESEARCH_SOURCE_CHECK_STATUS_207,TEXT VERIFIED — display whitespace normalization only,1xVW9j0-7hypxXXslRMWEWVQdrfyu4g_wEhQxLC_J5hE
READING RESEARCH_SOURCE_CHECK_STATUS 208,https://docs.google.com/document/d/1XjCiIYfdWW0GdroHK9sz5T2IOkNoiXNMlTeiEYNgTOk/edit?usp=drivesdk,volume,RESEARCH_SOURCE_CHECK_STATUS,RESEARCH_SOURCE_CHECK_STATUS_208,TEXT VERIFIED — display whitespace normalization only,1XjCiIYfdWW0GdroHK9sz5T2IOkNoiXNMlTeiEYNgTOk
READING RESEARCH_SOURCE_CHECK_STATUS 209,https://docs.google.com/document/d/12l9z2JDbXz85WyIHeF23DxWx1YmS6YN8LLE69c0ksig/edit?usp=drivesdk,volume,RESEARCH_SOURCE_CHECK_STATUS,RESEARCH_SOURCE_CHECK_STATUS_209,TEXT VERIFIED — display whitespace normalization only,12l9z2JDbXz85WyIHeF23DxWx1YmS6YN8LLE69c0ksig
READING RESEARCH_SOURCE_CHECK_STATUS 210,https://docs.google.com/document/d/1eO0dD1cyKwnjDdPWqE-UvOAc_yZfx5qT8Klv6QMjZlI/edit?usp=drivesdk,volume,RESEARCH_SOURCE_CHECK_STATUS,RESEARCH_SOURCE_CHECK_STATUS_210,TEXT VERIFIED — display whitespace normalization only,1eO0dD1cyKwnjDdPWqE-UvOAc_yZfx5qT8Klv6QMjZlI
READING RESEARCH_SOURCE_CHECK_STATUS 211,https://docs.google.com/document/d/1FZZIKB0Kggoas_kr_tUSn7qP56qqnBBKHvdm9pH1YYI/edit?usp=drivesdk,volume,RESEARCH_SOURCE_CHECK_STATUS,RESEARCH_SOURCE_CHECK_STATUS_211,TEXT VERIFIED — display whitespace normalization only,1FZZIKB0Kggoas_kr_tUSn7qP56qqnBBKHvdm9pH1YYI
READING RESEARCH_SOURCE_CHECK_STATUS 212,https://docs.google.com/document/d/1OO2YyQnMo9haEEADBCin8I7GrfAnCWpt8tnY_Nkzi-c/edit?usp=drivesdk,volume,RESEARCH_SOURCE_CHECK_STATUS,RESEARCH_SOURCE_CHECK_STATUS_212,TEXT VERIFIED — display whitespace normalization only,1OO2YyQnMo9haEEADBCin8I7GrfAnCWpt8tnY_Nkzi-c
READING RESEARCH_SOURCE_CHECK_STATUS 213,https://docs.google.com/document/d/1Ay5Vbpy9uFjwkHmGTXDLdTvMmv-RXFbNRZ4L2FQyjCQ/edit?usp=drivesdk,volume,RESEARCH_SOURCE_CHECK_STATUS,RESEARCH_SOURCE_CHECK_STATUS_213,TEXT VERIFIED — display whitespace normalization only,1Ay5Vbpy9uFjwkHmGTXDLdTvMmv-RXFbNRZ4L2FQyjCQ
READING RESEARCH_SOURCE_CHECK_STATUS 214,https://docs.google.com/document/d/1E6rTSkfOgxS7n7v0fWvxSFwkvHqyBJ5XRHBp2-MEsPM/edit?usp=drivesdk,volume,RESEARCH_SOURCE_CHECK_STATUS,RESEARCH_SOURCE_CHECK_STATUS_214,TEXT VERIFIED — display whitespace normalization only,1E6rTSkfOgxS7n7v0fWvxSFwkvHqyBJ5XRHBp2-MEsPM
READING RESEARCH_SOURCE_CHECK_STATUS 215,https://docs.google.com/document/d/18UQbdhnLf0xggDrrbWF9zhB1GIphEuYAq7ik0A2vG5I/edit?usp=drivesdk,volume,RESEARCH_SOURCE_CHECK_STATUS,RESEARCH_SOURCE_CHECK_STATUS_215,TEXT VERIFIED — display whitespace normalization only,18UQbdhnLf0xggDrrbWF9zhB1GIphEuYAq7ik0A2vG5I
READING RESEARCH_SOURCE_CHECK_STATUS 216,https://docs.google.com/document/d/16TctwG4bOSnqnmsqDxB7LBUF3yPmnlOTrV8jpCUq-qo/edit?usp=drivesdk,volume,RESEARCH_SOURCE_CHECK_STATUS,RESEARCH_SOURCE_CHECK_STATUS_216,TEXT VERIFIED — display whitespace normalization only,16TctwG4bOSnqnmsqDxB7LBUF3yPmnlOTrV8jpCUq-qo
READING RESEARCH_SOURCE_CHECK_STATUS 217,https://docs.google.com/document/d/1b-qZkW4tOEYpn4xKonPv_D0vPcePrHu2pRtkG1PBMFA/edit?usp=drivesdk,volume,RESEARCH_SOURCE_CHECK_STATUS,RESEARCH_SOURCE_CHECK_STATUS_217,TEXT VERIFIED — display whitespace normalization only,1b-qZkW4tOEYpn4xKonPv_D0vPcePrHu2pRtkG1PBMFA
READING RESEARCH_SOURCE_CHECK_STATUS 218,https://docs.google.com/document/d/1FQ8H5RYc0YhtBe7lDo1ET83-G4flFyuB7ulxAvm1jow/edit?usp=drivesdk,volume,RESEARCH_SOURCE_CHECK_STATUS,RESEARCH_SOURCE_CHECK_STATUS_218,TEXT VERIFIED — display whitespace normalization only,1FQ8H5RYc0YhtBe7lDo1ET83-G4flFyuB7ulxAvm1jow
WORD EQUATION STRUCTURES RESEARCH_SOURCE_CHECK_STATUS 001,https://docs.google.com/document/d/1bZhPhqFv--Dah6ZuNF49V4LWsw_nSh6gJBCo5Ga-Xv0/edit?usp=drivesdk,volume,RESEARCH_SOURCE_CHECK_STATUS,WORD_EQUATIONS_RESEARCH_SOURCE_CHECK_STATUS_001,TEXT VERIFIED — display whitespace normalization only,1bZhPhqFv--Dah6ZuNF49V4LWsw_nSh6gJBCo5Ga-Xv0
WORD EQUATION STRUCTURES RESEARCH_SOURCE_CHECK_STATUS 002,https://docs.google.com/document/d/1ZKU3VNK_wleormGjuW78cTTAuY8fJRyD2b7v3132K5M/edit?usp=drivesdk,volume,RESEARCH_SOURCE_CHECK_STATUS,WORD_EQUATIONS_RESEARCH_SOURCE_CHECK_STATUS_002,TEXT VERIFIED — display whitespace normalization only,1ZKU3VNK_wleormGjuW78cTTAuY8fJRyD2b7v3132K5M
WORD EQUATION STRUCTURES RESEARCH_SOURCE_CHECK_STATUS 003,https://docs.google.com/document/d/12OUKXG0mLtxDQesB3h5I36bmKOIgIBxK9rr-vkDHwx8/edit?usp=drivesdk,volume,RESEARCH_SOURCE_CHECK_STATUS,WORD_EQUATIONS_RESEARCH_SOURCE_CHECK_STATUS_003,TEXT VERIFIED — display whitespace normalization only,12OUKXG0mLtxDQesB3h5I36bmKOIgIBxK9rr-vkDHwx8
WORD EQUATION STRUCTURES RESEARCH_SOURCE_CHECK_STATUS 004,https://docs.google.com/document/d/1kvgP_hxJpvKL2JyB-ROUuwpi-mu4Bz3eeg_JNT_pfvI/edit?usp=drivesdk,volume,RESEARCH_SOURCE_CHECK_STATUS,WORD_EQUATIONS_RESEARCH_SOURCE_CHECK_STATUS_004,TEXT VERIFIED — display whitespace normalization only,1kvgP_hxJpvKL2JyB-ROUuwpi-mu4Bz3eeg_JNT_pfvI
WORD EQUATION STRUCTURES RESEARCH_SOURCE_CHECK_STATUS 005,https://docs.google.com/document/d/1UBOA2S_vGntSWJHJzk1cBCnCQjZOspsrar8nscF4LWs/edit?usp=drivesdk,volume,RESEARCH_SOURCE_CHECK_STATUS,WORD_EQUATIONS_RESEARCH_SOURCE_CHECK_STATUS_005,TEXT VERIFIED — display whitespace normalization only,1UBOA2S_vGntSWJHJzk1cBCnCQjZOspsrar8nscF4LWs
WORD EQUATION STRUCTURES RESEARCH_SOURCE_CHECK_STATUS 006,https://docs.google.com/document/d/19bIJF1U_lAIwjoGmMMbpC-sHAWwtaTxySxEGyzDjgr4/edit?usp=drivesdk,volume,RESEARCH_SOURCE_CHECK_STATUS,WORD_EQUATIONS_RESEARCH_SOURCE_CHECK_STATUS_006,TEXT VERIFIED — display whitespace normalization only,19bIJF1U_lAIwjoGmMMbpC-sHAWwtaTxySxEGyzDjgr4
READING COPY Request Refined for Future Use [a0e1312bd384],https://docs.google.com/document/d/1YQxilbrVmaztw9__niXjXxS-Mctyheku92FFNbUWJQs/edit?usp=drivesdk,docx,MULTIPLE_CONTEXTS,a0e1312bd38401559d8c2bea9afd86e491d815e6ccd389d09f5c2e6f471090b3,NATIVE TEXT VERIFIED — original governs layout,1YQxilbrVmaztw9__niXjXxS-Mctyheku92FFNbUWJQs
a179674ee611_page-09.png,https://drive.google.com/file/d/1JsXnuLKWKxBSwqrOWcrLI0geMMml_MeJ/view?usp=drivesdk,binary,RESEARCH_SOURCE_CHECK_STATUS,a179674ee611fb901e17d76aa272b7326c3aaa28a0a909793b56a52058a7a303,EXACT RAW BYTES VERIFIED — SHA-256 match,1JsXnuLKWKxBSwqrOWcrLI0geMMml_MeJ
DATA READING COPY wedge_fine.tsv [a48a9f52a794],https://docs.google.com/spreadsheets/d/1NVqitpW_gqVnZZ31UV8Q1mwAd9atd3QJ059TElCF7c4/edit?usp=drivesdk,sheet,RESEARCH_SOURCE_CHECK_STATUS,a48a9f52a7941085979ccb532bb2a2c6eca6535705e59074f98c73d5fe3c90cd,LOCAL CELLS VERIFIED + NATIVE FIRST/LAST ROWS VERIFIED,1NVqitpW_gqVnZZ31UV8Q1mwAd9atd3QJ059TElCF7c4
a4ac46416b20_p02b-2.png,https://drive.google.com/file/d/1sF0XIGFlapWTy3hgVdoCbhv91Kc7vL56/view?usp=drivesdk,binary,RESEARCH_SOURCE_CHECK_STATUS,a4ac46416b202a8ded85951c01c7e8e6dc84208609b1361351390b2d14d82d1b,EXACT RAW BYTES VERIFIED — SHA-256 match,1sF0XIGFlapWTy3hgVdoCbhv91Kc7vL56
a89b85ed0229_11_COMPLETE_PRE_REVIEW_PACKET_V2.pdf,https://drive.google.com/file/d/1C6hVgioVykNUlMfxVVnVDZhhJJxnDucp/view?usp=drivesdk,binary,RESEARCH_SOURCE_CHECK_STATUS,a89b85ed022907bd578e3c2cb08118b3fe7d134b53bd20ad82132318f3da76e9-original,EXACT RAW BYTES VERIFIED — SHA-256 match,1C6hVgioVykNUlMfxVVnVDZhhJJxnDucp
READING COPY 17_P02-LM-002_Exact_Determinant-Weight_r_4_Second-Moment_Interface [aa5a92549df6],https://docs.google.com/document/d/1FGHiqI5BpOmYtEJ1EbuN6xbeE1aJ8lZKAFOPUKCLDPE/edit?usp=drivesdk,binary,RESEARCH_SOURCE_CHECK_STATUS,aa5a92549df670a7eb6652e0e78e9c0c0ffeeda6fd6dbd4fcff6db4fc2b11002,NATIVE TEXT VERIFIED — original governs layout,1FGHiqI5BpOmYtEJ1EbuN6xbeE1aJ8lZKAFOPUKCLDPE
aeaaa80824d3_page-17.png,https://drive.google.com/file/d/13UDIB-rmVV7tBzV_4QzgrO9BLNrnI7Ue/view?usp=drivesdk,binary,RESEARCH_SOURCE_CHECK_STATUS,aeaaa80824d35d44d1552d82e5f7f7ca964957ecfbbbd1779d396e03c33491df,EXACT RAW BYTES VERIFIED — SHA-256 match,13UDIB-rmVV7tBzV_4QzgrO9BLNrnI7Ue
PICKLE STRUCTURE tp_qk.pkl [b05ba1e817d3],https://docs.google.com/spreadsheets/d/1Ied_F3zL4AmT2BIdLAKMNiAra4JYdrHOexbzbqDPWdo/edit?usp=drivesdk,sheet,RESEARCH_SOURCE_CHECK_STATUS,b05ba1e817d3b8f1594a4e808e3d78494a2e9bfd21b306aa35ee0c09f6f6f364,LOCAL CELLS VERIFIED + NATIVE FIRST/LAST ROWS VERIFIED,1Ied_F3zL4AmT2BIdLAKMNiAra4JYdrHOexbzbqDPWdo
READING COPY 07_REVIEW_RESPONSE_FORM_V2 [b44c666ef769],https://docs.google.com/document/d/1fkQwmDLCzp2CaLEJebeuc_jbwhXoMQvS9sAAnSSWHcc/edit?usp=drivesdk,binary,RESEARCH_SOURCE_CHECK_STATUS,b44c666ef769f5229e31a37d09b3e8045b3ba4b6e9caf54838285131aafcb9d8,NATIVE TEXT VERIFIED — original governs layout,1fkQwmDLCzp2CaLEJebeuc_jbwhXoMQvS9sAAnSSWHcc
b9e92a87aa8f_p02-1.png,https://drive.google.com/file/d/1lJj9_B0kF8RPbTSOkLoxDu2Q6Yv3t3Sf/view?usp=drivesdk,binary,RESEARCH_SOURCE_CHECK_STATUS,b9e92a87aa8fb26bb9fb46705fe76c4dc82b8090773e153f6be7edfb37412a3b,EXACT RAW BYTES VERIFIED — SHA-256 match,1lJj9_B0kF8RPbTSOkLoxDu2Q6Yv3t3Sf
READING COPY SIDE24_THEOREM_PACKAGE_v1.0 [bd9fc3d0aed7],https://docs.google.com/document/d/1R3Imq0352Ls5TGUXyDEZ_jnrwYatwVbPVSMy1t-7SjM/edit?usp=drivesdk,docx,RESEARCH_SOURCE_CHECK_STATUS,bd9fc3d0aed7b01a6690146404fa513b991f2aabb850f17c1fa712999bc54750,EQUATIONS NEED COMPANION — linked notice verified; original retained,1R3Imq0352Ls5TGUXyDEZ_jnrwYatwVbPVSMy1t-7SjM
HISTORICAL WORKBOOK REGISTRY_AFTER_INITIAL_INSTALL [be0e580d5b85],https://docs.google.com/spreadsheets/d/11qCOzg4Qbbh_DlGTGgJBMaRPIRsEEEangcxKrEGeh9k/edit?usp=drivesdk,xlsx,QUARANTINE_OR_HISTORY,be0e580d5b8594f348cfe3b6175948790f494571b40aa3dee84b68f2f1052d2c,NATIVE WORKBOOK STRUCTURE READ — historical formulas not recalculated,11qCOzg4Qbbh_DlGTGgJBMaRPIRsEEEangcxKrEGeh9k
be98388cda5a_page-12.png,https://drive.google.com/file/d/1BbcxeudMAbw8x8yorI4sHsL9cun0kvue/view?usp=drivesdk,binary,RESEARCH_SOURCE_CHECK_STATUS,be98388cda5a1a562884b4bed3446ad7a61003ee9a92ba438d21d0ca4bdd0e85,EXACT RAW BYTES VERIFIED — SHA-256 match,1BbcxeudMAbw8x8yorI4sHsL9cun0kvue
READING COPY 18_P02-LM-005_Uniform_Exact_Nine-Jet_Gaussian_Density_and_Moment_Interface [c0faa75e74a0],https://docs.google.com/document/d/14ABVhwq0h8LetOj19gbzvBSzGd3RwTjXDMWJw0Yghu4/edit?usp=drivesdk,binary,RESEARCH_SOURCE_CHECK_STATUS,c0faa75e74a0738e8280befd662f88f1fd3a3389865555eb216ea70bd514cf92,NATIVE TEXT VERIFIED — original governs layout,14ABVhwq0h8LetOj19gbzvBSzGd3RwTjXDMWJw0Yghu4
DATA READING COPY SECONDARY_RECOVERY_COPY__q0_machine_active_2026-08-01.json [c3a93bd250c4],https://docs.google.com/spreadsheets/d/1OBxY0dpMSlHHp0x5gqJz38hPZynhkaPWDZAJTqNEL50/edit?usp=drivesdk,sheet,RESEARCH_SOURCE_CHECK_STATUS,c3a93bd250c49e256467939bf714c18488fa506e87ae10636608fae99fb9cd38,LOCAL CELLS VERIFIED + NATIVE FIRST/LAST ROWS VERIFIED,1OBxY0dpMSlHHp0x5gqJz38hPZynhkaPWDZAJTqNEL50
c4c50604ac67_04_TECHNICAL_APPENDIX_V2.pdf,https://drive.google.com/file/d/1T0V6dR9KUfHgwjsodfyL-t3cRmBwZBks/view?usp=drivesdk,binary,RESEARCH_SOURCE_CHECK_STATUS,c4c50604ac672d5998ac8f490ee00642f952b432ed714d4275a8d193c63dbd5d-original,EXACT RAW BYTES VERIFIED — SHA-256 match,1T0V6dR9KUfHgwjsodfyL-t3cRmBwZBks
READING COPY 01_EC-005_Canonical_A2_Fold-Gap_Identity [c53c3b6e2eab],https://docs.google.com/document/d/1oAcJiM44sofdaXW9_mYWjscaK1736Wu6i2iGEbE46yI/edit?usp=drivesdk,binary,RESEARCH_SOURCE_CHECK_STATUS,c53c3b6e2eabbef4b5b2edad6db0f6c7523285c0951bbfbfcd43448540034c3d,NATIVE TEXT VERIFIED — original governs layout,1oAcJiM44sofdaXW9_mYWjscaK1736Wu6i2iGEbE46yI
READING COPY 07_REVIEW_RESPONSE_FORM [c7c074ef960b],https://docs.google.com/document/d/1SCI1S4RVUBHvZ0pOTg1zBOcTf-8CsYeIaAAIiQkySgs/edit?usp=drivesdk,docx,RESEARCH_SOURCE_CHECK_STATUS,c7c074ef960b6db9e6168bf0c2f51b995b17c82adc55d75af3530c6612222ecf,EQUATIONS NEED COMPANION — linked notice verified; original retained,1SCI1S4RVUBHvZ0pOTg1zBOcTf-8CsYeIaAAIiQkySgs
c90bac426154_05_REPRODUCTION_GUIDE_V2.pdf,https://drive.google.com/file/d/1050ezyHTc7ZChrlGuEpnik_kQXC8m3yE/view?usp=drivesdk,binary,RESEARCH_SOURCE_CHECK_STATUS,c90bac426154cf506b0e41b8e8f6da3245720db54f752485d0cd54e489292de9-original,EXACT RAW BYTES VERIFIED — SHA-256 match,1050ezyHTc7ZChrlGuEpnik_kQXC8m3yE
READING COPY 08_EC-013_Conditional_Elder-Rule_Defect_Dichotomy [cfc112683e45],https://docs.google.com/document/d/1mBmjtnFcV5NRmfLB2U1lpDTAFK5UuWt5Z9M-3_8lN7g/edit?usp=drivesdk,binary,RESEARCH_SOURCE_CHECK_STATUS,cfc112683e45890e5048a98916a8773da07a2db12c672a6ca7125fba02eb803e,NATIVE TEXT VERIFIED — original governs layout,1mBmjtnFcV5NRmfLB2U1lpDTAFK5UuWt5Z9M-3_8lN7g
READING COPY Text2 [d0486b91c37b],https://docs.google.com/document/d/1jJV4V5dtXOi4rZe7x_2xnq4uJNVAicdmGV9aLIuwX6s/edit?usp=drivesdk,docx,PERSONAL_EARLIER,d0486b91c37bf18728b3013514a99f2b40bcefab591e7a12f50daaf8b8cdac3d,NATIVE TEXT VERIFIED — original governs layout,1jJV4V5dtXOi4rZe7x_2xnq4uJNVAicdmGV9aLIuwX6s
READING COPY 15_EC-021_Uniform_Positive_Typed_Finite-Q4_Palm_Mass_of_the_Fixed-q_Corridor [d1a408dad507],https://docs.google.com/document/d/1Du3GDd8GxG-_szMD5K9xtHGuzogpFqOpQ3WK0dQKdB0/edit?usp=drivesdk,binary,RESEARCH_SOURCE_CHECK_STATUS,d1a408dad50730ac9d665208f44048e11104959350ddadca7dad4c576e57ef52,NATIVE TEXT VERIFIED — original governs layout,1Du3GDd8GxG-_szMD5K9xtHGuzogpFqOpQ3WK0dQKdB0
d23206ea1307_00_READ_ME_FIRST_V4.pdf,https://drive.google.com/file/d/1EzsFZ1n0rfeBvrjCdx3JIyLAcZVcxYvY/view?usp=drivesdk,binary,RESEARCH_SOURCE_CHECK_STATUS,d23206ea1307f4ab251111af8c5a9d5e0ddbd86706742838887607697a6ed1d9-original,EXACT RAW BYTES VERIFIED — SHA-256 match,1EzsFZ1n0rfeBvrjCdx3JIyLAcZVcxYvY
DATA READING COPY wedge_finer.tsv [d51d79741b8d],https://docs.google.com/spreadsheets/d/1xR86TAdClmJVGPsLL_ldNT4OBMN-vGodDi2lRKNuqCw/edit?usp=drivesdk,sheet,RESEARCH_SOURCE_CHECK_STATUS,d51d79741b8da72e61b427463f744ad04f6a28009ce55ec6d3e4f685c931bd8e,LOCAL CELLS VERIFIED + NATIVE FIRST/LAST ROWS VERIFIED,1xR86TAdClmJVGPsLL_ldNT4OBMN-vGodDi2lRKNuqCw
d95c11707359_02_STATUS_DOSSIER_V3.pdf,https://drive.google.com/file/d/10-Qot5eoXPNCJZYaVQmsAcLqGcEIMFHT/view?usp=drivesdk,binary,RESEARCH_SOURCE_CHECK_STATUS,d95c117073594dd1effad2279a6480634e6ebf26b9b19a292dc64291744e199f-original,EXACT RAW BYTES VERIFIED — SHA-256 match,10-Qot5eoXPNCJZYaVQmsAcLqGcEIMFHT
d9ac23bf50de_page-18.png,https://drive.google.com/file/d/1OooGCZqrynGrpctA_41YbUYw0WdkR-ns/view?usp=drivesdk,binary,RESEARCH_SOURCE_CHECK_STATUS,d9ac23bf50de264f0d391601d3a32fcf09053dd1878ece09f7bad4623612ec70,EXACT RAW BYTES VERIFIED — SHA-256 match,1OooGCZqrynGrpctA_41YbUYw0WdkR-ns
ddeb1b682386_06_SUPPLEMENT_V3.pdf,https://drive.google.com/file/d/1ktYACxar-T1Ol5Mby5q2d7KGG6aqQah3/view?usp=drivesdk,binary,RESEARCH_SOURCE_CHECK_STATUS,ddeb1b6823865122f35c67d863384100ebb27e615cfc1ba5f06fd4f7e28970a7-original,EXACT RAW BYTES VERIFIED — SHA-256 match,1ktYACxar-T1Ol5Mby5q2d7KGG6aqQah3
READING COPY 07_REVIEW_RESPONSE_FORM_V2 [e2083645f20a],https://docs.google.com/document/d/1qq_Nx2naZxXuFBoEVc1ymcNRusb48yTWwRWQhk4N6ic/edit?usp=drivesdk,binary,RESEARCH_SOURCE_CHECK_STATUS,e2083645f20ac87bdca5094749a626d56ce6fa77f1fe7bb7173705074b7c785b,NATIVE TEXT VERIFIED — original governs layout,1qq_Nx2naZxXuFBoEVc1ymcNRusb48yTWwRWQhk4N6ic
READING COPY 06_EC-011_Adjoint-Orbit_Conservation_and_Section_Normalization [e5c5afeb545d],https://docs.google.com/document/d/1xHIc2n4OD-1Q_o8bgPBzz7qMK4gvTw27-Jcf8cAaYv8/edit?usp=drivesdk,binary,RESEARCH_SOURCE_CHECK_STATUS,e5c5afeb545d3ceb46c3f32be0f2cf09e137e518d0bee49a610a8996b28ba018,NATIVE TEXT VERIFIED — original governs layout,1xHIc2n4OD-1Q_o8bgPBzz7qMK4gvTw27-Jcf8cAaYv8
READING COPY 00_READ_ME_FIRST [e5ff3401abe2],https://docs.google.com/document/d/1KVUsPCpEe4lHFklVl34xydKMlsorkkOy7rU9ue5QbBA/edit?usp=drivesdk,docx,RESEARCH_SOURCE_CHECK_STATUS,e5ff3401abe278742d1ecabc45c5a94b5f4e259e7183112209497c4b23838318,EQUATIONS NEED COMPANION — linked notice verified; original retained,1KVUsPCpEe4lHFklVl34xydKMlsorkkOy7rU9ue5QbBA
e799c74c958e_page-04.png,https://drive.google.com/file/d/1ci2EqwEbCQg8ZI8bL3nH4sXxTHfE5m75/view?usp=drivesdk,binary,RESEARCH_SOURCE_CHECK_STATUS,e799c74c958ecb864cd7256644301dd064a09f979432d4d59cf2bdbaa611f005,EXACT RAW BYTES VERIFIED — SHA-256 match,1ci2EqwEbCQg8ZI8bL3nH4sXxTHfE5m75
DATA READING COPY region_C3.json [e79ec8bb5de1],https://docs.google.com/spreadsheets/d/1ii6PQjWqXSjsCMoMclysdf2oib-8ESBwnHilRi_KurU/edit?usp=drivesdk,sheet,RESEARCH_SOURCE_CHECK_STATUS,e79ec8bb5de1b9c7c99143f607b52d688486a769be299bb2bb19d65089621dcd,LOCAL CELLS VERIFIED + NATIVE FIRST/LAST ROWS VERIFIED,1ii6PQjWqXSjsCMoMclysdf2oib-8ESBwnHilRi_KurU
READING COPY 13_EC-018_Full-Dimensional_Interval-Certified_Degree-Four_Route-B_Box [e81872e0aa15],https://docs.google.com/document/d/1BwP9qHJJOyvTNhy-0jYYg3hsnIiKQPxFdwbRTqrEtO8/edit?usp=drivesdk,binary,RESEARCH_SOURCE_CHECK_STATUS,e81872e0aa150d117d3a07ff82ac660e5f932693bdd3c3f9be227045e2b90c6d,NATIVE TEXT VERIFIED — original governs layout,1BwP9qHJJOyvTNhy-0jYYg3hsnIiKQPxFdwbRTqrEtO8
READING COPY Copy of Evaluating the Λ-Dialectic Framework [e9be90bb2cef],https://docs.google.com/document/d/1vGUCX-i0oyhxV0yNRCviJYYgdMg-vjklGwHIhE2l3Vc/edit?usp=drivesdk,docx,QUARANTINE_OR_HISTORY,e9be90bb2cef8c497f64a2ac517062a37811985da10fcd711ba81ffd42e34f03,NATIVE TEXT VERIFIED — original governs layout,1vGUCX-i0oyhxV0yNRCviJYYgdMg-vjklGwHIhE2l3Vc
READING COPY 03_EC-007_Planar_Coalesced_Six-Pin_Conditional_Jet_Law [ecfd3f864b3a],https://docs.google.com/document/d/17laaaGF_khHdd_SFWIRdObkBT1GaEBzgQIb4bSzxgK4/edit?usp=drivesdk,binary,RESEARCH_SOURCE_CHECK_STATUS,ecfd3f864b3a8e87a72ea4d0f3493e56a134542487ffe281dccc6c325d17470e,NATIVE TEXT VERIFIED — original governs layout,17laaaGF_khHdd_SFWIRdObkBT1GaEBzgQIb4bSzxgK4
f063c76ee3bb_page-03.png,https://drive.google.com/file/d/1HeHmPR8IK0104Xjf4IYKkDai1wG0PfUS/view?usp=drivesdk,binary,RESEARCH_SOURCE_CHECK_STATUS,f063c76ee3bbebbf762e9eb5edcb1e2d3019ed9123ac8c993846ec2e4a5b594a,EXACT RAW BYTES VERIFIED — SHA-256 match,1HeHmPR8IK0104Xjf4IYKkDai1wG0PfUS
f234dad6de9a_04.pdf,https://drive.google.com/file/d/1P-xSzR7UJy72BkmJi3sjVnb1B5flOPCE/view?usp=drivesdk,binary,RESEARCH_SOURCE_CHECK_STATUS,f234dad6de9aff18e262d50fb95752981a849df1f8da26aa5a577be58f97087b-original,EXACT RAW BYTES VERIFIED — SHA-256 match,1P-xSzR7UJy72BkmJi3sjVnb1B5flOPCE
READING COPY 11_EC-016_Retirement_of_Imported_a_r_and_Continuum_Jet-Box_Certification_Claims [f736602d0c3a],https://docs.google.com/document/d/1wz0gua1OBfsQRlqIN_Lmvy2YNb_dcZaUfe5BPgaKHfY/edit?usp=drivesdk,binary,RESEARCH_SOURCE_CHECK_STATUS,f736602d0c3ac60305f83771e7476da781ff3ff628cea0ede347a260865542f2,NATIVE TEXT VERIFIED — original governs layout,1wz0gua1OBfsQRlqIN_Lmvy2YNb_dcZaUfe5BPgaKHfY
PICKLE STRUCTURE vser_sym.pkl [fdbabdcd83ea],https://docs.google.com/spreadsheets/d/1M38vQrd-DovhJJUZN7S1oY4-Ji1XAtcVkIpq9sohFm8/edit?usp=drivesdk,sheet,RESEARCH_SOURCE_CHECK_STATUS,fdbabdcd83eacf32735d56969b6928e3a86b6f973b80643ec00f5b5c78c0c10c,LOCAL CELLS VERIFIED + NATIVE FIRST/LAST ROWS VERIFIED,1M38vQrd-DovhJJUZN7S1oY4-Ji1XAtcVkIpq9sohFm8
feb3eceb310d_KIMI_LPW_VERDICT_ADDENDUM.pdf,https://drive.google.com/file/d/1m1bsUfl-8cdVPWluoGYTE0-wp1DPK98z/view?usp=drivesdk,binary,RESEARCH_SOURCE_CHECK_STATUS,feb3eceb310dba6a76c15ea8a2d076b9c7022fd9dbdadc72070cd84b80ff26cd-original,EXACT RAW BYTES VERIFIED — SHA-256 match,1m1bsUfl-8cdVPWluoGYTE0-wp1DPK98z
