Modified UTC,Artifact ID,Class,Topic,Change,Status / effect,Source,Relationship
46223.95347222222,Cross-Model Review Ledger v1.0,LEDGER,Coordination,Append-only review and collaboration record updated.,NONCANONICAL coordination spine,https://docs.google.com/document/d/1rwfvL3sJUmRVpwf3AHx2FnduUrtoIi-9pA8C9Rbku7o,Live ledger
46223.95208333333,GP-AUD-030-v1.0,AUD,Quartic gauge protocol,"Pre-execution audit requires two estimands, uncertainty, and stricter event separation.",Protocol must be amended before execution,https://docs.google.com/document/d/1LI8VdhmpVDzmgcGjrOFYzRPvBfzvEKXC9ZfrHjpCWNk,Audits GP-PRE-025
46223.95208333333,GP-AUD-020-v1.0,AUD,Quartic compensation,Proved a four-dimensional polynomial nullspace and gauge dependence.,P0.2 remains OPEN; prior Q4-on evidence demoted in interpretation,https://docs.google.com/document/d/1cSg3VrNhIs0JZZ8StGwnqscABhfDrIItb0xj-dGFq24,Corrects GP-DER-019 / GP-DATA-020 scope
46223.95208333333,GP-DER-031-v1.0,DER,Quartic null modes,Proposes interpreting null modes as lower-jet reparameterizations.,NEW reconciliation proposal; independent review required,https://docs.google.com/document/d/1RcrxgI4v5QjUJXajzTXAfejwbXKQNpxegthZUB52vEI,Follows GP-AUD-020
46223.95138888889,00_READ_FIRST — P0.2,PRIORITY BRIEF,Adjacency-to-one cubic rate,Load-bearing target updated with current evidence and obligations.,P0 OPEN,https://docs.google.com/document/d/1_hJQkq7Y8BFGZvGmCtvJR1UheV_YHmqXuimtYsYUDeA,Priority spine
46223.95,CL-ERR-025-v1.0,ERR+DER,Short bars / connectivity,Found 4-connectivity misclassified about 22% of maxima; clean exact-pair exponent about 0.57 in tiny pilot.,All prior CL pixel-number conclusions require rebase,https://docs.google.com/document/d/1Y1MyF82Xxn3vi7KaAdiZEode-qc0xhmFljYmRmGJ3TQ,Root-cause correction
46223.94930555556,GP-DER-029-v1.0,DER,Power planning,Derived iid and cluster-adjusted sample-size bounds.,Plan 12–20 calibration fields; serious test roughly 100–150 usable fields,https://docs.google.com/document/d/1lExp_zPs88w44pI-8WB8yHgfCE1fAGwJRGsEtD_i29g,Responds to CL-ERR-025
46223.94930555556,GP-PRE-025-v1.0,PRE,Quartic gauge sensitivity,Preregistered common-random-number test over 31 gauges.,READY ONLY AFTER AUDIT AMENDMENTS,https://docs.google.com/document/d/1HUK-zqIT9Vs31InxzPLZk863PWdcsZvMIo9InsqT3So,Test plan
46223.947916666664,OQ-008_RESPONSE_GP,RSP,Nested-resolution short bars,Independent re-execution filed; later continuum interpretation rebased after connectivity defect.,"Retained as execution record, not decisive continuum verdict",https://docs.google.com/document/d/1p2FQZXl62yWNTB0gmFVIXRZ093-1i6CUoL7MRfIlf_U,Superseded in scope by GP-ERR-027
46223.94652777778,GP-ERR-027-v1.0,ERR,OQ-008 rebase,Withdraws continuum-bar interpretation after 4-connectivity root cause.,OQ-008 reopened under exact-pair pipeline,https://docs.google.com/document/d/13WHX1LxtG2ViJAAwAQWzjWpyX40HJpu5bw4175oD_XA,Supersedes GP-RSP-013 / CM-023 interpretation
46223.94375,GP-DATA-020-v1.0,DATA,Q4-on diagnostic,Pin-preserving Q4-on adjacency diagnostic supports Q-null in one gauge.,One-gauge evidence only; theorem remains open,https://docs.google.com/document/d/12V1ALK_rMukY9-xK97Nsaf5i19zHLwNVzHVTo7iJJ14,Scope corrected by GP-ERR-024 / GP-AUD-020
46223.94305555556,GP-DER-019-v1.0,DER,Conditional nine-jet law,Exact pin-preserving compensation and Gaussian conditioning derived.,Displayed compensation valid but not unique,https://docs.google.com/document/d/1AqelaMkARv-n_i_zOKZlm0f3kYb9xSNcTcaU-qnG61Y,Corrected by GP-ERR-024
46223.94305555556,GP-ERR-024-v1.0,ERR,Quartic uniqueness,Withdraws uniqueness language and exact-law interpretation.,Additive correction; no theorem promotion,https://docs.google.com/document/d/12tD5SU61f_PLCTLOBESxmQazq_tEMBhl1ohHS-xcii4,Supersedes limited language
46223.941666666666,00_READ_FIRST — P1.1,PRIORITY BRIEF,Law-specific q machine,"Defines roots, schema, negative tests, and promotion requirements.",P1 ACTIVE; active machine untouched,https://docs.google.com/document/d/1MgR5KxhowLYpVibL7W9XCEAuCZn9JyRpUz8lTMc7njo,Priority spine
46223.94097222222,GP-AUD-023-v1.0,AUD,P1.1 verifier,Validation receipt for proposed law-specific q successor.,Independent promotion audit still needed,https://docs.google.com/document/d/15tq5jzd19qiVP_sh3N43W_kT2CI8F3y2VLkZKcJGs9A,Audits GP-REG-021 / GP-DATA-022
46223.94027777778,GP-DATA-022-v1.0,DATA,P1.1 verifier,Successor verifier source and negative tests filed.,PROPOSED; active verifier not overwritten,https://docs.google.com/document/d/1JNLSSdqM8wr34-cP1wxYGJQ0n-gloRiDIydr5JVob-c,Companion to GP-REG-021
46223.94027777778,GP-REG-021-v1.0,REG,P1.1 machine state,Proposed law-specific q successor snapshot filed.,PROPOSED; no promotion,https://docs.google.com/document/d/1fBgwvNd9ba_9hbqgCt_9uXgysYBsIBhLdMxDtFPIpYM,Successor candidate
46223.9625,GP-REG-033-v1.0,REG,Navigation / coordination,Created live navigation companion for the pilot registers.,NONCANONICAL pilot output,https://docs.google.com/document/d/1YHLCAMUkYPdZnw0l9Q2JrFeXBTKLzv6N91xb6ILjack,Generated from current source state
46223.96388888889,GP-AUTO-034-v1.0,AUTO,Automation handoff,"Created installation, safety, manifest, and review package for the Drive-native refresh script.",SOURCE PREPARED; NOT INSTALLED,https://docs.google.com/document/d/1r9zPu4lbwe0CEWCWIQYGbzOOBzlAxIbTxZGJ-mFrAyE,Exact raw source delivered separately
2026-07-21 18:02 UTC,GP-PRE-053-v1.0,PRE,Exact-field pairing instrument,"Frozen fail-closed repair specification with Euler, bar-count, branch-resolution, endpoint-replay, census-replay, known-object, no-fit, clustered-bootstrap, and provenance gates.",PRODUCTION EXECUTION PENDING INDEPENDENT SOURCE REVIEW,https://docs.google.com/document/d/1iB_N4TsFTzCSsWAZIvt23dyQ5nTf9dzw3qcomvzmCTU/edit,Preregisters GP-DATA-054 / GP-AUD-055
2026-07-21 18:02 UTC,GP-DATA-054-v1.0,DATA,Exact-field pairing source,"Drive source artifact created, but its readable body is empty and no separate raw source was found by exact-ID search.",SOURCE PUBLICATION GATE FAILED — CANNOT INDEPENDENTLY REVIEW,https://docs.google.com/document/d/1n5rmtvI8Xn5GIX1TUGI4KLOcYg4cC91lI6gjPQOSjdE/edit,Blocks non-author re-execution of GP-AUD-055
2026-07-21 18:03 UTC,GP-AUD-055-v1.0,AUD,Pairing instrument self-test,"Python syntax and 13/13 author self-tests passed, covering analytic fixtures and fail-closed controls.",INTERNAL SELF-TEST GATE PASSED; PRODUCTION AND INDEPENDENT REVIEW OPEN,https://docs.google.com/document/d/1cCI1xdvZ7sm3KwuMHmyoZmaZEbdPxohSkefuG1fXx20/edit,Executes GP-DATA-054 under GP-PRE-053
2026-07-21 17:51 UTC,CL-RSP-035-v1.0,RSP,GP-AUTO-034 v1.3 qualification,CL accepted Q1–Q10 qualification gates and scoped operator installation approval; exact R0.2 and executable ballots remain pending.,"MEANINGFUL RESPONSE — SPECIFICATION ACCEPTED, NOT A GOVERNANCE VOTE",https://docs.google.com/document/d/1cQ7B85V6Jax_arXCB4lVZXd7_Z9FaxM3K4xeprisaGk/edit,Responds to GP-RSP-017 / CL-AUD-034
2026-07-21 18:10 UTC,GP-DATA-054-v1.0,DATA,Exact-field pairing source,"Full 808-line source mirror became readable in Drive. The mirror declares 30,606 raw bytes and SHA-256 7f061dd71032c76e785e259a115d3dad50e6adf5274dc8b3cf7104b9c2bd4c22, while explicitly disclaiming byte identity under Docs normalization.",PARTIAL SOURCE GATE PASSED — REVIEWABLE TEXT AVAILABLE; RAW PREIMAGE AND NON-AUTHOR EXECUTION OPEN,https://docs.google.com/document/d/1n5rmtvI8Xn5GIX1TUGI4KLOcYg4cC91lI6gjPQOSjdE/edit,"Supersedes only the stale source-absence finding; does not supersede HB-011, TR-P12-003, or production blockers"
2026-07-21,GP-REG-032 Definition/Relation Layer,REG,Definitions and cross-file hyper-tags,"Added controlled Definition Registry and typed Relation Index tabs with stable [[KIND:VALUE]] tags, source/target URLs, exact scopes, and explicit evidentiary/authority effects.","ADDITIVE NAVIGATION LAYER — NO MACHINE ACTIVATION, PROMOTION, CLOSURE, OR AUTHORITY CHANGE",https://docs.google.com/spreadsheets/d/1O6x8ivmaVUxYqKmCOXmToIHpMXqDI362ibqBl8HY8no/edit,"Links governance, ballots, automation audits, pairing repair, transitions, and closure candidates without replacing primary evidence"
2026-07-21 18:35 UTC,GP-AUD-056-v1.0,AUD,Hardened exact-field pairing qualification,"Static source audit identified endpoint acceptance without a certified event, count-only census replay, shared-failure replay risk, untested branch-offset sensitivity, and missing explicit final nondegeneracy gating.",MATERIAL TECHNICAL BLOCKERS — SAME-LINE STATIC AUDIT; NO PRODUCTION OR THEOREM EFFECT,https://docs.google.com/document/d/14isBxF_3xAQm2e9XzXLxZ872aQo7XmVvmjVn2exln6U/edit,"Audits GP-DATA-054; creates TR-P12-004, alarms, HB-011 review battery, and CL/AO48/CW response request"
2026-07-21 18:50 UTC,GP-AUD-057-v1.0 / GP-DATA-058-v1.0,AUD/DATA,GP-DATA-054 source identity and qualification,"Strict Base64 reconstruction yielded 30,606 bytes with SHA dbff5918…bcc7 rather than declared 7f061dd7…4c22. The payload passed 13/13 legacy tests; NC-F1, NC-F2, and NC-F5 confirmed three material defects.",SOURCE GATE FAILED / 3-OF-3 ADVERSARIAL DEFECTS CONFIRMED — NO PRODUCTION OR THEOREM EFFECT,https://docs.google.com/document/d/1xQmawVY4d-lFSKaTxI5IR_J2zYRFm8VR77OVUwzAUQQ/edit,Creates TR-P12-005; preserves declared and actual byte objects; outside review remains open
2026-07-21 18:38 UTC,OP-PROT-006 / protocol collision correction,GOV/NAV,Replacement-before-deletion workflow,"Resolved provisional OP-PROT-005 collision by renumbering replacement-before-deletion to OP-PROT-006; updated directive, deletion log, staging rules, proposed CM-049, quick-jump navigation, definitions, and typed relations.","ACTIVE CONDITIONAL GOVERNANCE — NO SUPPORT INFERRED, NO CLOCK ACTIVATED, NO DELETION PERFORMED",https://docs.google.com/document/d/18QG8Ss_DoPd_Oyitzt0pI5crnhcOe1q_wIMSUAdwVG8/edit,Pre-existing coupled-advancement OP-PROT-005 remains distinct; GP-AUTO-034 DELETE_OR_TRASH remains hard FALSE
2026-07-21 19:00 UTC,GP-AUD-057 / GP-AUD-059 / GP-DATA-060 / TR-P12-006,AUD/DATA/REG,GP-DATA-054 current source qualification,"Resolved concurrent receipt collision and stale-export contradiction. Current capsule hashes to 7f061dd7…4c22 and passes 13/13 tests; current-source NC-F1, NC-F2, and NC-F5 still confirm three material defects.",SOURCE IDENTITY PASS / INSTRUMENT QUALIFICATION FAIL-CLOSED — OUTSIDE REVIEW OPEN,https://docs.google.com/document/d/1rsrD5G-c_wESgxV-RB5JibpJM_FK1YrK3SepfQtO4jc/edit,"No production, theorem, closure, machine-state, or destructive effect"
2026-07-21 19:05 UTC,OP-CNS-001-R0.2 ballot accounting correction,GOV,Operator authorization versus model majority,Separated direct operator trigger authority from exact model-line ballot counting. No fresh votes were inferred; GP and AO48 remain the only exact R0.2 affirmatives.,2 OF 4 — NO MAJORITY; OPERATOR AUTHORIZATION PRESERVED AS SEPARATE CHANNEL,https://docs.google.com/spreadsheets/d/1O6x8ivmaVUxYqKmCOXmToIHpMXqDI362ibqBl8HY8no/edit#gid=200010,"Silence, non-ballot responses, and operator action do not count as model votes under OP-PROT-003"
2026-07-21 19:10 UTC,GP-AUTO-034 Config safety correction,GOV/CONFIG,Disqualified-source and post-test voting hazards,"Removed the live instruction to install v1.1, disabled the superseded unanimity field, and restored exact post-test 3-of-4 ballot semantics while preserving separate operator authority.",CONFIG HAZARD CLEARED — NO INSTALLATION OR ACTIVATION PERFORMED,https://docs.google.com/spreadsheets/d/1O6x8ivmaVUxYqKmCOXmToIHpMXqDI362ibqBl8HY8no/edit#gid=200007,CL-OPR-031; OP-PROT-003; Consensus Ballot
2026-07-21 19:20 UTC,GP-DER-061-v1.0 / EC-014,DER/CLOSURE,Corrected six-pin pair-frame Jacobian,"Located authoritative File 4 equations 3.1–3.4 and reconstructed the full matrix. Exact determinant -r^-5, density convention, mutation witness, pinned mark, and r-power cancellation are now visible.",GP RECONSTRUCTION PASS — TWO DISTINCT NON-GP REVIEWS STILL REQUIRED,https://docs.google.com/document/d/1LFs1OlJwHvPTjby9Vjfua3X9L3iQNey_gRu0crd0og8/edit,"No closure, contact-limit, Theorem B, or machine-state effect"
2026-07-21 19:15 UTC,GP-DATA-054-v1.1 amendment source gate,AUD/REG,Amended pairing source publication,"Validated amendment response and 21/21 author receipt, but the cited capsule is an explicit failed staging tail fragment with no BEGIN marker or complete payload. Non-author reconstruction and production remain blocked.",SOURCE-PUBLICATION GATE FAILED — AUTHOR TEST RECEIPT ONLY,https://docs.google.com/document/d/1Hur9mCBvTtaMN4jHEP94cB5t_E2YcHtS9xKo7WZK1cQ/edit,"TR-P12-008; HB-011; no theorem, fit, machine, or automation effect"
2026-07-21 19:20 UTC,GP-DATA-054-v1.1 second publication attempt,AUD,Compressed amended source capsule,Verified that the replacement compressed capsule is also unusable: no readable document text and a three-byte text export. Both v1.1 publication surfaces fail exact-source reconstruction.,SECOND SOURCE-PUBLICATION GATE FAILED — AUTHOR 21/21 RECEIPT REMAINS NON-INDEPENDENT,https://docs.google.com/document/d/1tvskI0aup4X8Qt2v_v_C7M0C8L1W1ssYJiSbHRR4Uhg/edit,"No production, theorem, closure, machine, automation, or destructive effect"
2026-07-21 19:30 UTC,GP-AUD-063 / GP-DATA-054-v1.1,AUD/DATA,Amended pairing source publication,"GP-COR-058 and GP-AUD-059 report v1.1 and 21/21 author controls, but the announced capsule is empty and the failed staging object is incomplete. Exact source and outside execution remain unavailable.",SOURCE-PUBLICATION GATE FAILED — AUTHOR RECEIPT PRESERVED / NO PRODUCTION,https://docs.google.com/document/d/1tvskI0aup4X8Qt2v_v_C7M0C8L1W1ssYJiSbHRR4Uhg/edit,Also resolved second GP-AUD-059 artifact-ID collision by reidentifying stale-export correction as GP-AUD-062
2026-07-21 19:40 UTC,HA-006 / GP-REQ-065-v1.0,GOV/CLOSURE,Seven pending exact closure proposals,Recorded Dylan’s conditional approval and deduplicated the item list. Routed exact itemized review to CL; prior evidence does not silently satisfy the later terminal-package condition.,CONDITIONAL HUMAN APPROVAL — CL EXACT REVIEW OPEN / NO CLOSURE YET,https://docs.google.com/document/d/1bH8yym83fqynkKYJOdXPPzf9Xc7NpMsR2h53i9FUOkk/edit,EC-013 and EC-014 explicitly unaffected
2026-07-21 20:05 UTC,GP-CLS-BATCH-017 / CL-AUD-036,CLS,Seven exact easy-closure objects,CL independently approved 7/7 and discharged Dylan’s HA-006 condition. EC-005–008 and EC-010–012 were entered in the Closure Log and removed from active attention; EC-006 precision caveat preserved.,CLOSURE COMPLETED — SEVEN EXACT OBJECTS TERMINAL,https://docs.google.com/document/d/1Zm65j9BZe__z3P_8qP7rfZukRU-IWUE8h8bDqXdDsIQ/edit,"EC-013 and EC-014 remain open; no theorem, machine, ballot, release or deletion effect"
2026-07-21 20:30 UTC,GP-DATA-072-v1.2-CAPSULE / GP-AUD-073-v1.0,DATA/AUD,P0.2 T-D cone component,"Published and freshly reconstructed the exact interval-plus-cone source; 864/864 frozen configurations and 6/6 controls pass, including T-D cone and handoff checks.",COMPONENT TECHNICAL GATE PASS — OUTSIDE RERUN AND T-F OPEN,https://docs.google.com/document/d/1N74jANCHvbSLF1cMhFJv1XKFbCZVCFeXxV39finA744/edit,"No theorem, machine, ballot, pairing, or destructive effect"
2026-07-21 20:35 UTC,CL-AUD-048 / CL-AUD-049 / GP-RSP-077,AUD/RSP,"P0.2 V1, six-pin evidence, effective domain",V1 discharged with lineage caveat; displayed-precision six-pin receipt gap retired; exact-torus residues preserved; REG_r certificate classified as ultra-small-r; strip constant mismatch resolved as different events.,MATERIAL GATE ADVANCE AND SCOPE CORRECTION — P0.2 STILL OPEN,https://docs.google.com/document/d/1tqT10nPtE61UfzypzthTazEOz53CYvJwG9Gl_yWAFQY/edit,"No theorem, machine, ballot, closure beyond exact evidence gap, or destructive effect"
2026-07-21 20:40 UTC,CL-DER-051 / GP-REQ-078 / EC-014,DER/REQ/CLOSURE,Corrected six-pin pair-frame closure,"Independent CL reconstruction discharges gates 1–4: full matrix, determinant, density, two mutations, and power ledger. One different-line scope response remains.",LOW-DISTANCE ITEM ADVANCED — FINAL TECHNICAL GATE OPEN,https://docs.google.com/document/d/1pWlZ9uO4kGc_OI6wHih5bOROaMvK0xz17ANQP5aNsto/edit,No closure or broader theorem effect yet
2026-07-21 20:40 UTC,GP-NAV-076-v1.0,NAV,P0.2 live gate state,"Issued a new routing card reflecting V1 discharge, T-D component pass, ultra-small-r domain correction, displayed-precision receipt replacement, and exact remaining gates.",CURRENT NAVIGATION UPDATED — P0.2 REMAINS OPEN,https://docs.google.com/document/d/1Zz02tvMunEfa5L-6d-PJOfVKT1GHQqSZsbvvGfunTl4/edit,Stale navigation superseded only for routing; all evidence preserved
2026-07-22,CL-DATA-052 / CL-RSP-053 / GP-AUD-082,AUD/DATA/RSP,Exact-torus six-pin reconstruction and branch review,"CL filed a byte-exact 200-digit exact-torus reconstruction with PD and three controls; GP freshly downloaded and reran it. The rerun receipt is mathematically identical except Python version and every GP-published r=1/40, r=1/80, covariance, and coalesced value matches. CL also issued AGREES on GP-PROT-065.",GATE 1 PASS / E2 REVIEW PASS — DIFFERENT-LINE GATE 2 AND MANUSCRIPT BRIDGE OPEN,https://docs.google.com/document/d/1MxK_ThIUnPZQ-xGFmt9hkpUxVWJglmSEU6M0TD62WUY/edit,"No theorem, ballot, machine, closure, release, or destructive effect"
2026-07-22,CL-AUD-056 / CL-DATA-056 / provisional CM-057,ERR/AUD,V3 trajectory artifact identifier and scope correction,"A new trajectory artifact reused CL-AUD-049 and CL-DATA-049 identifiers and a provisional CM-057 already in use. The document was corrected to CL-AUD-056, the raw source was preserved under an ID-corrected alias, and the colliding ledger proposal was marked VOID. Original bytes, timestamps, and numerical outputs remain preserved.",IDENTIFIER COLLISION CORRECTED — PROVENANCE PRESERVED / NO SCIENTIFIC PROMOTION,https://docs.google.com/document/d/1sziuHPu3PBdCtJFQG8ILmARq20irK_grcbuDidEsKSY/edit,"No theorem, ballot, closure, machine, release, or destructive effect"
2026-07-22,CL-AUD-056 / GP-AUD-084,AUD/DATA,Accessible-r V3 trajectory scaling measurement,"The three-rung degree-four local-model measurement is internally consistent with cubic scaling, but GP source audit found that STALL outcomes dominate the unresolved mass and may be horizon-censored captures. The source also uses a planar kernel, finite q grids, heuristic windowing, and no replicated-seed uncertainty. A failure-complete stall-resolution protocol is now frozen.",EXPLORATORY COMPONENT PASS — MATERIAL CLASSIFICATION AND EXACT-TORUS RESIDUES,https://docs.google.com/document/d/1sVVu80pmzVuJ28OeJFfYT8nI828djoHj_tloK3QK4Bg/edit,P0.2 remains open and noncanonical
2026-07-22,GP-REQ-086-v1.0 / GP-ERR-087-v1.0,ERR,V3 stall-resolution protocol publication,The titled GP-REQ-086 native Doc has an empty body and cannot be used as an executable protocol or gate artifact. GP-ERR-087 records the failure and preserves GP-AUD-084 plus HB-021 as the operative populated fallback until a complete body is republished.,SOURCE-PUBLICATION GATE FAILED — EMPTY PROTOCOL BODY / FALLBACK ACTIVE,https://docs.google.com/document/d/11Dgq0PH5uYfMrA10vBT-4TiwoFfBkob65N0QadBG4N4/edit,"No theorem, ballot, closure, machine, release, or destructive effect"
2026-07-21 21:20 UTC,CL-CLS-055 / EC-013,CLS,Exact conditional elder-rule defect dichotomy,"Dylan’s explicit approval was bound to the complete narrow closure package. EC-013 was appended to the Closure Log and removed from active attention; all probability, rate, transversality, P0.2, Theorem B and machine questions remain open.",TERMINAL CLOSURE COMPLETED — EIGHTH EXACT EASY-CLOSURE OBJECT RETIRED,https://docs.google.com/document/d/1ZC2H_xRZa9XgaMeDnzPXffiHoemPiOIDrdvqUSQtqjg/edit,Additive terminal record; provenance and reopening path preserved
2026-07-21 21:30 UTC,GP-AUD-087 / GP-REQ-086-v1.1,AUD/ERR/PRE,Accessible-r V3 trajectory classifier,Source audit found non-finite final states deterministically fall through to STALL. Two reduced event-driven multi-solver batteries reclassified all tested NaN-STALL fixtures as capture or escape. The empty v1.0 protocol is preserved as failed staging and a complete failure-complete v1.1 protocol is published.,MATERIAL CLASSIFIER GATE FAILED — STALL INTERPRETATION WITHDRAWN / CORRECTED REPLAY PROTOCOL ACTIVE,https://docs.google.com/document/d/1YeY8CIgdiH35L_cY_KwM4AhflTSTEd7h4_T3NgdLxi0/edit,"V3 remains open; no theorem, machine, ballot, release or destructive effect"
2026-07-22 21:40 UTC,GP-AUD-087 / GP-AUD-088 / GP-REQ-086-v1.1 + S1,AUD/ERR/PRE,"V3 classifier, population identity, and protocol lineage",Event-driven reduced batteries exposed 14 wrong STALL labels as 1 capture and 13 escapes. GP-AUD-088 narrows CL-AUD-050 to a fresh sample and records missing event-source/fixture identity. Protocol collision resolved: v1.1 is primary; S1 is a stricter supplement.,MATERIAL CLASSIFIER + LINEAGE DEFECTS CONFIRMED — REDUCED REPLAY PASS / FULL ORIGINAL-FIXTURE AND OUTSIDE REPLAY OPEN,https://docs.google.com/document/d/1YeY8CIgdiH35L_cY_KwM4AhflTSTEd7h4_T3NgdLxi0/edit,"No theorem, closure, ballot, machine, release, deletion, or destructive effect"
2026-07-21 22:00 UTC,GP-AUD-089-v1.0,AUD/DER/ERR,Typed Palm versus adjacency-conditioned fold-Palm manuscript bridge,"Source audit shows File 4’s displayed pair-Palm weight includes gradient adjacency, whereas P0.2 targets the unconditioned typed maximum–saddle Palm law. Exact conditionalization and selection identities were derived; unqualified pair-Palm notation and adjacent-intensity citations now require repair and outside review.",EXACT MEASURE IDENTITY PASS — MATERIAL MANUSCRIPT QUALIFICATION / NO RATE OR THEOREM PROMOTION,https://docs.google.com/document/d/17B-5KElYtCB3tmK9DwEQYW8jmcpGdQF5WcAOMkk15sQ/edit,P0.2 V4 E1 remains open only for outside manuscript review and configured-process wording
2026-07-21 22:05 UTC,GP-REQ-086-v1.1 / GP-REQ-086-v1.1-S1,REG/PRE,V3 protocol family lineage,Current authoritative notices establish v1.1 as the sole operative replay protocol and the later enhanced object as nonoperative supplement v1.1-S1. Earlier v1.2 successor language is preserved only as collision provenance and superseded for routing.,PROTOCOL LINEAGE CORRECTED — PRIMARY AND SUPPLEMENT SEPARATED / NO TECHNICAL GATE PASSED,https://docs.google.com/document/d/1sD_u6M6u2H2wAmoOOb_Ti3opm4loRVz6mwwOItOCRII/edit,Supplement: 1Ki8Ud...; technical replay remains open
2026-07-21 22:20 UTC,GP-AUD-090-v1.0,AUD/ERR/DER,Practical-r optimized S_r→T_r→H_r deterministic bridge,"Exact audit found undefined degenerate W_*, a typed S_r counterexample with zero slope denominator, degree-four/exact-field and section-bound mismatches, unproved nonvacuity, and unavailable CL-DATA-059. The μ-cubic for A+B>0 passes; the broader bridge requires a numbered amendment.",MATERIAL DESIGN GATE FAILED — PROMISING ARCHITECTURE RETAINED / EXECUTION AND PROBABILITY CLAIMS BLOCKED,https://docs.google.com/document/d/1LZkH5mtFUfZRnB3yZG5YFr-y0BqxhzEz02cpxwSO9nw/edit,"No theorem, instrument, closure, ballot, machine, release, or destructive effect"
2026-07-21 22:40 UTC,GP-DER-092 / GP-DATA-093 / GP-AUD-094,DER/DATA/AUD,Witness-parameterized degree-four PRCP repair,"Published a byte-exact executable repair after GP-AUD-090: finite witness mu, exact eigendirection/direct cone margins, two-section transit, degree-four field guard, one strict interior fixture, and 5/5 planted controls. Raw source and JSON receipt reconstruct exactly from Drive.",GP-SIDE COMPONENT GATE PASSED — DEGREE-FOUR ONLY / OUTSIDE AND EXACT-FIELD GATES OPEN,https://docs.google.com/document/d/1uwZIXWSnsleFRpDZ3Cd512-dhyP47p0mE1vyapke6iQ/edit,"No probability, exponent, theorem, instrument, closure, ballot, machine, release or destructive effect"
2026-07-21 22:55 UTC,GP-DER-095 / GP-DATA-096 / GP-AUD-097,DER/DATA/AUD,PRCP exact-field margin transfer,Derived and byte-exactly executed a margin-specific C1 transfer budget for PRCP-INTERIOR-001. Binding gate is unstable-eigendirection retention; delta_accept=0.00464109194915956...; 5/5 controls pass.,"COMPONENT TECHNICAL GATE PASS — EXACT-FIELD MEMBERSHIP, OUTSIDE REVIEW, EXACT-TORUS, OCCUPANCY AND PROBABILITY OPEN",https://docs.google.com/document/d/1odklttrcbTsou9nDSZ162xX07Kh70yVHUhRdhbiye5w/edit,"No theorem, closure, ballot, machine, activation, release, deletion, or destructive effect"
2026-07-21 23:10 UTC,GP-DATA-098 / GP-AUD-099 / GP-SCHEMA-095,DATA/AUD/SCHEMA,Prefilled exact-field transfer receipt,Published and hash-verified a prefilled machine-readable receipt containing all known degree-four/budget data and explicit null exact-field fields. It returns UNRESOLVED_EXACT_FIELD_TRANSFER / EXACT_FIELD_SOURCE_MISSING.,ARCHITECTURAL TECHNICAL GATE PASS — FAIL-CLOSED PREFILL AVAILABLE / EXACT-FIELD EXECUTION OPEN,https://docs.google.com/document/d/1UyykYTzyWLdo9GYAB2r5HAvBr5yQ3M8CiE9OGlSzEPk/edit,"No exact-field, probability, theorem, closure, ballot, machine, activation, release, deletion, or destructive effect"
2026-07-21 23:05 UTC,CL-AUD-057-v1.0,AUD,Post-closure verification of eight exact objects,"Independent SymPy-free/kernel-rebuilt pass confirms EC-005–008 and EC-010–013, reproducing only the already recorded EC-006 tail-precision caveat.",POST-CLOSURE CORROBORATION — NO REOPENING OR STATUS CHANGE,https://docs.google.com/document/d/129uRuqzwSLmTCQAldKPoM0ARzzf8yIQAlkmZMKivRTg/edit,Terminal records remain authoritative; no broader theorem effect
2026-07-21 23:30 UTC,GP-DER-100 / GP-DATA-101 / GP-AUD-102 / GP-DATA-098-v1.1,DER/DATA/AUD,Explicit pin-operator C_D and H5 threshold,Constructed and byte-exactly verified the full-chart cubic Hermite correction constant C_D=1.820595770017029... . For PRCP-INTERIOR-001 the sufficient H5 threshold is 1.019686418169839...; 5/5 controls pass and the unresolved schema prefill was versioned to v1.1.,"DETERMINISTIC COMPONENT GATE PASS — ACTUAL H5, EXACT-FIELD MEMBERSHIP AND OUTSIDE REVIEW OPEN",https://docs.google.com/document/d/1hKLX5Rp_fj0rA0UMTG58kFGteKnxxbBkyGvLOOTHtV8/edit,"No probability, theorem, closure, ballot, machine, activation, release, deletion, or destructive effect"
2026-07-21 23:50 UTC,CL-AUD-059 / GP-CLS-PROP-017 / EC-014,AUD/CLS-PROP,EC-014 corrected six-pin pair-frame closure routing,"CL independently reconfirmed the matrix, determinant, mutations, density, and narrow scope from File 4, while preserving the AO48/CW-only gate. GP filed a complete terminal package with reviewer block, Dylan approval text, register updates, dependencies, and reopening path.",PACKAGE READY — AO48/CW SCOPE GATE + DYLAN POST-GATE APPROVAL OPEN / NO CLOSURE YET,https://docs.google.com/document/d/1bJCssk6aLIJGuzHaKan1BNEV5RPRzFVhNQ92monbZn8/edit,"EC-014 remains active; no theorem, ballot, machine, release, deletion, or destructive effect"
2026-07-22 02:10 UTC,CL-AUD-060 / GP-CLS-PROP-018 / EC-015,AUD / CLS-PROP,Repaired witness-parameterized degree-four PRCP event,Fresh CL line independently reproduced both GP-AUD-090 defects and all GP-DER-092 strict fixture margins. The missing CL-DATA-059 is confirmed irrelevant to the repaired degree-four definition. A complete narrow closure package is filed.,NEW EASY-CLOSURE ITEM HUMAN-READY — DEGREE4 CROSS-LINE PASS / EXACT-FIELD AND PROBABILITY OPEN,https://docs.google.com/document/d/1dzYVO2gQOvfs7vZQVSCw_-7PcCwMTYy4pFdQqrcvzkU/edit,"No theorem, exact-field membership, probability, machine, ballot, release, deletion, or destructive effect"
2026-07-22 02:30 UTC,GP-AUD-103 / GP-DATA-104 / GP-REQ-105,AUD/ERR/DATA/PRE,P0.1 jet-box corridor and imported adjacency values,Exact source audit rejects imported a_r and continuum-box inference; a fail-closed full 512-vertex replay passes at all three rungs. The approximately 0.71 box mass remains a coordinate-membership diagnostic until capture inclusion is certified.,MATERIAL SCOPE GATE FAILED / STRONGER FINITE-GRID COMPONENT PASS / CONTINUUM AND EXACT-FIELD OPEN,https://docs.google.com/document/d/1N4CjKgv1AfeKq1l9rqKsO0G9l1UeZhjr1-4PUBTglC4/edit,"No theorem, closure, ballot, machine, release, deletion, or destructive effect"
2026-07-22 03:25 UTC,GP-AUD-103 / GP-DATA-104 / GP-CLS-PROP-019 / EC-016,AUD/ERR/DATA/CLS-PROP,P0.1 jet-box corridor and imported adjacency claims,"Fresh byte-exact reconstruction confirms all 512 vertices at three rungs capture under a fail-closed degree-four replay, but source audit rejects imported a_r, continuum-box inclusion, certified-capture mass, exact-law, and uniformity extrapolations. Correction notices were added to CL-AUD-051 and CM-059. EC-016 packages exact retirement while retaining positive diagnostics.",MATERIAL CLAIM GATE FAILED / FULL-VERTEX COMPONENT PASSED / CONDITIONAL NEGATIVE-RESULT CLOSURE PACKAGE READY,https://docs.google.com/document/d/1N4CjKgv1AfeKq1l9rqKsO0G9l1UeZhjr1-4PUBTglC4/edit,P0.1 remains open; GP-REQ-105 continues continuum/smaller-box proof work; no theorem or machine effect
2026-07-22 03:00 UTC,GP-DER-106 / GP-DATA-106 / GP-AUD-107,DER/DATA/AUD,P0.1 Route-B full-dimensional degree-four continuum box,A positive-width box in all nine jet coordinates is certified by outward interval sufficient conditions for every degree-four gate. Fresh Drive reconstruction and 5/5 controls pass; rigorous Palm mass and exact-field transfer remain open.,DEGREE-FOUR CONTINUUM COMPONENT GATE PASSED — MASS/EXACT-FIELD/OUTSIDE REVIEW OPEN,https://docs.google.com/document/d/1ve_dMzQd8QvkPpu55oReGwSRnQRWuNsbLcKWzYStGtI/edit,"No theorem, closure, ballot, machine, release, deletion, or destructive effect"
2026-07-22 03:35 UTC,GP-DER-106 / GP-DATA-106 / GP-AUD-107 / EC-017,DER/DATA/AUD/EASY-CLOSURE-CANDIDATE,P0.1 Route-B full-dimensional degree-four box,"Fresh capsule reconstruction and exact rerun pass. A positive-width box in all nine jet coordinates has strictly positive interval margins for typing, cone, strip, transit, chart, and capture gates at r=1/20. Five controls pass. Outside interval review, rigorous mass, exact-field transfer, and r-uniformity remain open.",TECHNICAL COMPONENT PASS — FULL-DIMENSIONAL DEGREE-FOUR CONTINUUM BOX / NO MASS OR THEOREM PROMOTION,https://docs.google.com/document/d/1ve_dMzQd8QvkPpu55oReGwSRnQRWuNsbLcKWzYStGtI/edit,EC-017 added as low-distance candidate; no terminal or governance effect
2026-07-22 03:50 UTC,GP-DER-108 / GP-AUD-109 / GP-CLS-PROP-020 / EC-017,DER/AUD/CLS-PROP,Fixed-r positive typed-Palm mass of the Route-B degree-four box,"Exact-torus covariance at r=1/20 is nondegenerate; the full box has positive volume and uniform determinant-weight margins, giving exact qualitative positive typed-Palm mass. Complete conditional closure package filed.",TECHNICAL COMPONENT PASS — EC-017 PACKAGE READY / ONE NON-GP REVIEW + HUMAN APPROVAL OPEN,https://docs.google.com/document/d/1UpWCSxTpFv-GHt6eQrZKGKAY9-vPIZfIbPFK_gX4zjo/edit,"Fixed-r degree-four only; no numerical mass, uniform-r, exact-field, theorem, ballot, machine, or destructive effect"
2026-07-22 04:00 UTC,TR-ECID-001,REG/ERR,EC-017 identifier collision,Positive fixed-r Palm mass retains EC-017 under GP-CLS-PROP-020; the degree-four-only interval-box review candidate is renumbered EC-018. No mathematical or approval gate changed.,IDENTIFIER COLLISION RESOLVED — TWO DISTINCT CANDIDATES PRESERVED,https://docs.google.com/document/d/1UpWCSxTpFv-GHt6eQrZKGKAY9-vPIZfIbPFK_gX4zjo/edit,"No terminal, theorem, ballot, machine, or destructive effect"
2026-07-22 04:10 UTC,GP-DER-110 / GP-DATA-110 / GP-AUD-111,DER/DATA/AUD,EC-017 quantitative fixed-r exact-torus Palm lower bound,Fresh Drive reconstruction gives a byte-identical interval receipt and lower bound 4.7285293630365039e-31 for the identical fixed-r finite-jet box. Five controls pass; qualitative terminal scope and all outside/exact-field/r-uniform gates remain.,FIXED-r NUMERICAL MASS COMPONENT PASSED ON GP LINE — EC-017 STILL NONTERMINAL,https://docs.google.com/document/d/1aQDmNdn8UZf8i44o5yNcfLOyJ-wEC4inuiVLfCoVnrs/edit,"No theorem, terminal closure, ballot, machine, release, deletion, or destructive effect"
2026-07-22 04:30 UTC,GP-AUD-112 / GP-CLS-PROP-020-v1.1,AUD/ERR/CLS-PROP,EC-017 exact-field versus finite-Q4 Palm object,"Material audit finds the mass proof uses quartic endpoint Hessians from the nine-jet model, not exact full-field Hessians. Finite-Q4 positivity survives; v1.0 is superseded by a revised finite-Q4 package; exact-field mass remains open.",MATERIAL SCOPE GATE FAILED — FINITE-Q4 RESULT PRESERVED / EXACT-FIELD FRONT REOPENED,https://docs.google.com/document/d/1IXo4GyjrI16Z0sI2f9i_KQDNvKZp0PhCeSlLUmbY9RE/edit,"No terminal closure, theorem, ballot, machine, release, deletion, or destructive effect"
2026-07-22T04:20:00Z,GP,EC-017 material scope correction and numbered revision,"GP-AUD-112 distinguishes finite-Q4 Palm weights from exact full-field endpoint-Hessian weights. GP-CLS-PROP-020-v1.1 supersedes v1.0 for review; finite-Q4 positivity and the GP-side lower bound remain, exact-field Palm mass stays open.",MATERIAL BLOCKER RESOLVED BY REVISION / NO CLOSURE,https://docs.google.com/document/d/1IXo4GyjrI16Z0sI2f9i_KQDNvKZp0PhCeSlLUmbY9RE/edit,https://docs.google.com/document/d/16LrYGWGhU-DsW5vIV5u8BaZ19gCv_KDagpg1qBAkYyI/edit,Notify: meaningful new revision and blocker
2026-07-22 04:55 UTC,GP-DER-112-v1.1 / GP-AUD-113 / GP-CLS-PROP-023,DER/AUD/CLS-PROP,Fixed-r exact full-field typed-Palm adjacency positivity,"A C4/scaled-field conditional Gaussian support proof now bridges the nine-jet Route-B family to exact endpoint types, exact selected-branch capture, positive exact weight, and a finite positive exact normalizer at r=1/20. Non-GP review remains.",EXACT-FIELD FIXED-r PROOF CANDIDATE COMPLETE — EC-019 PACKAGE READY / NOT TERMINAL,https://docs.google.com/document/d/1Qt1ZJZc6-2ulvCP7du6Pf2jGBQlVHpJ7NQPs-B-rwo8/edit,"No P0.1 theorem, ballot, machine, release, deletion, or destructive effect"
2026-07-22 05:20 UTC,GP-DER-114 / GP-DATA-114 / GP-AUD-115,DER/DATA/AUD,P0.1 uniform-r fixed-q degree-four corridor,A nonshrinking physical-q nine-jet box is interval-certified for all 0<r<=1/20. Fresh Drive source/receipt reconstruction and 5/5 controls pass; probability and exact-field gates remain open.,GP-SIDE COMPONENT PASS / EC-020 TECHNICAL REVIEW OPEN,https://docs.google.com/document/d/1Dsr8bJ5LpCu5R0w3pLWYFY5RM1P0xzT1h4kYZAih4b4/edit,"No closure, theorem, ballot, machine, release, deletion, or destructive effect"
2026-07-22 05:45 UTC,GP-DER-116 / GP-AUD-117,DER/AUD,Uniform finite-Q4 Palm mass of fixed-q corridor,"Compact exact-nine-jet density, uniform quartic determinant weight, and r^2 normalizer cancellation yield a qualitative c_Q4>0 for all sufficiently small r on the GP line. Exact-field P0.1 remains open.",GP-SIDE PROOF CANDIDATE / EC-021 REVIEW OPEN,https://docs.google.com/document/d/1LFhBohVz6gtBSYXPPtApPt1tD2CgsoZMKrneBcAP58E/edit,"No closure, theorem promotion, ballot, machine, release, deletion, or destructive effect"
2026-07-22 06:20 UTC,GP-DER-118 / GP-DER-119 / GP-AUD-120 / GP-PRP-121,DER/AUD/PRP,P0.1 exact full-field uniform adjacency positivity,Exact endpoint-Hessian divided differences yield exact Z_r~r^2; fixed-q density + GT5 + robust transfer + exact determinant lower bounds yield a complete GP-side candidate proof of P0.1. Multi-line review and promotion remain blocked.,MAJOR GP-SIDE CANDIDATE ADVANCE / NO PROMOTION,https://docs.google.com/document/d/1Ey625P0qxjCnmbakpDURN3nB_ZN3j4tSji3eyvNZMns/edit,"No terminal closure, theorem promotion, ballot, machine, release, deletion, or destructive effect"
2026-07-22 06:35 UTC,TR-P01-011 / GP-PRP-121 reconciliation,REG/NAV,P0.1 theorem-review lineage,Governing stack remains GP-DER-118-v1.0 + GP-DER-119 + GP-AUD-120 + GP-PRP-121. GP-DER-118-v1.2 and GP-AUD-119 are supplemental same-line cross-checks only.,AUTHORITATIVE ROUTING RECONCILED — MULTILINE REVIEW STILL OPEN,https://docs.google.com/document/d/1dfWobc3WvikoKmOX_WDSUaYnPffb0nNfLImmrbYJ19k/edit,"No theorem, ballot, closure, machine, release, deletion, or destructive effect"
2026-07-22 06:45 UTC,GP-DER-118-v1.2 / GP-AUD-119 / GP-PRP-121-v1.1,DER/AUD/PRP,P0.1 numbered revision reconciliation,Revision 1.2 becomes the sole active theorem object; weak convergence plus uniform integrability replaces the unsupported common-coupling presentation. Populated v1.0 normalizer work remains provenance.,REVISION CORRECTED / REVIEW ROUTING UPDATED / NO PROMOTION,https://docs.google.com/document/d/1JYo19Ws2ERYLIayxIhbxHWQKIGj4BKExpk1250TZ7Nc/edit,"No closure, theorem promotion, ballot, machine, release, deletion, or destructive effect"
2026-07-22 06:40 UTC,GP-DER-118-v1.2 / GP-AUD-119 / GP-PRP-121-v1.1,DER/AUD/PRP,P0.1 numbered revision and review-routing reconciliation,Revision 1.2 becomes the sole active P0.1 theorem review object. Prior theorem and review surfaces remain preserved but cannot receive operative approval.,MEANINGFUL REVISION — MULTI-LINE REVIEW OPEN / NO PROMOTION,https://docs.google.com/document/d/1JYo19Ws2ERYLIayxIhbxHWQKIGj4BKExpk1250TZ7Nc/edit,Ballot remains 2/4; no easy closure or theorem approval
2026-07-22 07:00 UTC,GP-DER-118-v1.3 / GP-AUD-122,FAILED-DER / AUD,P0.1 clean revision identity,The purported v1.3 fails internal identity and routing consistency. It is quarantined and does not supersede v1.2.,MATERIAL REVISION BLOCKER / ACTIVE V1.2 PRESERVED,https://docs.google.com/document/d/18q4aK1MH1BaE4TnV8c7YxoBS1ADeDkWNvDIYgFtRJqI/edit,"No theorem, closure, ballot, machine, release, deletion, or destructive effect"
2026-07-22 06:55 UTC,GP-DER-118-v1.3 / GP-PRP-121-v1.2,DER/PRP/REG,P0.1 clean theorem-review revision,Contradictory Revision 1.2 routing was replaced by one clean Revision 1.3 theorem object and one v1.2 multi-line review package. Earlier versions remain provenance only.,NEW NUMBERED REVISION / REVIEW ROUTING CLEAN / PROMOTION STILL BLOCKED,https://docs.google.com/document/d/1rDBs-tak2WVMRKNJOex8Cht9L_YmBy5H0FJWWZ1lsXU/edit,"No theorem promotion, ballot, closure, machine, release, deletion, or destructive effect"
2026-07-22 07:15 UTC,GP-DER-118-v1.3 / GP-AUD-122-v1.1 / GP-PRP-121-v1.2,DER/AUD/PRP,P0.1 repaired clean revision activation,"After an earlier failed snapshot, the repaired current v1.3 passes identity re-audit and becomes the sole active theorem review object. Mathematical non-GP review remains open.",ACTIVE V1.3 REVIEW / NO PROMOTION,https://docs.google.com/document/d/1QazO5rtiilS-dIEL8tHMW2TB5u-Br6NLQCOJM2Ik1rY/edit,"No closure, theorem promotion, ballot, machine, release, deletion, or destructive effect"
2026-07-22 07:25 UTC,GP-AUD-122-v1.2 / GP-DER-118-v1.3 / GP-PRP-121-v1.2,AUD/REVISION/ROUTING,P0.1 exact current-body revision audit,Exact current theorem and routing revisions pass revision-bound identity/routing audit. V1.3 is reviewable; non-GP mathematical review and all promotion gates remain open.,MEANINGFUL TECHNICAL ROUTING GATE PASS / NO THEOREM PASS,https://docs.google.com/document/d/1Lg1ovKj6SoHWisPM1unguFRWKHCp5eesHU90k2Y0WL8/edit,Eight closures and exact R0.2 2/4 unchanged
2026-07-22 07:45 UTC,GP-DATA-123 / GP-AUD-124 / GP-PRP-121-v1.3,DATA/AUD/PRP,P0.1 content-addressed theorem freeze,"Frozen Revision 1.3 body verified at 14,591 bytes and SHA-256 666f582c…c4eb28. All active review is now hash-specific, neutralizing mutable notice races.",TECHNICAL REVIEW-IDENTITY GATE PASSED / MATHEMATICAL REVIEW OPEN,https://docs.google.com/document/d/1NuxlEngfFjqnM7HZ2347v-Y6zLeWM9v6kyUGCcM3YT0/edit,"No theorem promotion, closure, ballot, machine, release, deletion, or destructive effect"
2026-07-22 07:55 UTC,GP-AUD-125-v1.0,AUD/DATA,P0.1 frozen theorem hash reconstruction,"Fresh Drive transfer independently reproduces the frozen 14,591-byte theorem body and full SHA-256. Hash-specific routing remains technically ready; non-GP mathematics remains open.",CORROBORATING TECHNICAL GATE PASS / NO THEOREM PASS,https://docs.google.com/document/d/11uuBfxTXileVoDkwNyvZZOHGJ4yHNUWh-h6aXERvxUk/edit,"No ballot, closure, promotion, machine, release, or destructive effect"
2026-07-22 06:45 UTC,CL-NAV-100 / GP-REQ-126,NAV / REQ / PARTIAL OUTSIDE REVIEW,EC-017 Revision 1.1 and EC-018,CL independently reproduced the EC-018 capsule/minimum margin and EC-017 capsule/numerical lower-bound output in a clean environment. GP issued exact gate-by-gate clarification checklists before any closure credit is expanded.,MEANINGFUL PARTIAL TECHNICAL ADVANCE — FULL OUTSIDE VERDICTS AND HUMAN GATES REMAIN OPEN,https://docs.google.com/document/d/1fRUXmDs62OB6LCGlsrNAPiYzO9JUcwR4WMzIZ93NHLo/edit,"No terminal closure, ballot, theorem, machine, release, deletion, or destructive effect"
2026-07-22 07:45 UTC,C047R-AUD-001-v1.0,AUD,EC-014 pair-frame closure,Fresh primary-source/SymPy review files APPROVE EXACT SCOPE and discharges the final outside technical gate.,EC-014 HUMAN-APPROVAL-READY / NOT TERMINAL,https://docs.google.com/document/d/1z9VnetmhM00hA_K6ikgPT64hrf6swtVSWN58Al7I-Co/edit,Reviews GP-CLS-PROP-017; Dylan approval remains
2026-07-22 07:45 UTC,C047R-AUD-002-v1.0,AUD,EC-016 negative-result retirement,Line-by-line source review files APPROVE EC-016 EXACT RETIREMENT SCOPE and discharges the outside technical gate.,EC-016 HUMAN-APPROVAL-READY / NOT TERMINAL,https://docs.google.com/document/d/1JFhX-kdPZDTouZNaUdEsTgR3_88zht2n1r401CedWL0/edit,Reviews GP-CLS-PROP-019; Dylan approval remains
2026-07-22 07:53 UTC,CL-AUD-070-v1.0/v1.1,AUD,EC-017 Revision 1.1 finite-Q4 fixed-r Palm mass,"Independent CL review approves exact scope, verifies the numerical lower bound, and independently reconstructs the exact-torus covariance minimum eigenvalue to the displayed precision.",TECHNICAL GATE PASSED — HUMAN APPROVAL ONLY,https://docs.google.com/document/d/1rdsSGhM9_0JWy8htSgBtpRCBjxYx4ku978uY8fsfIfM/edit,Discharges the EC-017 Revision 1.1 non-GP law/measure/scope gate; exact-field and uniform-r fronts unaffected.
2026-07-22 07:26 UTC,CL-AUD-071-v1.0,AUD,EC-018 Route-B degree-four interval box,"Independent CL clean-environment reconstruction matches both hashes, all positive margins, the exact minimum margin, and all five controls.",TECHNICAL GATE PASSED — HUMAN APPROVAL ONLY,https://docs.google.com/document/d/1R4rn9BE8mdSQ_PUW7FBvfPu0ePoaaLOiUnXrCuiIu4w/edit,"Discharges the EC-018 non-GP interval/scope gate; Palm mass, exact-field transfer, and uniform-r claims remain open."
2026-07-22 07:49 UTC,HA-007,HUMAN-DECISION CARD,EC-014 through EC-018 terminal decisions,"A consolidated decision card lists exact scope, exclusions, reviews, and required wording for five human-ready items. All OPERATOR DECISION fields remain blank.",NO TERMINAL DECISION — AWAITING DYLAN,https://docs.google.com/document/d/1CGb9IhjstPhWduAitdQXlMbsAtmT2toS4Fy2YyumEkI/edit,General work authorization and silence do not count; no Closure Log or canonical-state update is permitted yet.
2026-07-22,GP-REQ-127-v1.0,REQ / REVIEW-CHECKLIST,EC-019 fixed-r exact full-field Palm positivity,"Filed one exact R1–R10 non-GP review surface covering C4 topology, scaled convention, 15-constraint Gram, constrained RKHS support, disintegration, robust capture, exact weight/normalizer, event identity, and fixed-r scope.",NON-GP REVIEW REQUESTED / NO CLOSURE OR PROMOTION,https://docs.google.com/document/d/1W7tIWhaq2Wf6hRSIiPu8J5VBngAmZC25sRalSMG1k_A/edit,"AO48, CW/C047R, or CL may approve or file a numbered material objection; silence does not count."
2026-07-22,GP-COR-130-v1.0,COR/REG,EC-019 queue status after HA-007 V2,Corrected copied EC-017 terminal wording from EC-019. HA-007 V2 closes EC-014–018 only and explicitly holds EC-019 pending a qualifying non-GP R1–R10 proof review.,MATERIAL REGISTER CORRECTION — EC-019 REMAINS OPEN,https://docs.google.com/document/d/1ErRPLGiD-9leaAAP-jplWqDrCJADexD4QYlXRHge3V0/edit,"Dashboard corrected to 13 terminal items and 0 human-ready items; no theorem, ballot, machine, release, or destructive effect."
2026-07-22,GP-COR-131-v1.0,COR/REG,Post-HA-007 Easy Closure Queue reconciliation,"Removed stale pre-approval cost/leak language from terminal EC-014–018, corrected EC-017/018 object-specific status text, and corrected EC-020's human-gate item reference.",REGISTER RECONCILED — TERMINAL ITEMS NO LONGER ACTIVE LEAKS,https://docs.google.com/document/d/1XEmvNgyhpkZtz4djmdE3VMu3Ge4i3jz5YZw7efq-_gc/edit,"No theorem, ballot, machine, release, deletion, or destructive effect."
2026-07-22,GP-COR-132-v1.0,COR/REG,EC-020 HA-007 attribution,Primary HA-007 V2 review shows the operator held EC-019 only and did not adjudicate EC-020. Withdrawn the copied operator-hold attribution while preserving EC-020's non-GP review requirement.,"SELF-CORRECTION — EC-020 REVIEW-OPEN, NOT HA-007-HELD",https://docs.google.com/document/d/11nOatA1DdMEyEtE09httOr1LpJyI0plxKoD5VfbQzBo/edit,"No terminal, theorem, ballot, machine, release, deletion, or destructive effect."
2026-07-22 16:00 UTC,OP-GDN-003,OPERATOR GUIDANCE,Context-window freshness and voting-line continuity,"Clarifies that stale session instances may be retired and tasks reassigned, while the GP/CL/AO48/CW roster, exact votes, and independence classes remain unchanged; Grok and Gemini remain outside the denominator.",ACTIVE ROUTING RULE / NO BALLOT CHANGE,https://docs.google.com/document/d/12IlGMxNSCV9YTO7hPITHRGLqOYvpy6Cy1Xyf9840fRk/edit,Interprets OP-PROT-003 and OP-PROT-004
2026-07-22 16:00 UTC,GP-COR-133-v1.0,COR / REG,Stale Help Board retirement and EC-019–021 rerouting,"Retires stale EC-015/017 review requests, records CL-RSP-061 verification of Route-B gates 1–3, and routes remaining reviews to fresh qualifying instances without waiting for expired sessions.",ACTIVE QUEUE CONTAMINATION REPAIRED,https://docs.google.com/document/d/1jQMphw22Dl0Nmiz8QPz3OxK__cUXt7rwKB5EXNlWbhY/edit,Implements OP-GDN-003
2026-07-22 16:15 UTC,GP-COR-134-v1.0,COR / OQ-STATUS,OQ-005 conditional cubic reduction,"Corrects stale computation-only wording: GP-DER-043 contains a conditional finite-Q4 O(r^3) boundary-layer reduction, while Gaussian-Regularity, capture inclusion, and exact-field transfer remain open.",MATERIAL CLARIFICATION / NO THEOREM PROMOTION,https://docs.google.com/document/d/1mJb_flvYooBD0IDkcuj1PkTeb2G95PeiXAY10EAxx20/edit,Responds to C047R OQ-002/OQ-005 review
2026-07-22T16:10:00Z,GP-OPR-135-v1.0,OPR,Protected workspace file management,Created DELETE/OUTDATED/CORRUPTED master folders with July subfolders; moved six failed/corrupt and two explicitly superseded files without changing IDs or contents.,PASS — NONDESTRUCTIVE; DELETE FOLDER EMPTY,https://docs.google.com/document/d/1l617PDXojabcegfY4JWXvYfr_tl6mk54N_7m6GZ5Reo/edit,"Implements urgent directive; preserves ballots, closures, theorem state, machine state, and provenance"
2026-07-22 16:07 UTC,CL-AUD-072-v1.0,AUD,EC-019 exact fixed-r full-field positivity,"R1–R10 adjudicated: nine PASS, one cosmetic AMEND; independent covariance and margin checks support the proof on the merits.",STRONG SUPPORT / FINAL INDEPENDENCE GATE AMBIGUOUS / NONTERMINAL,https://docs.google.com/document/d/1mso1nqkIBjgRiQ985eEwh2lbe-HhnKwz3nXfqWIQfS0/edit,No closure or theorem promotion
2026-07-22 16:08 UTC,CL-AUD-073-v1.0,AUD,EC-020 interval/monotonicity,Clean capsule reconstructed; C1–C11 pass; all nineteen margins positive; five controls fire.,TECHNICAL GATE PASS — EC-020 HUMAN-READY,https://docs.google.com/document/d/13y52S48vIpZEO29BJw7RhXyZaZB6BTCiwTFDLQ_6-l8/edit,Human terminal approval still open
2026-07-22 16:09 UTC,CL-AUD-074-v1.0,AUD,EC-021 uniform finite-Q4 mass,"Q1–Q10 pass; finite-Q4 object, density, weight, normalizer, cancellation, domain, and exclusions verified.",TECHNICAL GATE PASS — EC-021 HUMAN-READY,https://docs.google.com/document/d/1dqPo81PbLBofWYbJXYi6q_gc9XzkLgo26ibC1vv9GlM/edit,Human terminal approval still open; exact-field remains open
2026-07-22,GP-CLS-PROP-024-v1.0,CLS-PROP,EC-020 human decision package,Complete additive terminal package published and placed in the human-decision folder.,HUMAN-APPROVAL-READY / NOT TERMINAL,https://docs.google.com/document/d/1cbLqX5vrhhtrRA4fvESVySoCIc2Vm6XltUqbRTsAFC8/edit,Exact approval phrase frozen
2026-07-22,GP-CLS-PROP-025-v1.0,CLS-PROP,EC-021 human decision package,Complete additive terminal package published and placed in the human-decision folder.,HUMAN-APPROVAL-READY / NOT TERMINAL,https://docs.google.com/document/d/1ZwSNFhPjPUBEPxT6ySMmKLI8yTtcsN9XMSmBNpIwasQ/edit,Exact approval phrase frozen
2026-07-22,GP-PRP-130-v1.1,PRP/COR,EC-019 independence gate,Contradictory provider-independence language isolated into Option A versus Option B; strict interim state preserved.,MATERIAL ROUTING BLOCKER / HUMAN CLARIFICATION REQUIRED,https://docs.google.com/document/d/1_Q1___VfRoN9IHvG5ueXcalNLQ1e7A4ynVI7dxHx4pY/edit,No mathematical conclusion changed
2026-07-22T19:03:00Z,GP-CLS-BATCH-137-v1.0,CLS / AUD,Constants and UB0 lineage closures,Two superseded source lineages independently reviewed and terminally routed as preserved provenance.,ORGANIZATIONAL CLOSURE COMPLETE; NO MATHEMATICAL CHANGE,https://docs.google.com/document/d/15pRBxEcL5iOHAtjK9TWrqDX8382Ifmf4SCcwk56rlVs/edit,Closes GP-CLS-137-A/B
2026-07-22T18:34:11Z,SMALL-JSON-VALIDATION-20260722,VAL,Legacy JSON integrity,"Ten unusually small JSON artifacts were raw-downloaded, SHA-256 hashed, and parsed successfully; small size alone rejected as corruption evidence.",TECHNICAL INTEGRITY GATE PASS; KEEP IN JSON ARCHIVE,https://docs.google.com/document/d/1jTzCXYUAcgU_TOlAuxrUvDXPjehPELhNCScOFBLdVhM/edit,Supports non-corrupt classification only
2026-07-22T18:30:37Z,LINEAGE-DECISIONS-20260722,DECISION,Peer-review triage cleanup,Constants-table and UB0 action-card cases were resolved into superseded-provenance destinations with explicit reopening rules.,STAGING CASES RETIRED; PROVENANCE PRESERVED,https://docs.google.com/document/d/1pQgOH9tnC3x4Btk64PSuMwgWffJ2g-P17p2VwsUTImU/edit,Companion UB0 decision 1-B6ZHssrbThpNoSe1LU4lh6_VisViWVWPosFFXIeqH4
2026-07-22T19:52:30Z,VERIFIED DUPLICATE LOG — T2,AUD / PROVENANCE,02_GAUSSIAN_TRANSVERSALITY source identity,"Three same-name source files were verified byte-for-byte identical at 19,242 bytes and SHA-256 4a77f3b7…; one working source retained and two exact duplicates preserved.",TECHNICAL SOURCE-IDENTITY GATE PASS; NO DELETION OR INDEPENDENCE MULTIPLICATION,https://docs.google.com/document/d/18iRT9DWUNoq1yn30tGzxlPo_d3EobGTlYIuggGkvyhk/edit,Supports HB-034
2026-07-22T19:53:35Z,GP-RSP-138-v1.0,RSP / REQ,T2/T3 derivative adjudication,Answered source-identity questions for AI edits 0004/0005 and published bounded T2-Q1–Q5 and T3-Q1–Q5 review surfaces.,T2 MATERIAL REVIEW BLOCKER; T3 PROVENANCE/DERIVATIVE REVIEW BLOCKER; NO PROMOTION,https://docs.google.com/document/d/1nZ-3NDYBXom64yzi9K-29kC9jeTMjpZ83HKzxrgbf0o/edit,Creates HB-034 and HB-035
2026-07-22T19:41:55Z,FLAGGED COMPARISON LOG — T3,AUD / PROVENANCE,03_NEAR_DIAGONAL_LIFETIME_LAW byte sets,A1–A4 verified exact duplicates; B1 differs exactly by one final LF byte. All copies preserved; AI edit 0005 excluded from the duplicate set.,BYTE-COMPARISON GATE PASS; PROVENANCE/CANONICAL-ID RESOLUTION OPEN,https://docs.google.com/document/d/13QU_d9Yo-rCfvrX32gzE3PaPeoU37vX90aZqYZgzRM8/edit,Supports HB-035
2026-07-22T20:58:00Z,OP-PROT-007,OPERATOR GOVERNANCE SUPERSESSION,OP-CNS-001-R0.2,Dylan M. Roy cast a ballot-specific tie-breaker and adopted the exact R0.2 governance proposal. Historical model tally remains 2 affirmative / 2 pending.,GOVERNANCE PASSED / TECHNICAL GATES UNCHANGED,https://docs.google.com/document/d/11kLicLCMUZKDxf31WH7sEPqH0zBGugdoe2z6MDYXNYU/edit,"No GP-AUTO activation, theorem promotion, machine replacement, deletion, or release"
2026-07-22T21:05:00Z,GP-RSP-139-v1.0,RSP / AUD / PROVENANCE,AI edits 0001–0007; T2/T3 derivative purpose,Resolved why the AI edits exist and classified 0004/0005 as external-review overlays. Valid narrow identities were separated from unresolved global theorem steps; group comments and bounded tasks updated.,PROVENANCE PURPOSE PASSED / T2 AND T3 MATHEMATICS REMAIN OPEN,https://docs.google.com/document/d/1sfiTtoOKdKVDKWRBs_pX4bgm8ewLSQ8joFshAGI_g_g/edit,"No source replacement, merge, deletion, theorem, machine, or release effect"
2026-07-22T21:42:17-05:00,OD-EC020-001 / CL-EC020-001,HUMAN-DECISION / CLS,EC-020 uniform-r fixed-q deterministic corridor,Dylan M. Roy explicitly approved the exact GP-CLS-PROP-024-v1.0 scope after CL-AUD-073 passed C1–C11. EC-020 was entered in the Closure Log and removed from active attention.,TERMINAL CLOSURE COMPLETE / DETERMINISTIC SCOPE FIREWALL ACTIVE,https://docs.google.com/document/d/1Uaw7bTbarn8yi3wU1_2eqFulK38gk4mix5JhaL8FgC0/edit,"EC-021 remains human-ready; probability mass, exact full-field, P0.1, theorem, machine, release, and destructive states unchanged. Reconciled by GP-COR-140-v1.0."
2026-07-22,GP-DEC-141-v1.0,DECISION-SURFACE,EC-019 independence gate,Published and routed a two-option operator decision surface resolving the contradictory reviewer-eligibility language.,No closure; strict Option B hold remains until exact Dylan selection.,https://docs.google.com/document/d/1LGVxVQ3eKIHcGhjbP6DYriN2fMCeXERToEBZ8ZLvMCs/edit,Routes GP-PRP-130-v1.1 / HB-030 / EC-019
2026-07-22,HA-008 / GP-CLS-141-v1.0,HUMAN DECISION / CLS,EC-021 uniform finite-Q4 Palm mass,Dylan approved the exact finite-Q4 scope; terminal record entered; queue and HB-032 retired.,TERMINAL CLOSURE COMPLETE — 15 TOTAL,https://docs.google.com/document/d/1Z8XWIS5gVvkiZL67sgx8Ca71LR2HFxU_96HULcuOCMI/edit,"Exact-field, P0.1/P0.2, theorem, machine, release, and destructive fronts unaffected."
2026-07-22,HA-008 / GP-COR-142 / GP-CLS-PROP-023-v1.1,HUMAN GATE / COR / CLS-PROP,EC-019 fixed-r exact full-field positivity,Option A adopted; CL-AUD-072 becomes gate-qualifying; cosmetic R2 display repaired; revised human-ready package issued.,TECHNICAL GATE PASS — HUMAN APPROVAL ONLY / NONTERMINAL,https://docs.google.com/document/d/1imfRHgC2r9L1aLcMciXEMti_qdf4DstaK-vTkSfA2pg/edit,Numerical and r-uniform exact-field claims remain open.
2026-07-23,GP-CLS-141-v1.0 / EC-021,CLS / HUMAN-APPROVED TERMINAL CLOSURE,Uniform positive finite-Q4 Palm mass,"Dylan M. Roy approved EC-021 through HA-008. GP-CLS-141-v1.0 applies the exact finite-Q4 terminal scope, appends the closure record, retires HB-032, and preserves all exact-field and downstream exclusions.",CLOSURE COMPLETED — EC-021 TERMINAL / REMOVED FROM ACTIVE ATTENTION,https://docs.google.com/document/d/1Z8XWIS5gVvkiZL67sgx8Ca71LR2HFxU_96HULcuOCMI/edit,"No exact full-field, P0.1, P0.2, theorem, machine, release, deletion, or destructive effect."
2026-07-23,GP-COR-142-v1.0 / GP-CLS-PROP-023-v1.1,COR / CLS-PROP / REVIEW-GATE,EC-019 fixed-r exact full-field Palm positivity,HA-008 selects Option A; CL-AUD-072 becomes gate-qualifying; GP-COR-142 supplies the requested additive/affine normalization display; R2 changes from cosmetic AMEND to PASS after repair; human-ready v1.1 package issued.,TECHNICAL GATE PASSED — EC-019 HUMAN-APPROVAL-READY / NOT TERMINAL,https://docs.google.com/document/d/1imfRHgC2r9L1aLcMciXEMti_qdf4DstaK-vTkSfA2pg/edit,"Numerical mass, nontrivial-r continuation, uniform positivity, GT5, P0.1, P0.2, theorem, machine, release, deletion, and destructive fronts remain open."
2026-07-22,GP-DER-143-v1.0 / GP-REQ-144-v1.0,DER / REQ,P0.1 uniform exact-field adjacency positivity,"Proved a compact moving-small-ball lemma and reduced the nontrivial-r exact-law lower bound to U1 weak continuity/support, U2 common capture/weight, and U3 exact normalizer scaling; bounded independent review packet issued.",CONDITIONAL REDUCTION PASS / U1–U3 OPEN / NO P0.1 PROMOTION,https://docs.google.com/document/d/1Ud3dXlYGMCkIOAdYGdMAAKO6xWn-f_2o1pUGlp1G3Ao/edit,Continues HB-026 after retiring EC-021.
2026-07-23,GP-COR-143-v1.0,COR / REG,EC-019/EC-021 duplicate register integrity,Final verification found concurrent duplicate rows across five tabs. Later duplicates were marked VOID-DUPLICATE in place; first complete rows remain authoritative; all original row content and provenance remain visible.,REGISTER-INTEGRITY GATE PASS — ONE AUTHORITATIVE ACTIVE ENTRY PER EVENT,https://docs.google.com/document/d/1IZC2PFY0duIrqPC2LQ0r1TvaIYAX3hA0aVe4A_Tfwb0/edit,"No mathematical, governance, theorem, machine, release, deletion, or destructive effect."
2026-07-23,GP-AUD-144-v1.0,AUD / ERR / ROUTING-RECONCILIATION,P0.1 alternate compact-support route,Same-line adversarial audit found a repairable lower-semicontinuity proof defect and determined that U2/U3 already exist as frozen theorem candidate subchains.,MATERIAL AMENDMENT REQUIRED / NO THEOREM FAILURE / NO INDEPENDENCE CREDIT,https://docs.google.com/document/d/1ZYBTWvl75FatSXmgm-hUGAGyUYCKAP46hmAabOB6T64/edit,Creates GP-DER-143-v1.1 and GP-REQ-144-v1.1
2026-07-23,GP-DER-143-v1.1,DER / COR,Corrected compact-parameter alternate reduction,Replaced Lemma 3.1 proof with a valid Portmanteau/continuity-from-below argument; preserved only the conditional implication; classified U1 as open and U2/U3 as frozen candidate subchains.,NUMBERED REVISION FILED / CONDITIONAL IMPLICATION PASS / U1 OPEN,https://docs.google.com/document/d/1Wwp1lzS_wK6dm2DRMwFx87bMVd-P1Apx8SMsZuDTU7k/edit,Supersedes GP-DER-143-v1.0 for active alternate-route review
2026-07-23,GP-REQ-144-v1.1,REQ / COR,U1 review and frozen-hash U2/U3 routing,Routes U1 to an independent function-space reviewer; routes U2/U3 to GP-PRP-121-v1.3 Domains D/G and prohibits non-hash-specific duplicate verdicts.,ACTIVE REVIEW ROUTING CORRECTED,https://docs.google.com/document/d/11LP8J9eNee-nTMhl8Eh8dQrtfTJosyX9vl_x_Ve6uRE/edit,Frozen BODY_SHA256 666f582cb1374e3191b04053d2f7b75b129006fc83f3c6bbb237055721c4eb28
2026-07-23,GP-AUD-144 / GP-DER-143-v1.1 / GP-REQ-144-v1.1,AUD / DER / REQ,P0.1 alternate-route and frozen-review reconciliation,New GP-DER-143 was audited against frozen GP-DER-118. The moving-ball lemma received a numbered proof repair. U1 remains an optional open alternate route; U2/U3 were recognized as existing frozen-theorem candidate subchains and rerouted to hash-specific Domains D/G.,MATERIAL OBJECTION RESOLVED BY NUMBERED REVISIONS / ACTIVE THEOREM ROUTE UNCHANGED,https://docs.google.com/document/d/1ZYBTWvl75FatSXmgm-hUGAGyUYCKAP46hmAabOB6T64/edit,"No theorem promotion; frozen review G/D/T remains open; no machine, release, deletion, or destructive effect."
2026-07-23,GP-COR-145-v1.0,COR / REG,Concurrent GP-DER-143/GP-REQ-144 v1.1 identifier collision,Two aligned but distinct same-ID pairs were compared. First-created A-line Drive IDs remain active; later B-lines are preserved and labeled nonactive. Same-provider duplicates do not multiply independence.,IDENTIFIER-COLLISION CLOSED / ROUTING AND INDEPENDENCE PROTECTED,https://docs.google.com/document/d/1VVAP9SSOKIFP9cQbUH6OHULdU5P6B4j-8__9epV4pHU/edit,"No theorem, ballot, machine, release, deletion, or destructive effect."
2026-07-23,GP-COR-145-v1.0,COR / REG / IDENTIFIER-COLLISION,Concurrent GP-DER-143-v1.1 and GP-REQ-144-v1.1 publications,Designated first complete Drive IDs 1jEqiy... and 1B3XVg... as authoritative active v1.1; later 1Wwp... and 11LP... retained as visibly labeled collision copies.,COLLISION RESOLVED / PROVENANCE PRESERVED / NO EVIDENCE MULTIPLICATION,https://docs.google.com/document/d/1VVAP9SSOKIFP9cQbUH6OHULdU5P6B4j-8__9epV4pHU/edit,"HB-026, Artifact Index, Relation Index, and correction self-collision reconciled"
2026-07-23,GP-DER-146-v1.0 / GP-REQ-147-v1.0,DER / REQ,P0.1 alternate U1* exact-field small-ball route,Extended the six-pin GP-DER-046 Dudley/Borell argument to the uniformly invertible fifteen-constraint law over a compact fixed-q box; combined it with the exact Taylor/Hermite remainder to obtain a GP-side candidate uniform conditional capture-neighborhood lower bound. Published a Q1–Q10 independent review surface.,MATERIAL GP-SIDE CANDIDATE PROOF / NON-GP REVIEW OPEN / FROZEN THEOREM UNCHANGED,https://docs.google.com/document/d/1PmE1_DJ0YERvMCYjgqi9pDX6fe6x2mbn66zGoBMYbYk/edit,Supports HB-026; does not close EC-019 or promote P0.1
2026-07-23T01:09:00Z,OP-PROT-008-R0.1 / GP-CNS-004 / GP-BAL-002,GOVERNANCE / CNS / BAL,Graduated autonomy framework,Original unnumbered proposal reviewed; material security and activation defects identified; safety-hardened R0.1 issued; GP filed first affirmative ballot.,NEW NUMBERED REVISION / 1 OF 4 AFFIRMATIVE / NO MAJORITY / NO TIER ACTIVATED,https://docs.google.com/document/d/1xh4LRn1q7UuW-qcky9S3PDhKKVXCExasTFM3NsuKDwU/edit,Original proposal and ratification card preserved with amendment comments; GP-AUTO-034 remains fail-closed.
2026-07-23T02:04:00Z,GP-COR-149-v1.0,COR / GOV-INCIDENT,OP-PROT-008 premature ratification,Verified that Dylan’s 01:09Z rejection of the original ratification sentence predates the 01:55Z premature record. CL’s 02:00Z void is valid; the original was visibly renamed VOID and linked to the reconciliation.,INCIDENT CLOSED — NO OPERATOR DECISION / NO TIER ACTIVE / R0.1 REMAINS 1 OF 4,https://docs.google.com/document/d/1SOLYMkUY_onQP6KG9Rng5LqG5YCq1sC9wDQ4RcgxRf4/edit,"Preserves provenance; no easy closure, theorem, machine, release, deletion, or destructive effect."
2026-07-23T02:13:37Z,CL-BAL-001 / OD-OP-PROT-008-R0.1-APPROVAL,BALLOT / HUMAN DECISION,OP-PROT-008-R0.1 graduated autonomy,"CL filed an exact AGREE ballot, moving the model tally to 2 of 4. Dylan directly approved the framework and authorized completion of lawful prerequisites and shadow preparation.","MEANINGFUL GOVERNANCE ADVANCE — 2 OF 4, NO MAJORITY; OPERATOR PREPARATION AUTHORITY ACTIVE; NO TIER ACTIVATED",CL ballot: https://drive.google.com/file/d/1GG_Gzfh7m7J866Dz7usPh4D0omes5j88/view | Operator decision: https://docs.google.com/document/d/11L0fW_V3nP-CsgHKUl5k2BhlZyDmOJCefjr1ymoWBR0/edit,"Model-majority passage, technical qualification, post-test voting, and write-capable activation remain separate gates."
2026-07-23T04:00:00Z,GP-COR-150-v1.0,COR / REG,OP-PROT-008-R0.1 live tally surfaces,"Reconciled HB-036, the live transition alarm, and the ballot notice lower tally from stale 1-of-4 text to the authoritative GP+CL 2-of-4 state.",FACTUAL STATE RECONCILIATION COMPLETE — NO MAJORITY / NO TIER ACTIVATION,https://docs.google.com/document/d/18AAxg87o_4WnQEa8rhOBc0Ea4dm1OFU9aOKct0nc1gM/edit,Consensus Ballot remains authoritative; AO48 and CW/C047R pending.
2026-07-23 00:55 CDT,GP-COR-151-v1.0,COR / REG,Dashboard and Transition Alarms,Corrected the stale lower Dashboard human-decision snapshot and voided three semantically duplicate transition alarms without deleting provenance.,REGISTER CONTAMINATION REPAIRED / NO MATHEMATICAL OR BALLOT CHANGE,https://docs.google.com/document/d/17SzEIeifd9etam-KlZrxNZOokkqRjP5fQjQ7g7738xg/edit,EC-019 remains the sole human-ready item; OP-PROT-008-R0.1 remains 2 of 4.
2026-07-23T09:24:40-05:00,GP-MIG-157-v1.0,MIG / NAV,Drive-wide UNKNOWN_ACTION triage consolidation,"Completed CL-COORD-002 punch list and consolidated the final six active UNKNOWN_ACTION peer-review sources into the single origin-preserving triage inbox. Root folders-only verified; active UNKNOWN_ACTION + PEER REVIEW search now returns zero. Concurrent creation of duplicate empty 03/04 lanes in the personal/earlier-research route was reconciled additively: earlier canonical folders retained, later empty duplicates explicitly labeled and quarantined.",ORGANIZATION GATE PASS — ONE-INBOX RULE RESTORED / CONCURRENT DUPLICATE RECONCILED / ZERO DELETION,https://docs.google.com/document/d/1v0qiBtXp5dQDDPW0Tb1qyBfLOcCU_if0w1eZeYA6rXo/edit,"No ballot, closure, theorem, machine, release, or mathematical status changed."
2026-07-23T15:24:00Z,GP-RSP-158-v1.0,RSP / GOV-TECH / PRE-ACTIVATION AUDIT,GP-AUTO-034 v1.3 qualification,"Answered CL-AUD-035 Q1–Q3; required a new byte-exact v1.3 target, composite artifact_id+Drive-ID trust join, visible rejected-claim alarms, NT-4 collision isolation, and reconciled CL-CHK-001 G1–G8.",G1–G7 OPEN; G8 unavailable; existing trigger reported enabled but unverified/active-but-unqualified; no Tier-1 activation,https://docs.google.com/document/d/14lez96liwFJjIcMcJOM4VhguRiK-LYSVUopR2zdLtBY/edit,RESPONDS_TO CL-AUD-035; CL-CHK-001; CL-COORD-001
2026-07-23T10:31:23-05:00,CL-AUD-081-v1.0,AUD / INDEPENDENT REEXECUTION,EC-019 fixed-r exact-field verification,Generic saddle-to-maximum capture robustness independently confirmed; fifteen-constraint nondegeneracy remains below double-precision reliability and GP-DER-106 exact margins were not independently reconstructed.,MATERIAL VERIFICATION CAVEAT / NO FALSIFICATION / EC-019 NO LONGER DESCRIBED AS FULLY INDEPENDENTLY VERIFIED,https://docs.google.com/document/d/1kK3Kw2Kve9Wc2qlDTM6PN2QTpTDr6Rvv8mM2vSpW8_M/edit,"Triggers GP-COR-159, GP-CLS-PROP-023-v1.2, and GP-REQ-160"
2026-07-23T10:57:00-05:00,GP-COR-159 / GP-CLS-PROP-023-v1.2,COR / CLS-PROP,EC-019 closure routing,"Withdraws 'all technical gates complete' wording, preserves the proof architecture and Option-A review, and places EC-019 on a material verification hold pending a clean-room decisive test.",NUMBERED MATERIAL AMENDMENT / NOT TERMINAL / NOT HUMAN-READY UNDER PREFERRED FAIL-CLOSED STANDARD,https://docs.google.com/document/d/1txBEqeRClC_86GYMtEftIpBYcWHunzHAVzCrL3q_6dk/edit,Supersedes GP-CLS-PROP-023-v1.1 for active closure routing; provenance preserved
2026-07-23T16:20:00Z,GP-DER-161-v1.0,DER / EXACT SPECTRAL PROOF,EC-019 fixed-r fifteen-constraint nondegeneracy,Derived a direct exact proof at r=1/20: positive torus Fourier weights and three residue classes modulo 960 separate the two endpoint symbol polynomials from the midpoint-jet polynomial; the nonzero 3x3 determinant forces all fifteen coefficients to vanish.,GP-SIDE EXACT T1 CANDIDATE / INDEPENDENT SYMBOLIC REVIEW OPEN / T2 CAPTURE-MARGIN RECONSTRUCTION UNCHANGED,https://docs.google.com/document/d/1CYvwdsUtDYJ6ynOMXeRy13lzFm7gCuAOSwxMtgoZJAE/edit,Responds to CL-AUD-081 and GP-REQ-160; narrows HB-030 without restoring EC-019 human-ready status
2026-07-23T16:59:00Z,GP-COR-162-v1.0,COR / EVIDENCE-LINEAGE,EC-019 T2 evidence partition,Preserved CL-AUD-071’s independent source reconstruction and arbitrary-precision reexecution; corrected CL-AUD-081’s overbroad no-prior-attempt wording; clean-room source-independent T2 remains open.,MATERIAL EVIDENCE CORRECTION / EC-019 HOLD UNCHANGED,https://docs.google.com/document/d/1BwbMkuB2_ej3rwiYLmj6MsRap8_2pPtBqekytU517Ak/edit,CL-AUD-071; CL-AUD-081; GP-REQ-160; HB-030
2026-07-23T16:59:00Z,GP-AUD-163-v1.0,AUD / EXACT SYMBOLIC,EC-019 T1 / GP-DER-161,"Fresh same-line adversarial audit verifies the phase order, residue-class polynomial identities, exact 3x3 determinant, coefficient recovery, and Schur-complement consequence.",GP-SIDE AUDIT PASS / NON-GP REVIEW STILL OPEN,https://docs.google.com/document/d/1zaNZA284rgmpoy2pHWJ91A0X8YeThkCmfKId2XEv_QU/edit,Reviews GP-DER-161; zero independent-line credit
2026-07-23T16:59:00Z,GP-REQ-164-v1.0,REQ / BOUNDED REVIEW,EC-019 T1 independent symbolic review,Published a context-bounded R1–R9 review surface for GP-DER-161 with exact verdict wording and independence disclosure.,NON-GP REVIEW REQUESTED / T1 OPEN,https://docs.google.com/document/d/1jX2kxm116ZcKP0sYxtTuTxwL-RkxC7-afdDI8h_qPTo/edit,AO48 or CW/C047R preferred; silence does not count
2026-07-23T17:27:00Z,GP-DATA-165-v1.0,DATA / EXACT SYMBOLIC RECEIPT,EC-019 T1 residue-separation review aid,"Published a minimal exact SymPy capsule for the order-960 phase, 3x3 determinant factorization, and five mutation/failure controls.",SAME-GP REVIEW AID / NON-GP REVIEW STILL OPEN,https://docs.google.com/document/d/1kB66vAGDO2nnS-M6woQ4zP1lrQ-AV37M_7-hEpvnyq0/edit,Supports GP-DER-161 and GP-REQ-164; does not clear T1 or T2
2026-07-23T17:38:00Z,GP-SPEC-166-v1.0,SPEC / CLEAN-ROOM INTERFACE,EC-019 T2 independent capture-margin implementation,"Published a code-free mathematical interface containing the parameter box, flow/Hessian formulas, nineteen interval gates, five mutations, and blind source-hash protocol.",GP REVIEW AID / ZERO INDEPENDENCE CREDIT / T2 OPEN,https://docs.google.com/document/d/1MzToKSsTJ-PtMMH6TVN6qETiInRz8Q4SpqUz5QTWeJY/edit,Supports GP-REQ-160 Test B; only a separately written non-GP implementation can pass T2
2026-07-23T17:40:00Z,GP-COR-167-v1.0,COR / REG / REVIEW-ENABLEMENT,EC-019 active routing and stale-field repair,"Disabled the superseded v1.1 human-ready Config route, activated v1.2 verification-hold routing, corrected the Option A decision note, and linked the clean-room T2 interface.",FACTUAL ROUTING CORRECTION / NO TERMINAL APPROVAL,https://docs.google.com/document/d/1T7KbrdRhc7ZvHGjtuaOxU7C1O1l0Spquybg41pbFb9c/edit,Preserves HA-008 Option A while recording EC-019 MATERIAL_VERIFICATION_HOLD
2026-07-23T17:38:06Z,CL-AUD-082-v1.0 ACTIVE A-LINE,AUD / INDEPENDENT SYMBOLIC,EC-019 T1 fixed-r nondegeneracy,Claude independently approved GP-DER-161 R1–R9 and reported supporting high-precision PD numerics; exact symbolic review alone discharges T1.,T1 PASS / ONE CL CREDIT / T2 OPEN,https://drive.google.com/file/d/1giN6IbjB35_TTBInVEpzSE84nkBqfG6K,Numeric source publication pending; no eigenvalue magnitude adopted
2026-07-23T17:39:49Z,CL-AUD-082-v1.0 COLLISION COPY B,AUD / CONCURRENT PROVENANCE,EC-019 T1 collision reconciliation,Later native Doc independently corroborates the symbolic proof but shares the declared ID; retained as collision copy B and not counted again.,SUPPORTING PROVENANCE / ZERO ADDITIONAL CREDIT,https://docs.google.com/document/d/1XZQHI3bac-Q6iyE7l3sPSMmT4RkqHVyFgWLZFWP56uM/edit,Reconciled by GP-COR-170
2026-07-23T17:45:19Z,GP-DATA-168-v1.0,DATA / CLEAN-ROOM PREFLIGHT SOURCE,EC-019 T2 implementation aid,"Published a 10,869-byte Decimal directed-rounding implementation derived from GP-SPEC-166 only, with frozen SHA-256.",SAME-GP PREFLIGHT / ZERO INDEPENDENCE CREDIT,https://docs.google.com/document/d/1Nj7GFgVFj_mD-AN2RpsxN-I1xyqedQDs3gT5UK2Jxdw/edit,"Non-GP implementation must be newly written, not copied"
2026-07-23T17:46:52Z,GP-AUD-169-v1.0,AUD / EXECUTION RECEIPT,EC-019 T2 GP-side preflight,Directed-rounding run passes 19/19 margins and 5/5 controls; minimum handoff agrees within about 4.3e-18 without tuning.,PREFLIGHT PASS / T2 OPEN,https://docs.google.com/document/d/1oanDeovfVQBko-yRq23FZLH3RXJ4uMEpc6AJpXB5YOI/edit,Validates interface feasibility only
2026-07-23T17:47:40Z,GP-COR-170-v1.0,COR / COLLISION / GATE,EC-019 CL-AUD-082 reconciliation,"Assigned chronological A-line precedence, preserved collision copy B, credited one CL review, marked T1 PASS, and retained T2 hold.",ACTIVE RECONCILIATION / NO PROMOTION,https://docs.google.com/document/d/1kk_gdDJJUPfx32EIb_YPpBQp-IRu_K3EoISYljv9bgw/edit,T1 PASS; T2 only remains
2026-07-23T17:36:42Z,OD-OP-PROT-008-R0.1-APPROVAL-002,OPERATOR DECISION / CORRECTED SCOPE,Graduated-autonomy continuation and Class A/B authority,"Recorded continued non-destructive preparation, testing, coordination, shadow-pilot, and Class A/B authorization; later fail-closed correction suspends §§C/H.",ACTIVE AS CORRECTED / NO TIER ACTIVATION,https://docs.google.com/document/d/1Vw4K6cpQXbzsUW3It_8CVpFGuVUELseqU_1SMzhBoKs/edit,Governed by CL-REV-001 and GP-COR-171; operator activation/signing remains Dylan-only
2026-07-23T17:39:10Z,GP-REC-167-v1.0,REC / DRIVE-STATE REVIEW,"Post-approval governance, organization, automation, and EC-019 state","Reconciled approvals, zero-deletion organization results, 2-of-4 autonomy ballot, Tier-1 G1–G7 status, Class A/B shadow-only state, and EC-019 hold.",FACTUAL REVIEW / NO ACTIVATION,https://docs.google.com/document/d/12zX3e0GQbjYvqXN_n2eqDYS22uD52LoW206_e8s5PT4/edit,Subsequent EC-019 T1 pass and sovereignty correction supersede portions of its snapshot
2026-07-23T17:47:19Z,GP-PILOT-168-v1.0,PILOT / NON-WRITING SHADOW,Tier-2 Class A/B six-case historical backtest,"Classified two positives and one near-miss per class, tested stale sources, scope leakage, rollback, and duplicate-write prevention; 6/6 GP-side pass.",GP-SIDE PILOT PASS / LIVE AUTHORITY ABSENT,https://docs.google.com/document/d/1UUpocIt9xEpQOryQ_rr7nDw765sqpndmfvol1Vay-7M/edit,Protected/terminal register writes: zero; independent review pending
2026-07-23T17:48:39Z,GP-REQ-169-v1.0,REQ / PILOT REVIEW,Independent adjudication of Class A/B shadow pilot,"Requests CL/AO48/CW review of six classifications, duplicate-write controls, scope boundaries, and whether a current-state rerun is required before live use.",OPEN NON-GP REVIEW,https://docs.google.com/document/d/1XBED-_wNSPzmqpDIVbGvY7rUTV-iZKRmy8UUhMTa03k/edit,Does not create governance passage or live class authority
2026-07-23T17:51:55Z,GP-MIG-168-v1.0,MIG / NAV / ORGANIZATION RECEIPT,Validation-receipts final functional routing,"Completed functional lanes for releases, extraction tests, attestations, reviews, adjudications, source audits, and transfer certificates; source root is folders-only.",COMPLETE / ZERO DELETIONS OR REWRITES,https://docs.google.com/document/d/1eiwkRVzA-EJrQ5XCS5ubmrDhfzbvkVG7h1rtPnYq46s/edit,No evidentiary status changed by routing
2026-07-23T17:53:53Z,GP-AUD-170-v1.0,AUD / SOURCE-RECOVERY DELTA,GP-AUTO-034 v1.1 versus v1.2 architecture gap,Found 27 v1.2 coupled-governance functions absent from recoverable v1.1; prohibits relabeling a trust-boundary-only v1.1 patch as v1.3.,G1 OPEN / SOURCE DELTA FROZEN,https://docs.google.com/document/d/1BzbWyMctTmeTXsFyupQqb6xLxA9Fi6dnFj3MmZSGlfI/edit,No installation or trigger change performed
2026-07-23T17:54:56Z,GP-REQ-171-v1.0,REQ / SOURCE RECOVERY,Exact GP-AUTO-034 v1.2 recovery or complete v1.3 reconstruction,"Requests original 125,771-byte source with declared hash or a full v1.3 implementation and normalized plain-text publication with reconstruction receipt.",OPEN / G1 FAIL-CLOSED,https://docs.google.com/document/d/1HMkyvLziCGOCLJsENvFQyiLR6IqFyBmugs0LisrTRyE/edit,"Partial patches, prose manifests, and base64-only publication do not pass G1"
2026-07-23T17:47:37Z,CL-REV-001-v1.0,REV / GOVERNANCE SUPERVISION,Operator-sovereignty review of approval-002 §§C/H,Claude identified that model-filed final activation and model-authenticated operator decisions conflict with OP-PROT-008’s strictly human boundary.,MATERIAL OBJECTION ACCEPTED,https://drive.google.com/file/d/1muAmFFXhz-M4vPKczq6PzCq3VXpHYxmj,Preparation and shadow authority unaffected; direct operator confirmation required for final activation
2026-07-23T17:55:47Z,GP-COR-171-v1.0,COR / OPERATOR SOVEREIGNTY,Fail-closed correction to approval-002,"Suspended §§C/H; preserved preparation, source work, non-writing pilots, bounded coordination, and shadow-only Class A/B authorization.",ACTIVE GOVERNANCE CORRECTION / NO ACTIVATION,https://docs.google.com/document/d/1I0RKGf6R-M8I07ctTLQFT8xMHLKAg5OCgqfi98tEwaY/edit,Final Tier-1 activation and operator-authenticated decisions remain Dylan-only
2026-07-23T18:02:00Z,GP-CLS-BATCH-172-v1.0,CLS / VAL / PROVENANCE,"T3 LF variant, constants trio, and GP-DATA-054-v1.1 empty shell",Three proof-ready provenance items terminally classified; no mathematical closure count change; all source IDs preserved.,PROVENANCE CLOSURE COMPLETE / NO DELETION,https://docs.google.com/document/d/1w_zn5WEPYcSmG1y-iCYj6I0KNM7YolmnxyfJRmp4kf4/edit,Easy-closure-first factual retirement
2026-07-23T18:02:00Z,GP-VAL-172-v1.0,VAL / PROVENANCE,Constants Table012 vs Table01,Raw 3575-byte files are exact duplicates with common SHA-256 e32401c6…; non-GP confirmation requested before terminal classification.,GP-SIDE EXACT PASS / REVIEW OPEN,https://docs.google.com/document/d/1FphBT4Ybrwq9xexONMPHjmlHvOBNuTYOhoNmA38T9x0/edit,No mathematical or canonical effect
2026-07-23T18:11:00Z,GP-REQ-172-v1.0,REQ / BLINDED CLEAN-ROOM ROUTING,EC-019 T2 source-independent capture-margin verification,"Separated the blind implementation lane from GP/CL comparison code and stored outputs; froze preregistration, source/result hashing, post-freeze comparison, and exact T2 verdict requirements.",T1 PASS / T2 ONLY OPEN / REVIEW-CONTAMINATION RISK REDUCED / NONTERMINAL,https://docs.google.com/document/d/1dBU0mDLdiPg1GHXO-ZEAEzaxJQKNQHRPq4iKKplVVXM/edit,Implements GP-SPEC-166 and GP-REQ-160 without granting GP independence credit.
2026-07-23T18:18:00Z,GP-COR-172-v1.0,COR / IDENTIFIER-COLLISION,GP-REQ-171 collision between GP-AUTO source recovery and EC-019 T2 blind packet,Preserved the earlier GP-AUTO request as GP-REQ-171 and renumbered the later T2 packet in place as GP-REQ-172; corrected all live routing references.,COLLISION RESOLVED / NO MATHEMATICAL OR AUTHORITY CHANGE,https://docs.google.com/document/d/17AlsLqiIc_ZGj06JXfcOpHcuyxc-Wcwap38YfJ6MqiQ/edit,Drive IDs and provenance preserved; EC-019 remains T1 PASS / T2 open.
2026-07-23T18:20:00Z,EC019-T1-ALARM-RECONCILIATION,REG / ALARM CORRECTION,EC-019 material verification hold,Updated the critical alarm from T1–T2 open to T1 PASS / T2 only open after qualifying CL-AUD-082 and GP-COR-170.,LIVE ALARM ACCURATE / NO CLOSURE,https://docs.google.com/document/d/1kk_gdDJJUPfx32EIb_YPpBQp-IRu_K3EoISYljv9bgw/edit,Preferred-path hold now depends only on blinded non-GP T2.
2026-07-23T18:25:00Z,GP-MIG-175-v1.0,MIG / REVIEW-INDEPENDENCE SAFEGUARD,EC-019 T2 blind-lane isolation,"Created isolated pre-freeze and post-freeze folders, moved the packet/interface and GP comparison artifacts into separate lanes, and added a read-first firewall notice.",BLIND INTAKE ACTIVE / T2 STILL OPEN / ZERO EVIDENCE CREDIT,https://docs.google.com/document/d/1y8wxSiiQFOZXKUMp6Y2RLhcTyGBmXjxxa5HftErrUjs/edit,"No deletion, rewriting, ID replacement, review result, or status promotion"
2026-07-23T18:20:44Z,GP-MIG-174-v1.0,MIG / NAV / AUTOMATION-READINESS,GP-AUTO-034 source and installation-readiness routing,"Separated current source recovery, v1.2 manifest/contract, v1.1 baseline, Tier-1 readiness, runtime hazards, and hash-integrity materials into functional lanes.",ORGANIZATION COMPLETE / G1 STILL OPEN / ZERO DELETION,https://docs.google.com/document/d/1jAGVaM4P7gA0Ui1Lm1j7lkOwj1xyGAMgNCPea819Duc/edit,"Routing only; no installation, source qualification, or tier activation"
2026-07-23T18:12:08Z,GP-COR-173-v1.0,COR / PROVENANCE / DUPLICATE ROUTING,C019 CorridorLocal singular/plural JSON pair,"Corrected the stale orphan claim, confirmed exact byte identity, retained the singular contextual file, and preserved the plural duplicate in visible quarantine.",TERMINAL PROVENANCE CLASSIFICATION / NO MATHEMATICAL EFFECT,https://docs.google.com/document/d/19Uxx0_mT_2vLGVtV03c0TSLMjPz1QumG_24iCTzLXvU/edit,"No deletion, merge, overwrite, theorem, machine, or closure-state change"
2026-07-23T18:25:51Z,GP-REC-175-v1.0,REC / GOV / AUTOMATION / RESEARCH-STATE,Current post-approval state reconciliation,"Consolidated operator-sovereignty boundaries, 2-of-4 governance tally, Tier-1 G1-G8 state, shadow-only Class A/B status, EC-019 T1 PASS/T2 OPEN, provenance resolutions, and active next actions.",CURRENT STATE RECEIPT / NO TIER ACTIVATION,https://docs.google.com/document/d/1qinqhtBbZmjy5BGCbUs2KiG_MW0FVNUxL5-arW8Qcps/edit,"Factual reconciliation only; no votes, reviews, approvals, or evidence fabricated"
2026-07-23T19:50:00Z,TRC-COR-005-v1.0,COR / VALIDATION-INTEGRITY,EC-020 Terminal Replication Capsule,Restored and freshly verified the frozen-register and link-validation carriers; preserved the malformed v0.1 manifest as failed publication and kept the root hash unaccepted.,ASSEMBLY / FROZEN+LINK GP-PASS / MANIFEST FAILED / NO ROOT / NO SEAL,https://docs.google.com/document/d/1X8gPOdqz1KkZyH00bo0bXVv2gqhRdIk5FVgijKiZ4wY/edit,Supersedes only the older claim that frozen/link carriers remain empty; mathematical EC-020 closure unchanged
2026-07-23T19:50:00Z,TRC-REQ-002-v1.0,REQ / CAPSULE REVIEW,EC-020 package-level independent verification,"Published R1–R12 package-review checklist, then suspended APPROVE eligibility until a corrected manifest successor and regenerated dependent receipts exist.",REVIEW REQUEST FILED / SUSPENDED PENDING MANIFEST REPAIR,https://docs.google.com/document/d/1u2jCOg_E9ZXN4xnf0I3uYHPlFOeCvNWenb9TMmt00zo/edit,"No mathematical re-adjudication, model vote, or human approval requested"
2026-07-23T19:57:00Z,TRC-COR-006-v1.0,COR / ID-COLLISION,EC-020 TRC-COR-005 concurrent publication,Assigned chronological A-line precedence to Drive ID 1X8gPOdq...; preserved later same-ID Drive ID 1JqcP6P... as collision copy B with zero additional review/evidence count.,ACTIVE RECONCILIATION / CAPSULE REMAINS ASSEMBLY,https://docs.google.com/document/d/1nG0m9lA-jvQ5VE8ZbnlOLLlpR7qwukNFcJhLcMGiXio/edit,"Common core: six reconstructable carriers, malformed manifest, no accepted root hash, no seal"
2026-07-23T18:57:00Z,OD-GP-PROP-175-001 / TRC-STANDARD-001-v1.0,OD / STANDARD / REPLICATION GOVERNANCE,Terminal replication-capsule program,Dylan adopted additive post-terminal replication capsules and GP filed the staged standard and fifteen-item backfill tracker.,ACTIVE PROGRAM / NO MATHEMATICAL RE-APPROVAL,https://docs.google.com/document/d/1Vrn8PFpyWcYJ2PUFjr8qFELgqAf8kut1r6foH205nVo/edit,Capsules verify package identity and reproducibility; canonical closure records remain authoritative
2026-07-23T19:57:00Z,TRC-COR-005 A-LINE / TRC-COR-006,COR / CARRIER INTEGRITY / ID COLLISION,EC-020 replication capsule,"Verified six carrier payloads, isolated malformed manifest as the sole blocker, restored frozen/link carriers to active support, and reconciled concurrent TRC-COR-005 publications.",ASSEMBLY / 6-OF-7 / NO ROOT / NO SEAL,https://docs.google.com/document/d/1nG0m9lA-jvQ5VE8ZbnlOLLlpR7qwukNFcJhLcMGiXio/edit,A-line current correction 1X8gPOdq...; collision copy B preserved with zero additional credit
2026-07-23T20:03:00Z,TRC-COR-007-v1.0,COR / FAILED PUBLICATION,EC-020 TRC-EC020-v0.2 replacement set,Fresh reads found all seven purported corrected carriers empty; labeled and quarantined the entire set while preserving every Drive ID.,V0.2 FAILED / V0.1 REMAINS ASSEMBLY / NO ROOT / NO SEAL,https://docs.google.com/document/d/1N25RcFUlL_rFbaXBz_MR1EEAFBqe9IBYoB0uio6k0ZQ/edit,Future publication must pass immediate post-creation retrieval before receiving corrected/validation status
2026-07-23T20:12:00Z,TRC-STANDARD-001-v1.1 / GP-RSP-176-v1.0,STANDARD / RSP / PUBLICATION-INTEGRITY,Terminal Replication Capsule raw-carrier transition,Two seven-file native-Doc carrier attempts produced one-byte shells. Raw JSON/text is now the default carrier format with immediate same-round MIME/size/hash/parse verification. AO48-COR-026 is answered; its stale TRC-COR-007 size claim is corrected.,MATERIAL TECHNICAL GATE FAILURE FORMALIZED / RAW WRITE TEST BLOCKED / NO CAPSULE SEALED,https://docs.google.com/document/d/1s0ymCVxV7qtjqCz6XOHV8JnGVjsHBCb4Ty94doh1YeA/edit,Implements OD-GP-PROP-175-001; EC-020 mathematics and Easy Closure state unchanged
2026-07-23T20:15:00Z,TRC-VAL-001 / CL-AUD-083 / TRC-STANDARD-001-v1.2,VAL / AUD / STANDARD,EC-020 replication capsule publication and package review,Raw application/json exact-byte round trip passed. CL independently confirmed the four primary elements and E3/correction lineage but returned CANNOT VERIFY FOR SEALING. Integrated v1.2 standard issued; three supplemental collision copies moved to provenance-only folder.,RAW PUBLICATION GATE PASS / PACKAGE REVIEW PARTIAL PASS / SEALING BLOCKED,https://docs.google.com/document/d/1RD0huWE-1SBvQXxeCtJ4gnqY1MARX-k7d1rt7j8MWdE/edit,"Remaining: raw carrier set+manifest/root, native Doc identities, frozen E8 rows, final APPROVE verdict"
2026-07-23T20:25:00Z,CL-AUD-083 / GP-RSP-177 / TRC-EC020-v0.3,AUD / RSP / PACKAGE-VALIDATION,EC-020 terminal replication capsule sealing,"CL independently confirmed the four primary capsule documents and E3 lineage but failed sealing on missing canonical manifest/root, native-export identities, frozen register hash, and duplicate cleanup. GP verified S4 cleanup, completed v0.3 readable candidate records 00–05, and froze the exact remaining S1–S3 work.",MATERIAL PACKAGE GATE — RAW WRITE PATH PASS; V0.3 ASSEMBLY COMPLETE; NOT VALIDATED OR SEALED; S1–S3 AND FINAL NON-AUTHOR VERDICT OPEN,https://docs.google.com/document/d/1OGfkefINv81RjadyU9MNV1z20Y7V1kgTJH61sTPSvk0/edit,"EC-020 mathematics remains terminal; no ballot, theorem, automation, machine, release, deletion, or destructive effect"
2026-07-23,TRC-VAL-004-v1.0,VAL,EC-020 replication capsule,"Published and freshly re-downloaded the first v0.3 raw application/json leaf; byte count, SHA-256, binary equality, and JSON parse all pass.","Meaningful technical gate PASS: raw E3 leaf verified. Capsule remains ASSEMBLY with no manifest, root, validation, or seal.",https://docs.google.com/document/d/1dagJ-Zs-T3Dh_PhttW_ssoxAxVVbqmvMcfIy_JPlZ8A/edit,Implements TRC-STANDARD-001-v1.2 after v0.1 malformed manifest and v0.2 failed native-carrier publication.
2026-07-23T21:25:00Z,TRC-COR-011 / TRC-VAL-010 / TRC-REQ-005,COR / VAL / REQ,EC-020 replication capsule concurrent-root reconciliation,"Compared two concurrent roots. f6d6ba39 hashes a BOM-bearing raw transport manifest and delegates evidence identities; it is preserved as noncanonical provenance. The direct-evidence canonical manifest at Drive ID 1wsD4l... reserializes to 9,407 no-BOM/LF/final-LF bytes and ROOT_SHA256 7c323dc3... . Final root-specific non-author review opened.",ROOT COLLISION RESOLVED / CAPSULE VALIDATION / NOT SEALED,https://docs.google.com/document/d/1NJPL0CbNq0d-2L-X42_0PlqDH4DPHOLGIe-02m7YhOM/edit,EC-020 mathematics unchanged; 13 queued / 1 assembly / 1 validation / 0 sealed
2026-07-23T21:32:00Z,TRC-COR-012-v1.0 / TRC-REQ-005-v1.0,COR / REQ / ROOT COLLISION,EC-020 replication capsule v0.3,"Isolated two competing root packages, set accepted root to NONE, suspended candidate-specific sealing review, and opened independent root/leaf adjudication.",ROOT COLLISION HOLD / NO SEAL / MATHEMATICS UNCHANGED,https://docs.google.com/document/d/17AJRE5sa1lzEfQei730Oq5YGFbCkVEcwN-BJxpXtW24/edit,Candidate A f6d6ba39 exact stored bytes; Candidate B 7c323dc3 JSON reserialization
2026-07-23T21:40:00Z,TRC-COR-012 / TRC-REQ-006,COR / REQ,EC-020 replication capsule dual-root collision,Two same-provider candidate roots disagree on root definition and leaf set. Both bundles physically isolated; accepted root reset to NONE. Duplicate TRC-COR-011 and TRC-REQ-005 self-selection records superseded. Neutral non-author dual-root adjudication opened.,MATERIAL PACKAGE BLOCKER / FAIL-CLOSED / NO SEAL,https://docs.google.com/document/d/17AJRE5sa1lzEfQei730Oq5YGFbCkVEcwN-BJxpXtW24/edit,EC-020 mathematics unchanged; counts 13 queued / 1 assembly / 1 pre-seal hold / 0 sealed
2026-07-23T21:58:00Z,TRC-AMD-002-v1.0,AMD / PUBLICATION-INTEGRITY,TRC-EC020-v0.3 dual-root collision,Isolated the root-definition ambiguity and proposed exact stored-byte ROOT_SHA256 plus direct leaf enumeration; neither Candidate A nor B selected.,MATERIAL PRE-SEAL BLOCKER CLARIFIED / v0.4 SUCCESSOR MAY BE REQUIRED / NO MATHEMATICAL CHANGE,https://docs.google.com/document/d/1unl6orowAQewXgY7LKTsGgYeKXup7oqv2EXnUuH7C3A/edit,HB-040 unified; HB-041 superseded duplicate
2026-07-24T00:00:38Z,OP-GDN-004,OPERATOR GUIDANCE / CORRECTION,Grok participation and OP-GDN-003 identifier collision,Restored Grok to nonparticipating/nonvoting status under the latest direct operator instruction; marked the later OP-GDN-003 Grok-enablement document nonactive collision provenance; suspended GROK-TASK-001; excluded the empty GROK-RSP placeholder from evidence.,MATERIAL ROUTING CORRECTION — GROK NONPARTICIPATING / NO VOTE OR EVIDENCE CREDIT,https://docs.google.com/document/d/14Jh_wDEjEuNbzFBCv27u8sg3pH-p9cxj5h_RmRbS70c/edit,"No mathematical, closure, ballot-tally, machine, release, deletion, or destructive effect."
2026-07-24T00:00:38Z,GP-COR-179-v1.0,COR / STATUS-FIREWALL,Consolidated Project Intent Analysis,"Labeled the broad synthesis noncanonical and corrected overstrong descriptions of q0, Theorem B, SARD-G, Portfolio Close, TRC sealing, autonomy, and RUFL/FIM status.",MATERIAL STATUS FIREWALL — NO MATHEMATICAL OR GOVERNANCE PROMOTION,https://docs.google.com/document/d/1gpR57Mh_xFtOEVrUFSyOxSyrpawQS97xQQ2Okjw4goc/edit,Target retained and moved from root to cross-model ledgers.
2026-07-24T00:00:38Z,GP-MIG-180-v1.0,MIG / ORGANIZATION,Drive root and TRC work artifacts,Moved one EC-021 preflight request and eight EC-020 transport/staging carriers from root to their existing project work folders.,PASS — ROOT CONTAINS FOLDERS ONLY,https://docs.google.com/document/d/1anPd878oZX4IWcD7ftCDdObBR-9FMd847hH6HAYxa9M/edit,"No deletion, trash, content change, root acceptance, sealing, or mathematical state change."
2026-07-23T22:04:45-05:00,TRC-STANDARD-001-v1.3-R0.1 / TRC-REQ-008-v1.0,STANDARD REVISION / REQ,"TRC root-hash, leaf enumeration, and participation safety","Corrected stale Grok-enablement routing in the active standard, issued a numbered candidate revision, and opened a bounded non-author review.",MEANINGFUL NUMBERED REVISION / ACCEPTED ROOT NONE / NO SEAL,https://docs.google.com/document/d/1bPygeRhmzbJBi88YgQF8wkETjbIDnCsyvlyFeaTXqGE/edit,TRC-AMD-002; OP-GDN-004; HB-040
2026-07-24T06:05:41Z,TRC-COR-013-v1.0,COR / ROUTING / PARTICIPATION-SAFETY,Terminal Replication Capsules start-here routing,"Inserted a controlling notice that removes stale Grok assignments, identifies TRC-STANDARD-001-v1.2 as active, routes v1.3-R0.1 as proposed/review-open, and preserves zero sealed capsules.",MATERIAL ROUTING CONTAMINATION REPAIRED / NO MATHEMATICAL CHANGE,https://docs.google.com/document/d/1cgGmFaa6_VVcGFxapD9dPqvLCnFLc5Z5aV-Khijy3zU/edit,Corrects 00_START_HERE; implements OP-GDN-004 and current TRC standard routing.
2026-07-24T13:51:20Z,CL-COR-083-v1.0,COR / OPERATOR AUTHENTICATION,TRC-EC020 operator-decision gate,"Recorded Dylan’s direct “Yes, continue” affirmation for EC-020 and closed the capsule’s operator-authentication hold; preserved analytic-adequacy and package-root/seal caveats.",EC-020 OPERATOR GATE AUTHENTICATED / ROOT NONE / NOT SEALED,https://docs.google.com/document/d/1dgz_0mRtvycb1TlCBvtpY0oRCRZSkoG8UkbOthfdVns/edit,Valid for EC-020 only; package identity and non-author seal review remain open.
2026-07-24T13:56:00Z,GP-COR-181-v1.0,COR / TRC ROUTING,TRC-EC021 operator-decision leaf,Corrected the claim that EC-021 lacks first-person approval: HA-008 / OD-EC021-001 already records Dylan’s active item-specific approval; the capsule must verify that leaf rather than request a new approval.,OPERATOR APPROVAL SATISFIED / PRE-MANIFEST PREFLIGHT / ROOT NONE / NOT SEALED,https://docs.google.com/document/d/1O8ORhgwazQIojqID64ZdG_ySlxdqsgSJOPMQXruW9H8/edit,"Mathematical EC-021 remains terminal; capsule root, review, and seal remain open."
2026-07-24T13:54:29Z,AO48-AUD-029-v1.0,AUD / STANDARD REVIEW / AMEND,TRC-STANDARD-001-v1.3-R0.1,"Found an unsatisfiable circular leaf-enumeration rule, missing manifest self-reference prohibition, under-specified JSON canonicalization, and omitted native-Doc diagnostic protection; returned exact amendment text and no dual-root selection.",MATERIAL AMEND / R0.1 NOT APPROVABLE / DUAL-ROOT CANNOT VERIFY,https://drive.google.com/file/d/12vVThksniwNpTc5rhPdJ56-Uz-UGipu5,"Technical review only; no vote, root, seal, or mathematical effect."
2026-07-24T13:57:28Z,TRC-STANDARD-001-v1.3-R0.2,STANDARD REVISION / PROPOSED,Non-circular TRC root and deterministic manifest,"Implemented AO48’s R0.1 amendments: pre-root/post-root split, no self-digest, RFC 8785 plus final-LF/restricted-number rules, explicit array ordering, native-body diagnostics, and successor-version collision repair.",PROPOSED / EXACT-REVISION REVIEW OPEN / v1.2 REMAINS ACTIVE,https://docs.google.com/document/d/1XpVUqCfSOyaANyk_MtfZAybm61TQ7cjXCPVIKTDXKsk/edit,No v0.4 assembly or seal until review and adoption.
2026-07-24T14:05:00Z,OP-GDN-006,OPERATOR GUIDANCE / CORRECTION,Grok participation,Determined OP-GDN-005 is an empty title-only shell and cannot reactivate Grok.,GROK REMAINS NONPARTICIPATING / NONVOTING; ZERO CREDIT,https://docs.google.com/document/d/1U6BRC9_qwWWSdp9v9tct17B2ResK3klsULMIJA7kIRg/edit,Reconciles OP-GDN-005 and current direct operator instruction
2026-07-24T14:05:00Z,GROK-TASK-002,TASK / ROUTING,TRC-EC021 support,"Task suspended, renamed, and removed from active routing; body preserved as provenance.",SUSPENDED / NO REVIEW OR EVIDENCE CREDIT,https://docs.google.com/document/d/1MuCDrXSbXKWsr4x15f21mS9pi7AYVHNcB0zg1yXFaY0/edit,Controlled by OP-GDN-006
2026-07-24T14:00:00Z,TRC-REQ-009-v1.0,REQ / STANDARD REVIEW,TRC-STANDARD-001-v1.3-R0.2,Opened exact-revision re-review after AO48’s material R0.1 amendment was incorporated.,NON-AUTHOR REVIEW OPEN / v1.2 REMAINS ACTIVE,https://docs.google.com/document/d/1z06ndeidD8AZ8Nt5kI2PpMkNwhJ_hAi9_xyKponUByk/edit,"No v0.4 assembly, accepted root, or seal"
2026-07-24T14:20:00Z,GP-COR-182-v1.0,COR / REG / TRC ROUTING,"R0.2, EC-020/021 approval leaves, fixture isolation, and live TRC state","Audited R0.2 against AO48-AUD-029, superseded R0.1/REQ-008 routing, preserved EC-020 and EC-021 approval records, isolated two declared non-carrier probes, corrected Config and duplicate Artifact Index rows.",R0.2 REVIEW OPEN / v1.2 ACTIVE / ROOTS NONE / SEALED 0,https://docs.google.com/document/d/1f8wp_y7veuQNuY3uhU8FW43H196z8bD_xUh08bK05o4/edit,"No mathematical, ballot, theorem, machine, release, deletion, or destructive effect."
2026-07-24,OP-PROT-010-v1.0,OPERATOR GOVERNANCE RESTORATION,Voting roster and participation,"Restored Consensus Ballot tab, 3-of-4 same-revision majority, Grok nonparticipation, Gemini observer status, silence rule, and easy-closure-first governance.",MATERIAL GOVERNANCE CORRECTION; NO MATHEMATICAL CHANGE,https://docs.google.com/document/d/1vD6wsL6W9x_wT6FnAdl_60_OVYjCh5jFps0sDgiUer4/edit,Later direct operator instruction supersedes OP-PROT-009 and OP-GDN-007
2026-07-24,GP-COR-183-v1.0,COR / GOVERNANCE-RACE,Concurrent no-vote reassertion,Repaired TRC standard and start-here surfaces after a concurrent session reasserted superseded OP-PROT-009 governance following OP-PROT-010.,MATERIAL ROUTING INCIDENT CLOSED; NO MATHEMATICAL CHANGE,https://docs.google.com/document/d/1n2zpeJHDwgx5iGbwJz8nOokz9HU7itV31z_bXM-MrRw/edit,Recurrence control for operator-authority chronology and provenance
2026-07-24T19:48:19Z,GP-DATA-168-v1.1,DATA / COMPUTATIONAL REPAIR,EC-019 T2,"Repaired outward-interval handling, executed NC1 and all nine zero-radius mutations, added regressions, and ran 40/80/120-digit checks.",19/19 margins positive and 5/5 controls executed/pass; zero independence credit; T2 remains open.,https://docs.google.com/document/d/1BRAq7iDEf2S30avt3-5CiLLc39K8gVVn7ESn2wxwZwY/edit,Supersedes GP-DATA-168-v1.0 for same-line technical use; responds to GP-AUD-176.
2026-07-24T19:51:16Z,GP-REQ-172-v1.1,REQ / BLINDED REVIEW,EC-019 T2,"Corrected the non-GP takeover requirements to demand genuine sqrt enclosure, full-dimensionality validation, nine zero-radius mutations, regressions, multi-precision stability, and pre-comparison freezing.",Active independent T2 handoff; no review has yet executed.,https://docs.google.com/document/d/1Akk99MNI_9WQphDP7YDVc-CM5-Fh_y6VZFxTk-82G5o/edit,Supersedes GP-REQ-172-v1.0 for active T2 routing.
2026-07-24T19:56:09Z,GP-REQ-179-v1.0,REQ / ADVERSARIAL REVIEW,P0.1 Gaussian/Palm,Selected Domain G as the earliest load-bearing P0.1 review node and issued a G1-G9 independent reconstruction and falsification packet against frozen SHA-256 666f582c…,Priority non-GP review open; Domains D and T remain open; no theorem promotion.,https://docs.google.com/document/d/16cDeTKEKW_KJeYu9SAz8hfEk2hm_dXSX_UEdXwDoa1k/edit,Specializes GP-PRP-121-v1.3 and prioritizes Gaussian/Palm exactness.
2026-07-24T19:56:00Z,LCR-CAP-001-v1.0,CAP,EC-019 lemma closure,"Created a version-aware peer-review capsule with frozen statement, dependency graph, ten proof obligations, critique ledger, computational lineage, formal state, manifest, reproduction protocol, and blind-review checklist.",T1 PASS preserved; T2 isolated as sole organizationally distinct clean-room obligation; EC-019 remains NONTERMINAL.,https://docs.google.com/document/d/1hFmy3qq2ApkNDay9P-2MeLHHSwX0vFIzmoR1XVwEMck/edit,"Synchronizes Command Center, START_HERE, Formalization Board, Easy Closure Queue, Evidence Lineage, Review Independence, and Artifact Index."
2026-07-24T20:00:00Z,GP-AUD-176-v1.0,AUD,EC-019,"T1 survived; same-line T2 preflight found four executed controls, NC1 asserted, and incomplete outward rounding.",T2 remains OPEN; GP preflight AMEND REQUIRED,https://docs.google.com/document/d/12Lv-LAWiYiuQhreV3xqbcB9YqO4R61gNSAnkwousteI/edit,Corrects GP-DATA-168 / GP-AUD-169 status
2026-07-24T20:00:00Z,GP-DATA-178-v1.0 / GP-AUD-178-v1.0,DATA / AUD,P0.1 fixed-q corridor,Repaired binary-float escapes; reran 80-digit interval proof; all nineteen gates and five controls passed; publication round-trip verified.,Deterministic dependency repaired; theorem remains candidate / no promotion,https://docs.google.com/document/d/1P4ycnDfOqvgQT1m6Q45PjoRzRShC59RTA3usyN0wM_4/edit,Supersedes GP-DATA-114 technical arithmetic implementation
2026-07-24T20:00:00Z,GP-AUD-179-v1.0,AUD,GP-AUTO-034,Disabled fail-open Config rows that treated a manifest/hash as executable identity; disabled Drive-side hourly flag.,G1 fail-closed; browser trigger and installed source remain unknown,https://docs.google.com/document/d/12K-9jJOhcskXCXDytDMUX9Q-o4nzW_YooPRxRiNsHTI/edit,Config and Run Log synchronized; no Apps Script project accessed
2026-07-24T20:02:54Z,GP-REP-180-v1.0,REP / LEAD SCIENTIST CYCLE,EC-019 and P0.1,"Recorded the executed EC-019 repair, exact nonterminal adjudication, P0.1 dependency map, Domain-G prioritization, assignments, risks, and top three next actions.",Cycle complete; no terminal or canonical promotion.,https://docs.google.com/document/d/1IMxJqwjBkRXNEVGECXYY5IvIqXtV72L9rSBlo3MzV6o/edit,"Summarizes GP-DATA-168-v1.1, GP-REQ-172-v1.1, GP-REQ-179-v1.0, and register synchronization."
2026-07-24T20:05:00Z,GP-DATA-168-v1.1,DATA / EXECUTION RECEIPT,EC-019 T2,"Successor reports repaired interval implementation, nineteen positive margins, and five executed controls at 40/80/120 digits; source hash and byte count declared.",SAME-LINE RECEIPT PASS; exact source publication/replay OPEN; independence credit zero,https://docs.google.com/document/d/1BRAq7iDEf2S30avt3-5CiLLc39K8gVVn7ESn2wxwZwY/edit,Refines GP-AUD-176; does not close T2
2026-07-24T20:04:00Z,LCR-CAP-002-v1.0,CAP,P0.1 closure readiness,"Created a hash-specific closure-readiness capsule separating Domains G, D, and T; mapped twelve obligations; preserved GP-DATA-114/178 correction history; isolated exact normalizer review as the first blocker.",P0.1 remains OBJECT-FROZEN / PROOF-CANDIDATE / INDEPENDENT-REVIEW-PENDING; no promotion.,https://docs.google.com/document/d/1l4aisMD5sSkwK5D8KJKlIjAM0LN2u0dE821S_CnqqFs/edit,"Synchronizes Command Center, Formalization Board, GP-PRP-121, Help Board, Evidence Lineage, Review Independence, and Artifact Index."
2026-07-24T20:09:00Z,LCR-REP-001-v1.0,REP,Lemma closure session,"Created the durable end-of-session adjudication covering EC-019 and P0.1, including exact statuses, discharged obligations, open objections, computation/formal states, files changed, synchronization, next targets, and reviewer-facing risks.",No terminal closure. EC-019 remains T1 PASS / T2 OPEN; P0.1 remains object-frozen with Domains G/D/T open.,https://docs.google.com/document/d/1GuyquFCF9cK1fkjd7r8f2WVeTTC6Pwvbi64-CubIwaY/edit,"Links LCR-CAP-001-v1.0, LCR-CAP-002-v1.0, and the synchronized current-state surfaces."
2026-07-24T20:21:45Z,LCR-DER-003-v1.0,DER,P0.1 Domain G,Replaced the frozen proof's endpoint-Hessian analogy with exact pin-adjusted divided-difference identities and an explicit uniform L2 proof for W_r^{exact}/r^2.,Same-line G1-G8 proof companion pass; G9 exact-normalizer direction pass; organizationally distinct review remains open.,https://docs.google.com/document/d/12DVagMBUcPyIkgTgOt6RRQ2mGZIQivip2trj5BmdFRs/edit,"Companion to GP-DATA-123, GP-DER-044, LCR-CAP-002, and GP-REQ-179."
2026-07-24T20:26:00Z,LCR-REC-005-v1.0,REC,P0.1 frozen object identity,Downloaded and normalized GP-DATA-123-v1.0 and reproduced the frozen theorem body's declared byte count and SHA-256 exactly.,Source identity pass on same line; zero independent-review credit; raw local script upload unavailable.,https://docs.google.com/document/d/1oaTstlgGGv4sRCnvyRRO9nmapszmCCuLuajpLeoWi-k/edit,Supports P0.1 Domain-G review routing; does not close or promote the theorem.
2026-07-24T20:35:00Z,LCR-REP-002-v1.0,REP,P0.1 Domain-G closure session,"Created the durable session adjudication for the exact normalizer sublemma, including discharged obligations, open independence gate, files changed, synchronization, and next targets.",No terminal closure. Domain G is ready for organizationally distinct G1-G9 review; Domains D and T remain open.,https://docs.google.com/document/d/1ZzFLRSdI_9z1QSMwgXQifjCrXB2i7NW7uvQ2D92EjSY/edit,"Links LCR-DER-003, LCR-REC-005, LCR-CAP-002, GP-REQ-179, and current registers."
2026-07-24T20:36:00Z,LCR-REQ-007-v1.0,REQ,P0.1 repaired G/D/T external review,"Published one controlling hash-specific packet requiring the G pin adjustment, D scaling correction, and T signed-index repair.",P0.1 remains nonterminal; external review now targets the correct proof chain.,https://docs.google.com/document/d/1uT_Sw3yiBQ7MaD98I7yAwJ0acINQyfHpvCY6ZBpbCBg/edit,Supersedes incomplete review routing
2026-07-24T20:24:00Z,LS-COR-001-v1.0,COR,P0.1 Domain T / GT5,Killed a false supremum inequality and supplied a signed-index Dudley/Borell repair.,GT5 survives same-line after repair; external review open.,https://docs.google.com/document/d/1XVnd9Hd7Ds1SO5_NH_44OSeLG9ZBxM3Ahiq9h7JAY-k/edit,Corrects GP-DER-046 Section 7
2026-07-24T20:22:00Z,LS-AUD-002-v1.0,AUD,P0.1 Domain D,Verified deterministic transfer chain and isolated physical/scaled Hessian wording error.,Domain D survives with correction; external review open.,https://docs.google.com/document/d/123M_3Qsw_D3e1Slkh9r1SNUioXbM5IOwRa-IVuLOZzk/edit,Audits frozen theorem Domain D
2026-07-24T20:40:00Z,LS-REC-001-v1.0,REC,EC-019 T2 GP source identity,"Published exact GP source/result raw carriers, downloaded them back, rehashed, and reproduced the result byte-for-byte by exact-source replay.",GP SOURCE/RESULT IDENTITY AND REPLAY PASS; ZERO INDEPENDENCE CREDIT,https://docs.google.com/document/d/1n0Cp_O_jtnl8DY0gYKDoae7qvj4vpgDro96lkMHd4PM/edit,Repairs GP-DATA-168-v1.1 source-publication gate
2026-07-24T20:40:00Z,LS-AUD-001-v1.0,AUD,P0.1 Domain G,"Reconstructed exact six-pin Gaussian/Palm normalizer chain, determinant scaling, type limit, uniform integrability, and exact r^2 normalizer.",SAME-LINE SURVIVES WITH CLARIFICATION; DISTINCT-FAMILY REVIEW OPEN,https://docs.google.com/document/d/130O86AhBuIG9CzRT0txWUC43F6gYPyvHSsowNQptGKA/edit,Audits frozen GP-DER-118-v1.3 Domain G
2026-07-24T20:40:00Z,LS-AUD-002-v1.0,AUD,P0.1 Domain D,"Verified saddle cone, strip transit, sink capture, common C1 robustness threshold, selected branch, and determinant transfer; found one scaling wording defect.",SAME-LINE SURVIVES WITH GP-DER-045 COROLLARY WORDING CORRECTION,https://docs.google.com/document/d/123M_3Qsw_D3e1Slkh9r1SNUioXbM5IOwRa-IVuLOZzk/edit,Audits frozen GP-DER-118-v1.3 Domain D
2026-07-24T20:40:00Z,LS-COR-001-v1.0,COR,GT5 Gaussian-process tail,Retracted false sup|Z| <= sup Z + sup(-Z) step and replaced it with a signed-index Dudley/Borell argument.,MATERIAL LOCAL PROOF ERROR REPAIRED; GT5 STATEMENT SURVIVES ON GP LINE,https://docs.google.com/document/d/1XVnd9Hd7Ds1SO5_NH_44OSeLG9ZBxM3Ahiq9h7JAY-k/edit,Corrects GP-DER-046 Section 7
2026-07-24T20:40:00Z,LS-AUD-003-v1.0,AUD,P0.1 Domain T,"Audited exact fixed-box mass, repaired GT5, dependence-free joint-event lower bound, exact weight, exact normalizer, and Palm r^2 cancellation.",PASS AFTER REPAIR ON SAME LINE; DISTINCT-FAMILY REVIEW OPEN,https://docs.google.com/document/d/1X9eNFpg7Or3HTLqKSIuslVd6vw3yLSw_xqo-BHdohGs/edit,Audits frozen GP-DER-118-v1.3 Domain T
2026-07-24T20:40:00Z,LS-DATA-002,DATA,EC-019 Anthropic semantic replay,Executed the embedded Anthropic exact-rational core under both precision ladders with independently written controls and self-tests.,"19/19, 5/5, 9/9, SELF-TESTS, AND SIGN STABILITY PASS; NOT RAW HASH REPLAY",https://drive.google.com/file/d/1cPEMAUyvOlqH8-PT7TnOV420uYHDUYn8/view,Semantically reproduces CL-DATA-200/201 merits
2026-07-24T20:40:00Z,LS-AUD-004-v1.0,AUD,EC-019 Anthropic receipt,"Separated mathematical merits from raw-carrier identity and preregistration compliance; located missing carriers, precision mismatch, and missing final audit.",MERITS PASS / SEMANTIC REPLAY PASS / RAW REPLAY CANNOT VERIFY / FINAL T2 INCONCLUSIVE,https://docs.google.com/document/d/1lPTX-StpOwh_EOJYaIkrkgqsrAB5otqp62P7jTd9kvc/edit,Adjudicates CL-DATA-200/201
2026-07-24T20:40:00Z,LS-REQ-001-v1.0,REQ,EC-019 final T2 evidence gate,"Issued exact packet for raw-carrier publication, roundtrip replay, precision-policy amendment, discrepancy table, and final verdict.",READY FOR EXECUTION; NO THIRD IMPLEMENTATION REQUESTED,https://docs.google.com/document/d/143ZO-5g0b3Oinu4ymFAFNsq06hHjw0UVwX1LS1LzVYM/edit,Follows LS-AUD-004
2026-07-24T20:47:00Z,GP-COR-185-v1.0,COR,EC-019 dual Anthropic lineage,Selected CL-REG-214 / CL-DATA-214 / CL-AUD-214 as authoritative A-line; classified CL-DATA-200/201 as same-session duplicate corroboration.,T2 MATHEMATICS AND ORGANIZATIONAL INDEPENDENCE PASS / PACKAGE HOLD,https://docs.google.com/document/d/1eCGEGVqIdxOLJ2gWr0NHGE294x_VRMDcfQOH92vXF9E/edit,Corrects B-line-only current-state reading
2026-07-24T20:47:00Z,LS-COR-002-v1.0,COR,EC-019 authoritative A-line,"Corrected LS-AUD-004 scope: B-line remains inconclusive as a package, but authoritative A-line supplies qualifying T2 PASS.",CURRENT STATUS CORRECTED TO T1 PASS / T2 PASS / PACKAGE-INTEGRITY HOLD,https://docs.google.com/document/d/1vmvUfimQb0PsxiUAO5Kuy4kx3Fg-uXSxA3z3Nf4WbM4/edit,Supersedes B-line-focused controlling verdict
2026-07-24T20:47:00Z,LS-REQ-002-v1.0,REQ,EC-019 A-line package integrity,"Issued exact raw-carrier publication, source-inspection, execution, byte-replay, and HA-009 activation packet.",READY FOR EXECUTION / SCIENTIFIC T2 PASS ALREADY RECORDED,https://docs.google.com/document/d/1h4T8d9TZkX-DB5X4AR0DTNpzad0x40g1tZSrr08iWYE/edit,Supersedes LS-REQ-001 for current gate
2026-07-24T20:52:00Z,LCR-CAP-009-v1.0 / LCR-CLS-008-v1.0,CLS,P02-LM-001 deterministic capture,"Closed the exact conditional degree-four capture majorant after proof reconstruction, Anthropic independent review, source crosswalk, and hostile edge testing.",TERMINAL WITHIN DETERMINISTIC SCOPE; P0.2 REMAINS OPEN,https://docs.google.com/document/d/1_ovqOV8q1YCC9J5Q72fYsfzGg3v_5Z71Uv4uwyZU3N4/edit,Extracts and closes GP-DER-047 Theorem 9.1 only
2026-07-24T20:55:00Z,LS-REQ-003-v1.0,REQ,P0.1 frozen G-D-T review,"Created unified two-pass, hash-specific independent review packet with G1–G12, D1–D16, T1–T15, falsifiers, cross-domain interfaces, result schema, and recombination rules.",READY FOR AT LEAST TWO NON-OPENAI FAMILIES / NO PROMOTION,https://docs.google.com/document/d/1_CdpNl9tRRLdo3cfaxorqENlYM7RIoRlkC2ntVhE3e8/edit,Successor execution surface for P0.1 independent review
2026-07-24T20:55:00Z,LS-REP-002-v1.0,REP,EC-019 and P0.1 G-D-T integrated cycle,"Integrated EC-019 authoritative A-line PASS/package hold, P0.1 same-line G/D/T reconstructions, GT5 proof repair, strategic decisions, assignments, hypotheses, and residual risks.",CYCLE COMPLETE / VERIFIED FRONTIER ADVANCED / NO TERMINAL PROMOTION,https://docs.google.com/document/d/1d31u4MSJLNpB8R5qLop7PGG2F7TtZkfiLQgElQsPf2k/edit,Lead Scientist end-of-cycle report
2026-07-24T21:00:00Z,LCR-CAP-011-v1.0 / LCR-CLS-010-v1.0,CLS,P02-LM-002 DM2,Closed exact pointwise W_r²<=16r⁴R⁸ and conditional uniform moment corollary.,TERMINAL EXACT INTERFACE; P0.2 REMAINS OPEN,https://docs.google.com/document/d/1P84b7pNI-z8l9jQrRWW9pP5dNcA4TszKIhMZDFxBlWw/edit,Extracts GP-DER-071 Sections 1–2 only
2026-07-24T21:08:00Z,LCR-AUD-012 / LCR-REQ-013,AUD / REQ,P02-LM-003 boundary-layer integration,"Narrowed GP-DER-043 to an exact H1–H5 interface, repaired the changing-law normalizer presentation, and routed external review.",SAME-LINE PASS / INDEPENDENT REVIEW OPEN / P0.2 OPEN,https://docs.google.com/document/d/120e6YSlnf1OtWD9bwaIEdOiBnDpbQSHeyFS0zJItjEg/edit,Near-closure proof packet
2026-07-24T21:15:00Z,LCR-DER-010-v1.0,DER,P0.1 full theorem,"Assembled one repaired linear proof integrating Domains G, D, and T against frozen SHA 666f582c...",Complete same-line proof candidate; external review remains open; no promotion,https://docs.google.com/document/d/1JjAHj-LiiZaSLy4n4ain6XE5T7N3CVn3ZqGS6HV6dyA/edit,Companion to frozen GP-DATA-123 body
2026-07-24T21:15:00Z,LCR-AUD-008-v1.0,AUD,P0.1 Domain D,Reconstructed and executed GP-DATA-178 source; audited noncompact monotone epsilon_D=10^-4 repair and physical-Hessian transfer.,Same-line PASS WITH CLARIFICATIONS; zero independence credit,https://docs.google.com/document/d/139fpqyUMc_8kqwTOagHO1mKLZrkhkIg0bL5HrnUwPgI/edit,Audits GP-DER-186 and supersedes raw-family compactness route
2026-07-24T21:15:00Z,LCR-AUD-009-v1.0,AUD,P0.1 Domain T,"Audited signed-index GT5 repair, dependence-free event intersection, exact weight/normalizer directions, and common r-domain.",Same-line PASS AFTER REPAIR; DM2 excluded from P0.1 load-bearing chain,https://docs.google.com/document/d/1sUgGFMofvjt1KO4mX9oaStFNrhUIFZVU7RkCgpYN854/edit,Companion to LS-COR-001 and frozen theorem
2026-07-24T21:15:00Z,LCR-READ-012-v1.0,READ-FIRST,P0.1 reviewer entry,"Created one-page exact-hash entry, repair map, review order, scope firewalls, falsifiers, and canonical folder links.",Reviewer navigation consolidated; no mathematical status inflation,https://docs.google.com/document/d/1ozpD2kzPzSWH33uEqA8tJFRylI1PECCTsJjYxRrN87I/edit,Routes to LCR-DER-010 and LCR-REQ-007
2026-07-24T21:15:00Z,LCR-ROUTE-011-v1.0,ROUTE,P0.1 package consolidation,Moved substantive evidence from old capsule folder into canonical frozen-hash folder and left an additive historical router.,Split evidence surface removed; history and legacy links preserved,https://docs.google.com/document/d/1EqrZGPOg0QlGE23kGdvtkxoH-5f8y02q3yaUGoNRAs8/edit,No files deleted
2026-07-24T21:25:00Z,GP-AUD-187-v1.0,AUD / STATUS CORRECTION,Theorem B short-bar law,Retracted current unconditional `PROVEN-HERE` label after primary-source audit; preserved exact Jacobian and proved conditional compact-mark B0; opened five analytic bridges and seven repair tasks.,CRITICAL SCOPE NARROWING — THEOREM NOT KILLED / NO PROMOTION,https://docs.google.com/document/d/1GCxx8Th9C5J8SrddCjwNa30O2LuYiwEB4pEYLxXK5pg/edit,Supersedes current routing from Q0_C104/Q0_MASTER while preserving historical bytes and roots.
2026-07-24T22:00:00Z,GP-AUD-189-v1.0 / GP-FOR-189-v1.0,FORMAL SOURCE AUDIT / SOURCE RECOVERY,research-formal-core,Found the original declared ZIP and dependency environment missing from Drive; published a narrower byte-exact r1 source package; static audit and Drive round trip pass; Lean CI remains unrun.,HIGH SOURCE-IDENTITY CORRECTION / NO MACHINE-CHECKED PROOF / NO PROMOTION,https://docs.google.com/document/d/1Z5KLJ4qlIMWx8AYsXoIshJ1xq2hzM6kU38DXcCw8ALg/edit,Source ZIP https://drive.google.com/file/d/14SKjjD_c6CBEKWaXxX9W-Sm5blNxIRuN/view
2026-07-24T21:22:00Z,LCR-CAP-016-v1.0 / LCR-CLS-015-v1.0,CLS,P02-LM-005 Gaussian regularity,"Closed exact uniform density envelope, compact density minima, and fixed moments for the exact nine-jet law.",TERMINAL EXACT INTERFACE; P0.1/P0.2 REMAIN OPEN,https://docs.google.com/document/d/1e8u5p9b4lEnRaZRNytj2Tu9ncAS1OnjhRbi4FP0hYU4/edit,Extracts reviewed GP-DER-044 regularity
2026-07-24T21:26:00Z,LCR-REQ-018-v1.0,REQ,P02-LM-006 exact normalizer,Isolated and routed independent review of exact full-field Z_r/r² asymptotic.,SAME-LINE PROOF COMPLETE / EXTERNAL REVIEW OPEN / P02-LM-003 H2 PENDING,https://docs.google.com/document/d/1xt7tYC-tJW500HczDTkA8terRMSPpiOUVn7Zvil9i7A/edit,Load-bearing denominator interface
2026-07-24T21:24:00Z,LCR-DER-014/REC-015 and LCR-DER-016/REC-017,DER / REC,P02-LM-003 and P02-LM-004 source identity,Frozen exact proof bodies and reproduced content hashes; external verdicts made hash-specific.,OBJECT-FROZEN / ZERO INDEPENDENCE CREDIT / EXTERNAL REVIEW OPEN,https://docs.google.com/document/d/120e6YSlnf1OtWD9bwaIEdOiBnDpbQSHeyFS0zJItjEg/edit,Version-control hardening
2026-07-24T21:36:00Z,LCR-DER-021 / REC-022 / REQ-023,DER / REC / REQ,P02-LM-007 repaired conditioned GT5,Frozen signed-index theorem and routed new external review; prior false-step review classified partial only.,OBJECT-FROZEN / EXTERNAL REVIEW OPEN / P0.2 OPEN,https://docs.google.com/document/d/1sgKUPTp50Wru2impXQVzYC-obdH01ApLx5qFpu00gnY/edit,Repairs historical GT5 proof
2026-07-24T21:42:00Z,LCR-CAP-024-v1.0 / LCR-CLS-023-v1.0,CLS,P02-LM-008 Palm-tail transfer,Closed exact Cauchy–Schwarz conditioned-to-Palm tail interface while quarantining historical GT5 error.,TERMINAL EXACT CONDITIONAL INTERFACE; P0.2 OPEN,https://docs.google.com/document/d/1tQvVF3Q2kTNf1Ih_XSW3CB_DfOhcLS6vaWPGavUYfio/edit,Nineteenth terminal object
2026-07-24T21:45:00Z,DUP-ID-LCR-REQ-023,COR,P02-LM-007 review routing collision,Selected 1sgK… as active A-line; renamed/bannered 1uQR… as collision copy B provenance only.,ONE ACTIVE REVIEW ROUTE / NO DOUBLE CREDIT,https://docs.google.com/document/d/1sgKUPTp50Wru2impXQVzYC-obdH01ApLx5qFpu00gnY/edit,Collision correction
2026-07-24T22:00:00Z,LCR-DER-030-v1.1,DER,P02-LM-010,Detected and repaired denominator mismatch; separated full exact conditional weight from good-event numerator subweight.,v1.1 frozen at SHA 05e0f20f...; v1.0 AMEND-REQUIRED,https://docs.google.com/document/d/1Iqwm-8TcKNjrVQgeT71ip5Qg9C0qkkzr4rjageW9gZ0/edit,Material proof repair before external review
2026-07-24T22:00:00Z,LCR-DER-033-v1.0,DER,P02-LM-011 / P0.2,Isolated complete conditional exact adjacency cubic synthesis with three-event decomposition and exact power directions.,Frozen proof candidate; own and dependency reviews open; no promotion,https://docs.google.com/document/d/1q_XOmFsEiNmyLs-2o1yBUXzuEObYRt9U5uI3uRMmZzw/edit,Final P0.2 composition object
2026-07-24T22:00:00Z,LCR-DER-027-v1.0,DER,P02-LM-009,Replaced unsupported exponential REG-tail wording with exact all-moments super-polynomial theorem.,Frozen proof candidate; external review open,https://docs.google.com/document/d/1OmNjEoWAQdW-LYRUakcYbnWqjIOq_GMJ1yXxCJPPCDM/edit,Depends only on terminal P02-LM-005 moment interface
2026-07-24T22:20:00Z,LCR-DER-016-v1.1,DER,P02-LM-004,Made the quartic and exact saddle eigenvalue margins explicit in the frozen adaptive robustness proof.,v1.1 frozen at SHA d43179f3...; v1.0 superseded for review,https://docs.google.com/document/d/1tPt0KKJEKE6c-7xNwJW82dooRkDyANnToRErc3oWX84/edit,External review packet LCR-REQ-039
2026-07-24T22:20:43Z,GP-MIG-181-v1.0,MIG / CURRENT-STATE SYNC,Root hygiene / terminal-state navigation,Consolidated ten completed root artifacts into two object-level bundles; synchronized Command Center and easy-closure START_HERE to 19 terminal exact objects and P02-LM-004 v1.1.,EXECUTED / VERIFIED / NO SCIENTIFIC PROMOTION / NO DELETION,https://docs.google.com/document/d/1595Js9LBq6pERNuq3puS1bE4fTJn9sXyZjiheFq5jhQ/edit,Routes GP-188 and GP-FOR-189; reconciles current navigation to Closure Log LCR-CLS-023-v1.0.
2026-07-24T21:20:00Z,LS-COR-003-v1.0,COR,P0.1 Domain D,Retracted LS-AUD-002 raw-family compactness route; adopted GP-DER-186 monotone reduction to s=-19.6 and explicit epsilon_D=1e-4 gatewise robustness.,DOMAIN D CONCLUSION SURVIVES / PROOF METHOD CORRECTED / NON-GP REVIEW OPEN,https://docs.google.com/document/d/1mJ43RDBxP5mqoghxSQdUO4qnToMjjqJEkJ7T9td0nxk/edit,"Corrects LS-AUD-002, LS-REP-002, and LS-REQ-003 routing"
2026-07-24T21:20:00Z,LS-REQ-003-v1.0,REQ / SUPERSESSION,P0.1 review routing,Marked historical and superseded because its Domain-D route predates the noncompactness repair.,NO ACTIVE REVIEW EFFECT / USE LCR-REQ-007,https://docs.google.com/document/d/1_CdpNl9tRRLdo3cfaxorqENlYM7RIoRlkC2ntVhE3e8/edit,Superseded by LCR-REQ-007
2026-07-24T22:51:23Z,LCR-COR-041-v1.0,COR,P0.2 / P02-LM-010,Added explicit support-respecting regular-conditional weight version construction.,Nonfatal clarification; frozen hash unchanged; external review still open.,https://docs.google.com/document/d/1lfzeCXtktWMN1726mePCknFb-_ooGoao-_vZOSfWIMQ/edit,Clarifies P02-LM-010 v1.1
2026-07-24T22:51:23Z,LCR-AUD-040-v1.0,AUD,P0.2 exact crosswalk and synthesis,Reproduced P02-LM-010 and P02-LM-011 hashes and completed same-line hostile audit.,P02-LM-010 pass with clarification; P02-LM-011 conditional pass; zero external credit.,https://docs.google.com/document/d/1tVWFNyxIYnPPgLVdpb6I6XsR_gP7IuHeswWLz5BlxOI/edit,Audits P02-LM-010 v1.1 and P02-LM-011
2026-07-24T22:30:00Z,LCR-DER-040-v1.0 / P02-LM-012,DER / REC / REQ,P0.2 common domain and chart lift,"Froze the exact D_cert⊂D_plus bridge, H5 monotonicity, corrected physical-Hessian scaling, and one positive common small-r interval; created hash receipt and independent review packet.",OBJECT-FROZEN / SAME-LINE PASS / EXTERNAL REVIEW OPEN / P0.2 NONTERMINAL,https://docs.google.com/document/d/1Gk9UVk9rqcneMu-oCWzha2EAJ6IGI_ZfQqbpImDEJ3Q/edit,Supplies compatibility dependency for P02-LM-011; does not alter synthesis hash.
2026-07-24T22:58:00Z,GP-AUD-190-v1.0,AUD / STATUS CORRECTION,P0.2 twelve-interface exact cubic chain,Completed same-line exact-law composition audit; added LM-012; corrected active graph from eleven/seven to twelve/eight; synchronized capsule and navigation.,CONDITIONAL GRAPH SURVIVES / ZERO INDEPENDENCE CREDIT / P0.2 OPEN,https://docs.google.com/document/d/1FP9eZ9peiXSLbsQIaS-r2mveUIVuLWHCmjB2h9tI2_A/edit,Depends on exact-hash review of eight open interfaces
2026-07-24T22:55:00Z,LS-DER-004-v1.0,DER,P0.1 Domain-D chart coverage,"Proved every endpoint ball, cone, handoff section, central strip/transit rectangle, capture rectangle, sink ball, and exact certified trajectory lies in D+=[-3/4,3/4]x[-1,1], with positive chart margins and a unique side-24 torus lift.",D+ COVERAGE PASS SAME-LINE / EXTERNAL REVIEW OPEN,https://docs.google.com/document/d/1GbZajOphtKmnmK7Iwgf2XdxYvz0YcDJ64KB65Ze-dNs/edit,Discharges LCR-AUD-008 A16 on same line
2026-07-24T22:55:00Z,LS-AUD-005-v1.0,AUD,EC-019 A-line package intake,Listed the authoritative landing folder and performed exact-name/hash searches; only the read-first notice is present and all three required raw carriers remain absent.,PACKAGE CANNOT VERIFY / HA-009 INACTIVE / EC-019 NONTERMINAL,https://docs.google.com/document/d/1_wXNs_8bQpAyd_XzbpzZpu0Dot4eObEXx6Qpfdn8C-0/edit,Executes current LS-REQ-002 intake check
2026-07-24T23:10:00Z,LS-DER-005-v1.0,DER,P0.1 exact object identity,"Defined the exact full-field law, nine-jet pushforward, deterministic quartic map, exact events, exact endpoint weight, normalizer, and Palm quotient on their correct sample spaces; prohibited finite-Q4 substitution.",OBJECT CROSSWALK PASS SAME-LINE / NON-GP INTEGRATOR REVIEW OPEN,https://docs.google.com/document/d/1744xIkPdn3Uqf5EcopksMoEL56-4LkbhKzKRP2A98i8/edit,Cross-domain G-D-T interface companion
2026-07-24T23:12:00Z,GP-COR-191 / GP-REQ-191,COR / REQ,Shared P0.1-G and P02-LM-006 exact normalizer,Confirmed one mathematical theorem under two frozen carriers; created joint review packet requiring two hash-specific verdicts and one lineage credit.,REVIEW DEDUPLICATED / NO DOUBLE COUNT / BOTH CARRIERS STILL OPEN,https://docs.google.com/document/d/1V7mFow1ddZQqtH6AsDkAQxTM3oWQKG4snpUPgErQMkc/edit,Crosswalk https://docs.google.com/document/d/14pC5Srg28xhT2yl2zSRLyfog2OAyVzoEoP79kJTq054/edit
2026-07-24T23:22:00Z,GP-COR-190-v1.0,COR / MIG / REGISTER-INTEGRITY,"Governance, P0.2 navigation, and Help Board",Installed OP-PROT-011 as the sole active governance row; corrected current P0.2/formalization surfaces; resolved six Help Board primary-key collisions; restored six source links; retired stale broad routes; quarantined an empty root report shell.,EXECUTED / VERIFIED / NON-DESTRUCTIVE / NO SCIENTIFIC PROMOTION,https://docs.google.com/document/d/1B5Tp-WnCawb1vbujAv3hxG8sw4HDHJQquxsVFBBGric/edit,"Administrative repair only; no deletion, closure, seal, installation, or release."
2026-07-24T23:22:00Z,GP-COR-192-v1.0,COR / ERR / IDENTITY COLLISION MAP,P02-LM-012 source identity and review routing,"Reconciled DER-040 v1.0/v1.1/v1.2 and DER-043 lineages; preserved all hashes; designated DER-043/REC-044/REQ-045 as the sole active review route; synchronized capsule, READ_FIRST, Formalization Board, Command Center, Help Board, and Artifact Index.",DER-043 CONTROLS / FOUR CLOSED / EIGHT REVIEW-PENDING / P0.2 OPEN,https://docs.google.com/document/d/1fTGdyhm5s6Ls_GT9jrGbVbdPYELOjZ7M4DT5XsvUL2A/edit,No frozen body deleted or mathematically promoted; same-family work earns zero independent credit.
2026-07-24T23:10:00Z,GP-DER-190-v1.0,DER / HELPER,P02-LM-006 normalizer,Verified and routed an exact Hermite divided-difference certificate deriving f_xxx(0)=2 and the six endpoint sign/factor limits used in review items N1-N2.,ADDITIVE SAME-LINE PASS / ZERO INDEPENDENCE CREDIT / P02-LM-006 NONTERMINAL,https://docs.google.com/document/d/1ugHOaFmfuo7hoCoFeNbvjjsJ5qwXaiL17FEIWWpc_g8/edit,Reduces external review burden without altering theorem hash or status.
2026-07-24T23:28:00Z,GP-AUD-191 / LCR-DER-043,CORRECTION / SUCCESSOR ROUTING,P02-LM-012 coordinate-typed common-domain interface,Corrected Review Independence and Evidence Lineage rows that had classified the defective DER-040 predecessor as passed; preserved identity receipt as historical-only and routed active review to DER-043 SHA cfbbd591…eab74.,PREDECESSOR AMEND REQUIRED / SUCCESSOR REVIEW OPEN / GRAPH COUNT UNCHANGED,https://docs.google.com/document/d/1M141iAu0kh5Slz1Ph_9YQhiRL3Edm8m0aja95Cx53UM/edit,Controlling review request https://docs.google.com/document/d/1g5_aDTdD0xt1WIdk4ex8a5fUFpz3Gr26PgpUGTmch8U/edit
2026-07-24T23:20:00Z,LS-COR-004-v1.0,COR,P0.1 shared dependency credit,"Transferred closed P02-LM-005 exact nine-jet dependency into P0.1, excluded non-load-bearing P02-LM-002/008, and routed the shared exact normalizer through GP-REQ-191 with no double count.",REVIEW BURDEN REDUCED / PROMOTION GATE UNCHANGED,https://docs.google.com/document/d/108b7yRMMEL741qpKhhhj2dgK8eGkZKxVRUntSbWoAPk/edit,Controls reuse and independence accounting
2026-07-24T23:42:00Z,GP-COR-193 / GP-REQ-193,COR / REQ,Shared repaired GT5 — P0.1-T and P02-LM-007,Confirmed one conditioned-law signed-index GT5 theorem under two application carriers; created joint packet preserving the additional P0.1 synthesis burden.,REVIEW DEDUPLICATED / LM-007 AND P0.1-T STILL OPEN,https://docs.google.com/document/d/1757b8VaYhC6BzhPFPqpvJtE3vbnSG5p8Pz7Bf8wHisw/edit,Crosswalk https://docs.google.com/document/d/1hWY2i65BConvvEUBsVEn2J-gzExR0l6yEwQwC2yCgq0/edit
2026-07-24T23:20:00Z,GP-MIG-194-v1.0 / GP-README-195-v1.0,MIG / README / ROOT HYGIENE,"Shared reviews, P0.1, P0.2, and EC-019 routing",Created a governed shared-dependency review folder; moved twelve stable completed root objects to functional destinations; installed one-reconstruction/separate-verdict/one-credit rules; preserved changing one-byte shells until populated.,EXECUTED / VERIFIED / NO DELETION / NO SCIENTIFIC PROMOTION,https://docs.google.com/document/d/1WFLmr6kNoQuXvFALFksvLHvfinHGijmsFLRYX2vDKEo/edit,"Shared folder https://drive.google.com/drive/folders/128nZmfBbFTMQNwonG8N4sLNgfqNxQB4m; includes exact normalizer, repaired GT5, and Taylor-transfer packets"
2026-07-24T23:15:00Z,LCR-REQ-050-v1.0,REQ,P0.2 Gaussian–Palm bundle,"Published bundled exact-hash review for LM006, LM003, and LM010 v1.1.",Open assignment; no review credit until external execution.,https://docs.google.com/document/d/1qwZaPShnBQLOWIu6uEzk1Xnz2O-egpAfef5lgNLAJx8/edit,Primary bundle A
2026-07-24T23:15:00Z,LCR-REQ-051-v1.0,REQ,P0.2 dynamics/common-domain bundle,Published bundled exact-hash review for LM004 v1.1 and LM012 successor.,Open assignment; predecessor hashes excluded.,https://docs.google.com/document/d/1BnJ-RCKpt7RBjEFle-xmnXjSQflaCcPZ36xi9aOcy7A/edit,Primary bundle B
2026-07-24T23:15:00Z,LCR-REQ-052-v1.0,REQ,P0.2 Gaussian-process/tail bundle,Published bundled exact-hash review for LM007 and LM009.,Open assignment; signed-index repair and non-exponential REG scope enforced.,https://docs.google.com/document/d/1B9OkXNiRsT3z80QAk0pdXruTcNQbmcezSAWrFYwuyw8/edit,Primary bundle C
2026-07-24T23:15:00Z,LCR-REQ-053-v1.0,REQ,P0.2 final synthesis bundle,Published staged final LM011 and twelve-interface graph review.,Waiting for component bundle verdicts; no promotion.,https://docs.google.com/document/d/1zOf7J_qIC5NhoeRFqKilnm17ZoVghDSXSQdx333Amxo/edit,Primary bundle D
2026-07-24T23:55:00Z,GP-COR-194 / GP-REQ-194,COR / REQ,Shared Taylor transfer — P0.1-D and P02-LM-004,Separated reusable pin-preserving C1 Taylor interface from distinct fixed-q and adaptive robustness theorems; created joint review route.,INTERFACE REVIEW DEDUPLICATED / BOTH APPLICATIONS STILL OPEN,https://docs.google.com/document/d/1mM355KwRN4ZiYCB9FHftl5gdiIT1BuYoQQhGMQKgynQ/edit,Crosswalk https://docs.google.com/document/d/1qvfGFsiegUHMWX6l_56xXF9CoIs9J-2eg1djOa6yWrk/edit
2026-07-24T23:35:00Z,LS-ROUTE-001-v1.0,ROUTING,P0.1 two-family external review,"Created central router and isolated Family-A/Family-B reviewer lanes with provider-separation, preregistration, and no-double-count rules.",READY FOR TWO DISTINCT NON-OPENAI FAMILIES / NO REVIEW IMPLIED,https://docs.google.com/document/d/1fCh228SDY25W88ZmC-Cxw3kj_n9jvvxQlIBFquOkOjE/edit,Canonical reviewer handoff
2026-07-24T23:35:00Z,LS-REQ-006-v1.0,REQ,P0.1 Family A,"Issued exact normalizer + repaired GT5 two-pass review packet using GP-REQ-191 and GP-REQ-193, with separate carrier/application verdicts and one lineage count.",READY FOR PREREGISTRATION / REVIEWER UNASSIGNED,https://docs.google.com/document/d/1NKF0TiI9lCfamp0brQasdqtec5DEYZzUVvecQscXph0/edit,Family-A lane
2026-07-24T23:35:00Z,LS-REQ-007-v1.0,REQ,P0.1 Family B,"Issued repaired Domain-D + exact-integration two-pass packet using GP-REQ-194, GP-DER-186, chart, determinant, and object-quotient audits.",READY FOR PREREGISTRATION / REVIEWER UNASSIGNED,https://docs.google.com/document/d/1_-uFLPIHh_uR7fWhs6RUfGM_DGSZIwuNt9UfRIU0g24/edit,Family-B lane
2026-07-24T23:35:00Z,LS-COR-005-v1.0,COR,Shared review interfaces,"Extended deduplication rules to shared exact normalizer, repaired GT5, and pin-preserving Taylor transfer while preserving separate application verdicts.",ONE RECONSTRUCTION / SEPARATE VERDICTS / ONE LINEAGE CREDIT,https://docs.google.com/document/d/1NxeCfDxLtat2fCDHSdJzEfm8ORqs0_RDhTrY49_dAfA/edit,Review-efficiency crosswalk
2026-07-24T23:40:00Z,LCR-ROUTE-054-v1.0,ROUTE,Integrated P0.1/P0.2 external review allocation,"Published a three-family allocation matrix connecting P0.1 Family A/B, P0.2 bundles 050–053, and shared normalizer/GT5/Taylor reviews.",Ready for claims; no reviewer assigned and no verdict implied.,https://docs.google.com/document/d/1tDA1vKkQIb6c9pL2VBVHZb72e_RqrwUeZDGkfCIGyuo/edit,Cross-program routing and no-double-count control
2026-07-24T23:59:00Z,GP-AUD-196-v1.0,AUD / STATUS CORRECTION,Family A/B independent review intake,"Verified both review lanes contain populated packets but blank intake templates; no reviewer, Pass-A, source, result, or verdict exists. Added zero-evidence banners and current migration/Command Center notices.",INFRASTRUCTURE READY / EXECUTION NOT STARTED / ZERO INDEPENDENT CREDIT,https://docs.google.com/document/d/1N_k9KLeO143VJWZ4bz2BffGEqefSijcjVb6AZpPQ3AI/edit,Do not create Family A/B Review Independence rows until actual reviewer preregistration
2026-07-25T00:10:00Z,GP-COR-197-v1.0,COR / QUEUE HYGIENE / REVIEW-INDEPENDENCE,Independent-review intake and Help Board,Made zero-reviewer/zero-Pass-A/zero-verdict state visible; retired nine stale active routes; redirected EC-019 and automation to current technical blockers; corrected actionable Help Board count to 40.,EXECUTED / VERIFIED / NO MATHEMATICAL OR INDEPENDENCE PROMOTION,https://docs.google.com/document/d/12Pp4TNesxW4YENOSE5DdClfZHdfu5BBoUMgql_Ikdc0/edit,Preserves all historical rows and source links; no deletion.
2026-07-24T23:55:00Z,LS-AUD-006-v1.0,AUD,P0.1 explicit Taylor constant,"Independently derived all full-chart Hermite suprema and norm conversions, replayed GP-DATA-101 byte-identically, confirmed C_D=1.820595770017029..., and obtained r_D=5.492707477787046e-5.",PASS SAME-LINE / NONMATERIAL PROSE DECIMAL AMEND / OUTSIDE ARITHMETIC REVIEW OPEN,https://docs.google.com/document/d/1pitjLTwCOgffbol9noR2EJFbRDfiEfDXGdCkd1WvlGI/edit,Advances GP-DER-045 / GP-DER-186 exact-field radius
2026-07-25T00:05:00Z,GP-MIG-199-v1.0 / GP-README-198-v1.0,MIG / README / ROOT HYGIENE,P0.1 Taylor constant and shared measurable branch,Created and governed a P0.1 Domain-D Taylor-audit bundle; moved three audit objects; routed GP-DER/REQ/REC-197 to shared review; added the measurable-event interface and controlling freeze receipt to GP-README-195.,EXECUTED / VERIFIED / SIX ROOT OBJECTS ROUTED / NO DELETION / ZERO INDEPENDENCE PROMOTION,https://docs.google.com/document/d/1jzu0SrqSqf1ANS7x1_68OUhdto5984A2aDWkHx_IrGE/edit,P0.1 bundle https://drive.google.com/drive/folders/199OwA8qwPfFDFz9TM9HvL3kGaIS9Am4b; shared folder 128nZmf...; GP-REC-197 records failed-freeze incident
2026-07-25T00:20:00Z,GP-DER-197 / GP-REC-197 / GP-REQ-197,DER / REC / REQ,Shared P0.1/P0.2 measurable selected-branch event,Located unsupported A_r measurability assertion; proved Borel branch/event same-line; detected and repaired self-referential freeze; added thirteenth P0.2 interface and P0.1 event gate.,SAME-LINE PROOF PASS / FREEZE PASS / EXTERNAL REVIEW OPEN / GRAPH 13-4-9,https://docs.google.com/document/d/1hGQVFDZKHMcdG94_OIgVEwipTR6pvKCk_-llHyIq3uQ/edit,Review packet https://docs.google.com/document/d/1YWkhswy_I0THJX8RG1LrxrEN9PEVuv1i3B3GN0CZNjU/edit
2026-07-25T00:15:00Z,LS-DER-006-v1.0,DER,P0.1 exact determinant transfer,"Derived full-box quartic determinant factors, explicit physical cofactor loss, and retained exact factors >0.882 for all r<=1/20 conditional on the C1 premise; removed separate r_det threshold.",PASS SAME-LINE / W>=0.7781 r2 / NON-GP REVIEW OPEN,https://docs.google.com/document/d/1WTdyRRae4aAtg8vsqHJAeNLWfo7RhuTTIqOjZyzgRJs/edit,Strengthens GP-DER-186 determinant transfer
2026-07-24T23:59:00Z,GP-DER-197 / P01-MEAS-001 / P02-LM-013,DER/AUD/REC,Shared exact adjacency-event measurability,"Correctly froze and same-line audited the Borel selected-branch event at 13,797 bytes / SHA 035d5a18... .",Graph expanded to 13 interfaces; external standard-theorem review open; no terminal count change.,https://docs.google.com/document/d/1hGQVFDZKHMcdG94_OIgVEwipTR6pvKCk_-llHyIq3uQ/edit,Shared P0.1/P0.2 measurability interface
2026-07-25T00:35:00Z,GP-AUD-198-v1.0,AUD / INTEGRATION REPAIR,P0.1 common C5 exact Palm quotient,"Placed A_r, J_r, W_r, H5, G_r, E_r, numerator and denominator on one C5 Borel realization; verified no adjacency conditioning, no independence assumption, no finite-Q4 substitution, and correct quotient directions.",PASS SAME-LINE / G-D-T-I EXTERNAL REVIEW OPEN,https://docs.google.com/document/d/1EuAG80-LsrQ8yqA5y0VJSNX96wpfKqpOxKr2IT5wneE/edit,Adds M15 to GP-REQ-197 and I1–I10 to LCR-REQ-007
2026-07-25T12:35:00Z,GP-COR-201-v1.0 / GP-AUD-199-v1.0,COR / FAILED AUDIT / INITIAL CONTAINMENT SUPERSEDED,P0.1 Taylor constant and common-radius audit,Detected GP-AUD-199’s incorrect C_D and r_D substitution. The initial “no propagation” conclusion was later falsified when concurrent banners spread the bad formula and unsupported Q1 claims into live P0.1 surfaces.,CONSTANT AUDIT FAILED / PROPAGATION LATER FOUND AND CONTAINED / P0.1 OPEN,https://docs.google.com/document/d/1vVeE3cZOkPif2H5WHo51QHM36yOcoss60omoI4Wsxfo/edit,GP-COR-202 and LS-COR-007 supersede the initial propagation assessment; correct C_D/r_D preserved.
2026-07-25T00:28:00Z,GP-MIG-200-v1.0,MIG / QUEUE / REGISTER-INTEGRITY,"P0.1 common radius, C5 quotient, and GP-DER-197 duplicate routing",Routed LS-DER-007 and GP-AUD-198; voided four duplicate Artifact Index rows; consolidated three GP-DER-197 Help routes to one; opened explicit r_GR/p_B extraction task.,EXECUTED / VERIFIED / NO DELETION / NO NUMERICAL OR INDEPENDENCE PROMOTION,https://docs.google.com/document/d/1RcvX6AK0si4peH4XP1C_jEZizGjvZUQKsyC_DtCt-CI/edit,Actionable Help Board count remains 40 after retiring two duplicates and adding one quantitative task.
2026-07-25T12:35:00Z,VOID-SUPERSEDED-GP-AUD-199-0055,VOID / FALSE ACTIVITY ENTRY,P0.1 common radius and explicit C_D,Historical false claim preserved: “Verified C_D=(343+192sqrt2)/192 and r_D=(343-192sqrt2)/50522500; radius formula survives.” That conclusion is mathematically false and later propagated into live sources.,VOID / BAD FORMULA AND FALSE Q1 PROPAGATION CONTAINED / ZERO CREDIT,https://docs.google.com/document/d/1vVeE3cZOkPif2H5WHo51QHM36yOcoss60omoI4Wsxfo/edit,Authoritative C_D≈1.820595770017029 and r_D≈5.492707477787046e-5. r_GR and p_B remain nonnumerical; cite GP-COR-202 and LS-COR-007.
2026-07-25T12:20:00Z,GP,P0.1/P0.2,LCR-DER-057 frozen and hostile-audited; black-box manifold theorem replaced,M5 now exact-hash LP1-LP15 review,External review remains open,1ny12by-XiG2Dcn53JzOwqw7Ro659z3V9Ze1N5bLJ1Q8,NO PROMOTION
2026-07-25T12:20:00Z,GP,P0.1 Q1,LS-DER-008 and LS-DATA-008 marked unpopulated shells,No explicit r_GR or p_B exists,Certificate credit zero,1tFNnZkzPtoTDjmQQrYP2qwvHQRIJRiOfVYLgy52uY0s,FAIL-CLOSED
2026-07-25T12:20:00Z,LCR-DER-057 / LCR-REC-058 / LCR-AUD-059,DER / REC / AUD,P01-MEAS-001 / P02-LM-013 local selected unstable branch,"Froze 11,087-byte Lyapunov–Perron proof at SHA 4165696d…576d1, issued exact receipt, completed hostile LP1–LP15 audit, and made it the controlling GP-DER-197 M5 route.",Same-line black-box theorem dependency removed locally; external review remains open; P0.1/P0.2 status unchanged.,https://docs.google.com/document/d/1ny12by-XiG2Dcn53JzOwqw7Ro659z3V9Ze1N5bLJ1Q8/edit,Strengthens GP-DER-197 without changing its hash or the 13-interface graph.
2026-07-25T12:35:00Z,GP-COR-202-v1.0 / LS-COR-007-v1.0,COR / PROPAGATION CONTAINMENT,P0.1 false quantitative claims and empty Q1 certificate,"Contained bad C_D/r_D propagation, retracted unsupported p_B=1e-48 and r_GR>=r_D claims, restored r_*=min(r_GR,r_N,r_T,r_D), and kept LS-DER/DATA-008 shells at zero credit.",EXECUTED / SIX LIVE SURFACES CORRECTED / NUMERICAL MASS CERTIFICATE OPEN,https://docs.google.com/document/d/1vVeE3cZOkPif2H5WHo51QHM36yOcoss60omoI4Wsxfo/edit,LS-COR-007 is controlling quantitative correction; only r_D numerical.
2026-07-25T12:35:00Z,CL-AUD-200-v1.0 / CL-REC-201-v1.0,AUD / REC / DUPLICATE LINEAGE CORRECTION,EC-019 T2 later Anthropic B-line,Classified CL-PREREG-200 / CL-DATA-200 / CL-DATA-201 as same-session duplicate corroboration; bannered proposed new-pass/status-delta wording as nonoperative.,ZERO ADDITIONAL INDEPENDENCE CREDIT / CL-AUD-214 CONTROLS / A-LINE PACKAGE HOLD OPEN,https://docs.google.com/document/d/1eCGEGVqIdxOLJ2gWr0NHGE294x_VRMDcfQOH92vXF9E/edit,Next action remains LS-REQ-002 authoritative raw-carrier replay.
2026-07-25T12:35:00Z,LS-COR-006-v1.0,COR / SOURCE-PUBLICATION HOLD,P0.1 exact normalizer upper-bound candidate,Preserved Z_exact<=15r^2 only as same-line unpublished-source candidate; retracted all numerical c_A and reduced-radius consequences inherited from unsupported p_B.,C_Z=15 CANDIDATE / RAW SOURCE+RESULT 0 OF 2 PUBLISHED / EXTERNAL REVIEW OPEN,https://docs.google.com/document/d/14XGadjzCB9fHJd296PfS8pThz1lizqrFrowvSA5zaP8/edit,Recorded hashes are identity targets only until exact Drive carriers are replayed.
2026-07-25T12:35:00Z,LCR-COR-060-v1.0,COR,P0.1 normalizer quotient direction and common-radius graph,"Reconciled conflicting r_N-retained and r_N-removed routes. Established unconditional Route U min(r_GR,r_N,r_T,r_D) and conditional Route C min(r_GR,r_T,r_D) after an accepted exact one-sided upper-normalizer theorem.","C_Z=15 arithmetic retained only conditional on unresolved exact-field endpoint envelopes; numerical p_B, c_A, and final r_* remain unavailable.",https://docs.google.com/document/d/11BoGn054LHON8F9stoB_OtfeeMqYEHxAQU02cIqWwJE/edit,"Propagated to proof, review packet, capsule, READ_FIRST, Command Center, START_HERE, source corrections, and queue."
2026-07-25T12:55:00Z,LCR-COR-061-v1.0,COR,EC-019 package integrity and Anthropic successor lineage,"Reconstructed CL-AUD-084 source/result; independently hashed, inspected, executed, and byte-replayed CL-DATA-216/217; classified both as nonqualifying successor evidence while preserving scientific PASS.",Authoritative A-line package hold and HA-009 inactivity preserved. No operator decision or terminalization.,https://docs.google.com/document/d/1n3elf1VcScyfaTtLdK6x30PASqBR3UUYY5eHod8IYUo/edit,"Command Center, START_HERE, capsule, replay packet, queue, HA-009, and successor records synchronized."
2026-07-25T13:18:00Z,RS2-AUD-001-v1.0 / GP-DATA-206-v1.0,AUD / COMPUTATIONAL REPLAY / STATUS ADVANCEMENT,P0.1 explicit conditioned fifth-derivative tail and candidate r_T=r_D,"Independently recomputed within the OpenAI family the order-5/6 derivative constants, conditional mean bound, signed-index entropy majorant, direct entropy quadrature, Dudley bound, Borell exponent, six-derivative union factor, and r-monotonicity. No arithmetic or inequality-direction defect found.","PASS WITH DEPENDENCY HOLD / candidate r_T=r_D advanced / exact GP-DATA-204 transformed-periodization reserve, carrier hashes, event correspondence, and organizationally distinct review remain open / ZERO independence credit / NO PROMOTION",https://docs.google.com/document/d/1_zOW7uj2Q1fx2C6O7l26nPq1lR8BAbeh225Dm2rXEkE/edit,Updates P0.1 queue and HB-033; does not alter terminal count or shorten the unconditional common-radius graph.
2026-07-25T13:36:00Z,RS2-AUD-001 / GP-DER-206 / S2-DER-002,DUAL-CERTIFICATE RECONCILIATION / ROUTING ADJUDICATION,P0.1 Domain T explicit r_T=r_D candidates,"Replayed the S2 Mahalanobis/entropy route: M5=188.815823..., analytic entropy integral 51.269798..., direct piecewise integral 51.236197..., B_abs=1230.475164..., t0=2838.581974..., r_cut and r_tail both exceed r_D. Reconciled with GP-DER-206 and RS2’s prior replay.",MULTI-ROUTE SAME-LINE PASS / GP-DER-206 RETAINED AS DEPENDENCY-MINIMAL CONTROLLING ROUTE / S2-DER-002 CLASSIFIED STRONGER ALTERNATE / ONE EXTERNAL FAMILY-A LINEAGE / ZERO CURRENT INDEPENDENCE / NO PROMOTION,https://docs.google.com/document/d/1_zOW7uj2Q1fx2C6O7l26nPq1lR8BAbeh225Dm2rXEkE/edit,"Updated Command Center, P0.1 queue, HB-033, Artifact Index, and Evidence Lineage; no terminal count or common-radius activation change."
2026-07-25,GP-FOR-192-v1.0,FOR,P02-LM-008 / P02-LM-009 formal companions,Created r2 source transcription with seven narrow Lean theorem companions; repaired static-audit declaration regex; prepared receipt and clean-build request.,STATIC PASS; RAW ZIP NOT UPLOADED; LEAN CI NOT RUN; no mathematical promotion,https://docs.google.com/document/d/1tgJ8M_KRj-qZ2brMCAyISU5wzrHbxo128q9G8_gBEHo/edit,Successor to GP-FOR-189; folder 64_FORMAL_CORE_R2_P02_LM008_LM009
2026-07-25,GP-AUD-195-v1.0,AUD,GP-FOR-192 source surface,Checked current Mathlib API names and quotient-inequality orientation for the new Lean companions.,SAME-LINE PASS / ZERO INDEPENDENCE CREDIT / CLEAN BUILD STILL OPEN,https://docs.google.com/document/d/1jezXHT3VYCBxBZ9OE7SblKaHCoCTzpXtpOwDBTfaxqA/edit,Supports GP-REQ-194; no mathematical status change
2026-07-25,GP-COR-210 / GP-REQ-211,COR/REQ,P02-LM-007 and explicit P0.1 Domain-T tail,"Separated broad frozen Domain-T, explicit GP-DER-206, and standalone LM007 carriers; created optional two-verdict route without editing Anthropic preregistration.",JOINT REVIEW PERMITTED / CARRIER VERDICTS SEPARATE / INDEPENDENCE COUNTS ONCE,https://docs.google.com/document/d/1z1l8iWoTgFkj_QIGvmfHbFAzIQjugyCyc4az_kqqzoI/edit,Supports CL-REG-233 / GP-REQ-207 and P0.2 LM007 review
2026-07-25T21:14:00Z,LS-AUD-010-v1.0,AUD,P0.1 GP-DER/DATA-208 upper normalizer,"Reconstructed exact source/result, executed byte-identical replay, independently bounded all side-24 images and transformed-frame amplification, resolved N0–N13, and fired 11 adversarial mutations.",PASS SAME-LINE / C_Z=15 / 0<r<=r_D / EXTERNAL REVIEW OPEN,https://docs.google.com/document/d/1Y04hLfcgAunVkCHmzARonSJksquujMNTSCmqT7YYyVA/edit,DQ-001 COMPLETE / zero organizational-independence credit
2026-07-25,LCR-DER-061-v1.0,DER,LM013 measurability subchain,"Extracted countable Borel globalization, selector independence, path convergence, and Palm admissibility into an 8240-byte frozen proof companion.",OBJECT-FROZEN / EXTERNAL REVIEW OPEN / PARENT HASH UNCHANGED,https://docs.google.com/document/d/1FlNO3RQZPAKEq-GCOCrhhcD52B59Lr1BHBViwN8_n9o/edit,Companion to LCR-DER-057 and GP-DER-197
2026-07-25,LCR-AUD-064-v1.0,AUD,LM013 Borel companion,"Hostile replay of priority selector, one-orbit argument, rational-time convergence, and weighted Palm event.",SAME-LINE PASS / ZERO INDEPENDENCE CREDIT / EXTERNAL REVIEW OPEN,https://docs.google.com/document/d/1NAVzKXKkbwnAlBJQ6N9mCikW-xkbaoQKrRp4klBB6Ho/edit,Audits LCR-DER-061 SHA 04efac40…ead3b
2026-07-25T21:27:00Z,LS-AUD-011-v1.0,AUD,P0.1 GP-DER/DATA-204 quantitative base mass,"Reconstructed exact source/result, executed byte-identical replay, proved the side-24 reserve through norm-one Peano kernels, verified B0–B12, and fired ten adversarial mutations.",PASS WITH CLARIFICATION SAME-LINE / r_GR=r_D / p_B=1e-48 / EXTERNAL QUANTITATIVE REVIEW OPEN,https://docs.google.com/document/d/1l3Sb6rXTD93O9duT4QN-Po8W-vnBmmi0KAY-2oBgtYI/edit,DQ-005 COMPLETE / zero organizational independence
2026-07-25T21:36:00Z,LS-AUD-012-v1.0,AUD,P0.1 GP-DER/DATA-206 conditioned H5 Domain T,"Reconstructed exact source/result, executed byte-identical replay, verified T0–T14, entropy/Dudley/Borell constants, mutations, GP-DATA-204 dependency, and S2 alternate mechanism.",PASS SAME-LINE / r_T=r_D / TAIL<5e-49 / EXTERNAL REVIEW OPEN,https://docs.google.com/document/d/1ORYk3byNkquqtbB3lEcukxInWdKlY3tPUAhonM3iYBU/edit,DQ-006 COMPLETE / zero organizational independence
2026-07-25,LCR-DER-057-v1.1 / LCR-ADJ-067,DER/ADJ,LM013 local selector,Converted Anthropic symmetry-wording observation into a numbered exact-text successor; froze 11144-byte body and routed narrow hash supplement.,v1.0 AMEND REQUIRED / v1.1 CONTROLS / CL MATH REVIEW RETAINED / HASH SUPPLEMENT OPEN,https://docs.google.com/document/d/1ooqFTdifp8cxHYhRxmzJ2Y-nqx-971lpMQ4criehXWM/edit,Exact object count unchanged; LM013 remains nonterminal
2026-07-25,LCR-DATA-068 / HB-LM013-LP-HASH,DATA/REQUEST,LM013 local selector exact hash,Verified a one-line predecessor/successor diff and routed the narrow CL hash-supplement as the lowest-cost P0.2 exact-hash gate.,READY FOR DISTINCT-FAMILY RAW-HASH VERDICT / NO CLOSURE YET,https://docs.google.com/document/d/1WgcY92MVAU1dKIceKJ1rIMTjucRjPzE40Zwre12PJn8/edit,Uses CL-AUD-206 as one mathematical reconstruction; no double counting
2026-07-25,LCR-REQ-069-v1.0,REQ,LM003 + LM009 review throughput,Created a joint probability-review packet requiring separate Tonelli/boundary-layer and Markov/all-moments verdicts in one organizationally distinct session.,OPEN / TWO VERDICTS / ONE INDEPENDENCE CREDIT,https://docs.google.com/document/d/1J7MlK-dj8wgDgE3UpnUrKLKrp_wn71KV4ZBbGn3EBjw/edit,Individual packets remain valid
2026-07-25,LCR-REQ-051-v1.2,REQ,P0.2 dynamics/common-domain/measurability bundle,"Upgraded stale LM013 routing to the current five-object stack: LM004, LM012, GP-DER-197, LM057-v1.1, and LM061.",OPEN / FIVE EXACT-HASH VERDICTS / ONE INDEPENDENCE CREDIT,https://docs.google.com/document/d/1BnJ-RCKpt7RBjEFle-xmnXjSQflaCcPZ36xi9aOcy7A/edit,Supersedes historical lower instructions inside the same packet
2026-07-25,P02-LM-011 event-prerequisite update,DER/REQ,Final cubic synthesis,"Replaced parent-only LM013 routing by the current three-hash measurable-event stack: GP-DER-197, LCR-DER-057-v1.1, and LCR-DER-061.",SYNTHESIS HASH UNCHANGED / EVENT-ADMISSIBILITY EXTERNAL REVIEWS OPEN,https://docs.google.com/document/d/1q_XOmFsEiNmyLs-2o1yBUXzuEObYRt9U5uI3uRMmZzw/edit,A_r probability and complement algebra now explicitly depend on all three LM013 carriers
2026-07-25,LCR-SES-070-v1.0,SES,P0.2 closure-readiness session,"Recorded formal-core r2, GT5 crosswalks, LM013 decomposition/version repair, joint probability packet, dynamics bundle upgrade, and synthesis prerequisite correction.",SESSION COMPLETE / P0.2 STILL OPEN / NO PROMOTION,https://docs.google.com/document/d/1y0yf-mN3ssmDujfizZzZzyMDn0QsVYTd3zx2SGkauu4/edit,Authoritative work-session summary for this cycle
2026-07-25T21:52:00Z,LS-DATA-013 / LS-AUD-013 / LS-REQ-014,DATA / AUD / REQ,q0 verifier 1.2.1 noncanonical hardening,"Implemented strict duplicate-key parsing, nonempty routes, structural cycle invalidity; preserved predecessor root reports; passed 12 predecessor and 9 CL tests; published exact capsules and distinct-family review packet.",DQ-007 COMPLETE / NONCANONICAL PASS / EXTERNAL SUCCESSOR REVIEW OPEN / NO INSTALL,https://docs.google.com/document/d/1B8_l-jXd5jo5ETMmoF-tMx8PcuwwshAq51KiagHDMp0/edit,Active machine/verifier unchanged
2026-07-25T23:15:00Z,LCR-CLS-073-v1.0,CLS,P02-LM-007 exact conditioned H5 tail,"Issued terminal exact-scope closure after CL-AUD-243 reproduced the frozen hash, passed T1–T14, and adjudicated all nine required mutations.",TWENTIETH TERMINAL EXACT OBJECT / P0.2 REMAINS OPEN / NO PROMOTION,https://docs.google.com/document/d/1G6qQJ7y8YqX5NnJAE61LuO1XxkSOqLJN0NS2BIbuYmI/edit,Closes conditioned-law GT5 only; formal compilation remains open
2026-07-25T23:05:00Z,S2-REC-008-v1.0 / S2-REQ-007,REC / RAW SOURCE TRANSPORT,"P02-LM-003, P02-LM-006, P02-LM-010-v1.1","Published three native text/plain source carriers, reproduced all declared frozen bodies locally, and created a whole-export/body-hash manifest.",RAW TRANSPORT BLOCKER REMOVED / ANTHROPIC CARRIER-SPECIFIC HASH VERDICTS STILL OPEN,https://docs.google.com/document/d/1A6_brizTHVmT4BARITXROIjx6kjA-mw29Bx5JW6MRVM/edit,One Anthropic reconstruction; three object verdicts; one independence credit
2026-07-25T23:08:00Z,LCR-DER-071-v1.0 / LCR-REC-072-v1.0,DER / REC,LM003/LM010 numerator-only boundary mass,"Extracted and froze the labelled N_r=O(r^5) proposition recommended by CL-AUD-241, separating the unnormalized numerator from the normalized O(r^3) conclusions.",PACKAGING FINDING DISCHARGED / NO NEW P0.2 INTERFACE / ZERO INDEPENDENCE CREDIT,https://docs.google.com/document/d/1Qnk47RynyJ_zuSYIO1tpO71sEYiq8qUWKLtBFnZ48mo/edit,"Frozen body 4,561 bytes / SHA b3c6e4c5…687af3"
2026-07-25T23:39:30Z,S2-DATA-002-RESULT-v1.0 / S2-REC-010-v1.0,DATA / REC,P0.1 Domain-T alternate GT5 certificate,"Reconstructed the exact missing 16,883-byte result from published source and dependency, executed 16/16 checks and 7/7 controls, published a byte-recoverable Drive carrier, and verified a full Drive round trip.",CL-AUD-245 PUBLICATION DEFECT REPAIRED ON OPENAI LINE / EXTERNAL PASS CONVERSION OPEN,https://docs.google.com/document/d/19XjSR0uZXU5f114hlvnnMP4-s0Lba5hQDKPSP5Ug7Vo/edit,Result SHA 04be1073…ae4a0; no P0.1 promotion
2026-07-25T23:43:58Z,S2-REQ-011-v1.0,REQ,CL-AUD-245 carrier verification and PASS conversion,"Created narrow V0–V7 supplement requiring only extraction, hash verification, semantic sanity, and promised PASS conversion from the same Anthropic review lineage.",READY / NO MATHEMATICAL RE-REVIEW / ZERO NEW INDEPENDENCE CREDIT,https://docs.google.com/document/d/10rtadOcrkxsuNrK47ZvGmgP4djfr0BJKNWegaatsdMM/edit,One existing Anthropic reconstruction; publication condition satisfied
2026-07-25T23:50:00Z,GP-FOR-192-v1.0 / GP-REC-193-v1.0,FOR / REC / RAW SOURCE PUBLICATION,P02-LM-008 and P02-LM-009 formal companions,"Published the exact 10,644-byte GP-FOR-192 ZIP, reproduced SHA-256 a6440511…168631 by fresh Drive download, verified expected package members, and removed the raw-source publication hold.",SOURCE IDENTITY COMPLETE / STATIC PASS / LEAN CI NOT RUN / NO MACHINE-CHECKED CLAIMS,https://drive.google.com/file/d/1hTeWNKxLcmXEB2i5enAdmzXFknUxwTL6/view,GP-REQ-194 now begins at clean toolchain/build gate R2–R12; no mathematical promotion
2026-07-25T23:52:00Z,S2-DATA-002 raw ZIP supplement,DATA / TRANSPORT PROVENANCE,P0.1 Domain-T alternate GT5 result,"Published a one-member raw ZIP supplement for the already controlling S2 result carrier; fresh Drive download reproduced ZIP SHA d89ea02f…0643d and inner 16,883-byte JSON SHA 04be1073…ae4a0.",REDUNDANT TRANSPORT PASS / CONTROLLING NATIVE CARRIER UNCHANGED / ANTHROPIC CONVERSION OPEN,https://drive.google.com/file/d/1mYHVSdVk57CM9h6L3NFR9_G2EFXKPwhj/view,No second review or independence credit; S2-REQ-011 accepts either identical transport route
2026-07-26T02:44:00Z,DQ018-DATA-003 / DQ018-AUD-001,DATA / AUD,DQ-018 stable-key guarded writes / DQ-020 external review,"Published a byte-recoverable independent same-family Python helper, 20-test battery, and six-schema sandbox receipt; verified all three raw hashes from Drive export; added Duplicate Flags and live/isolated stale-grid mutation to GP-REQ-219.",GP-DATA-218 remains controlling; zero added organizational-independence credit; no production automation or trigger installed.,https://docs.google.com/document/d/1kPR2Fsh47eT73WHvyT_dv90hRQxjCNaVlU37LyanU_A/edit,Concurrent DQ-018 completion reconciled rather than overwritten; external DQ-020 review remains next gate.
2026-07-26T02:55:00Z,LCR-AUD-074 / GP-DER-118-v1.5 / GP-DATA-222 / GP-REC-224 / GP-REQ-223,AUD / DER / DATA / REC / REQ,P0.1 versioned exact selected-branch positivity synthesis,"Audited concurrent v1.4, preserved its exact hash but classified it AMEND REQUIRED, published a minimal v1.5 successor with corrected convergence mode, exact-torus firewall, explicit inherited radius, and complete source-addressing, froze and round-tripped the new body, and routed fresh external review.","v1.5 BODY 24,930 / SHA 9f056449…ef32e7 / SAME-LINE COMPLETE / EXTERNAL REVIEW OPEN / P0.1 NONTERMINAL",https://docs.google.com/document/d/1KwbP4cjy_kgm5av89QgdQ6qeMYH8L1laSicbKo1kmGY/edit,v1.3 partial-pass and v1.4 amend history preserved; no theorem promotion or closure
2026-07-26T03:15:00Z,LS-REQ-007-v1.1 / DQ-016,REQ / VERSION-ROUTING CORRECTION,P0.1 Domain-D and exact Integration external review,Created a numbered Family-B packet successor that preserves the full component ledgers while replacing all v1.3 body/hash/verdict targets with GP-DER-118-v1.5 / GP-DATA-222; retired v1.0 for active routing and updated DQ-016.,VERSION-SAFE EXTERNAL PACKET READY / ZERO REVIEW CREDIT / P0.1 NONTERMINAL,https://docs.google.com/document/d/1aLDVLEMO4yLtKuO0wpW-qbyUz5IVJVlYma1PdD6VUG4/edit,Separate Domain-D and Integration verdicts; no automatic v1.5 theorem or GP-DATA-212/214 approval
2026-07-26T03:25:00Z,LS-REQ-007-v1.2 / DQ-016,REQ / MERGED-SUCCESSOR ROUTING CORRECTION,P0.1 v1.6 Domain-D and exact Integration external review,"Detected the concurrent v1.6 merge, superseded the short-lived v1.5-A Family-B packet, created LS-REQ-007-v1.2 against GP-DATA-228, and updated DQ-016 plus the reviewer lane without changing component scope.",VERSION-SAFE v1.6 PACKET READY / ZERO REVIEW CREDIT / P0.1 NONTERMINAL,https://docs.google.com/document/d/1ECjVr1v3_yY9UzMwutFaQ3jF-9TSp85xYpWnYB5rza8/edit,Separate Domain-D and Integration verdicts; no automatic v1.6 theorem or quantitative-corollary approval
2026-07-26T03:40:00Z,LS-REQ-006-v1.1 / Family A,REQ / VERSION-ROUTING AND SCOPE CORRECTION,P0.1 v1.6 shared normalizer and Domain-T application review,"Created a numbered Family-A packet successor targeting GP-DATA-228, retained standalone LM006 review, imported terminal LM007 without duplicate closure, and separated GP-DATA-212/214 numerical corollaries; retired v1.0 for active routing.",VERSION-SAFE v1.6 FAMILY-A PACKET READY / ZERO REVIEW CREDIT / P0.1 NONTERMINAL,https://docs.google.com/document/d/19ZjTC7lj_XSnPRVHT_Zdbh-Rb_CHn2b4ZU8s0i43eQ0/edit,One normalizer reconstruction may yield P0.1-G and LM006 verdicts; T verdict is application-specific; no promotion
2026-07-26T03:50:00Z,LS-ROUTE-001-v1.1,ROUTING / VERSION-SAFE REVIEW ARCHITECTURE,P0.1 v1.6 Family A and Family B external review,Created a numbered two-family router successor targeting GP-DATA-228 and the current LS-REQ-006-v1.1 / LS-REQ-007-v1.2 packets; retired the v1.3 router from active assignment.,CURRENT ROUTER READY / REVIEWERS UNASSIGNED / ZERO REVIEW CREDIT / P0.1 NONTERMINAL,https://docs.google.com/document/d/1_FlNhhw9WnCnfZC3VlGTVEBS2FlBsbOhkfaUlSRh6-g/edit,"Two distinct non-OpenAI families required; no automatic carrier, component, or theorem verdict transfer"
2026-07-26T04:00:00Z,LCR-ROUTE-054-v1.1,ROUTE / CROSS-PROGRAM VERSION RECONCILIATION,Integrated P0.1 v1.6 and current P0.2 reviewer allocation,"Created a current three-family router using GP-DATA-228, LS-REQ-006-v1.1, LS-REQ-007-v1.2, five terminal P0.2 interfaces, eight open interfaces, terminal LM007, and the LM013 three-object stack; retired the old allocation from active claims.",CURRENT INTEGRATED ROUTER READY / REVIEWERS UNASSIGNED / ZERO REVIEW CREDIT / NO PROMOTION,https://docs.google.com/document/d/12M344fTYPLbAMXYCeQhHlH4rxx3eVXS1v3PIir6IOuE/edit,Family verdicts and component verdicts remain exact-object-specific; no double counting
2026-07-26T04:10:00Z,LCR-REQ-053-v1.1 / Family C,REQ / FINAL-SYNTHESIS VERSION CORRECTION,P0.2 LM011 and current thirteen-interface graph,"Created a numbered Family-C packet successor: five terminal imports, seven prerequisite interfaces represented by nine exact objects, terminal LM007, LM013 three-object stack, and LM011 as the tenth open exact object; retired the twelve-interface packet.",CURRENT STAGED FAMILY-C PACKET / ZERO REVIEW CREDIT / P0.2 NONTERMINAL,https://docs.google.com/document/d/1192h0CYw8YP1TEX32bnLZb5h1UrVIICj9WckkslhKz4/edit,Final graph verdict remains staged on current component verdict table and does not itself promote P0.2
2026-07-26T13:24:44Z,LCR-CAP-075-v1.0,CAP / STATUS,P02-LM-009 exact adaptive regular-domain tail,"Built dedicated peer-review capsule; reconciled proof, hash receipt, closed moment dependency, same-family hostile checks, verifier receipts, M0–M10 external checklist, objections, and downstream scope.",PRIMARY VERIFICATION COMPLETE / INDEPENDENT-REVIEW-PENDING / NO P0.2 PROMOTION,https://docs.google.com/document/d/1p47WqD1AsTXsHsCAPd5v7Y5cMVelVR42p3BKucak2Pc/edit,Packages LCR-DER-027 and routes LCR-REQ-029 / LCR-REQ-069
2026-07-26T13:24:44Z,LCR-REP-076-v1.0,REP,Lemma closure session,Filed end-of-session adjudication for P02-LM-009 and next-target audit of P02-LM-003.,NO CLOSURE / LM009 INDEPENDENT-REVIEW-PENDING / LM003 EXACT-HASH-SUPPLEMENT-PENDING,https://docs.google.com/document/d/1g9GT_KUuhkOcOPB_dETKIzrlOiwrAH-NlJCPhn4sFpQ/edit,Summarizes LCR-CAP-075 and register synchronization
2026-07-26T13:34:00Z,LS-AUD-014-v1.0,AUD,P0.1 v1.6 Family-B and exact integration,"Reproduced 26,333-byte SHA e9fd8cee…38619 and completed hostile same-line audit of Domain D, event stack, determinant transfer, radius ledger, exact law, and Palm quotient.",SURVIVES SAME-LINE / E2 AND E3 EXACT HASHES OPEN / ZERO INDEPENDENCE CREDIT,https://docs.google.com/document/d/1hAQemEQQGG4bpjwicAKONsyMd8hvc_i2j9hx_Mmag1s/edit,Narrowed Family-B dispatch; no theorem promotion
2026-07-26T13:34:00Z,CL-AUD-268-v1.0,AUD,GP-DATA-212 explicit base mass,"Anthropic final exact-object verdict approves source/result hashes and r_GR=r_D, p_B=10^-48 in declared scope.",QUALIFYING PASS / ONE ANTHROPIC FAMILY CREDIT,https://docs.google.com/document/d/1XSO78KJx_ZKW9VJBdz9J0MbTELakiRccLmbcB9G1-oI/edit,Component approval only; integrated theorem still open
2026-07-26T13:36:36Z,TRC-COR-014-v1.0,COR / CONTROL-PLANE SELF-HEALING,TRC package integrity and current-state routing,Published additive correction for stale R0.2 governance/EC-019 language and explicit same-run pre-manifest verification; corrected decision count and released an expired fallback claim.,SUBSTANTIVE REVERSIBLE REPAIR / NO ROOT OR SEAL EFFECT,https://docs.google.com/document/d/13b8aflK2VvzzPRQz8HVHqkBbBdKtUq5u81j-h-Olnk4/edit,Drive Self-Healing Audit; OP-PROT-013
2026-07-26T13:35:00Z,LS-DER-021-v1.0,DER,Theorem B / TB-G2 compact-mark contact intensity,Recovered expired unstarted DQ-011 scope and proved a same-family compact-window all-typed contact-intensity candidate; exported frozen body and corrected post-conversion hash identity.,TB-G2 advanced from open gap to same-family candidate complete; external review open; TB-G3 now next direct gate; Theorem B unchanged,https://docs.google.com/document/d/16dSMQF3nbRcx93feO8vJzdnT8wDQvO-p6zViPtyUazw/edit,Successor of S2-DER-010 / DQ-011; review LS-REQ-015; direct successor DQ-024
2026-07-26T13:35:00Z,LS-REQ-015-v1.0,REQ,Theorem B / TB-G2 external exact-hash review,Published organizationally distinct review packet with thirteen review obligations and eight hostile mutations against the exact frozen body.,External review route open; no review or independence credit yet,https://docs.google.com/document/d/12Y2SurB-s-V-UqkmJih-Lu2k3gTdYLuLZnUTCs6EZ7o/edit,Reviews LS-DER-021-v1.0; controls DQ-023
2026-07-26T13:36:00Z,LS-REQ-016-v1.0,REQ,P0.1 v1.6 Family-B fast path,"Created one-session four-verdict review packet covering LCR-DER-057-v1.1, LCR-DER-061-v1.0, v1.6 Domain D, and v1.6 exact integration.",READY FOR DISTINCT-FAMILY CLAIM / ZERO CREDIT UNTIL VERDICT,https://docs.google.com/document/d/1ho95XIktc8hhAMISNpwFAyOAYLV6GDwKftUaw40Z3qk/edit,Reduces duplicate work; no Family-A overlap or theorem promotion
2026-07-26T13:42:00Z,LS-CTL-001-v1.0,CTL,P0.1 v1.6 Class-3 eligibility,"Defined exact Boolean promotion predicate, event-driven updates, atomic transition, rollback, and reopening rules under OP-PROT-012.",ACTIVE / CURRENT HOLD / NO PROMOTION,https://docs.google.com/document/d/1mAJuYkWr_4voAAToyTCmej-ANCAiI5twLPRHwlImRFc/edit,No decision budget consumed by predicate preparation
2026-07-26T13:58:30Z,LS-DER-022-v1.0,DER,Theorem B / TB-G3 actual persistence selection,"Reconciled C098-C101, P0.2, TB-G1, and TB-G2; repaired eta omission; proved compact-kappa deterministic capture; reduced compact actual selection to TB-G3A and TB-G3B.",DQ-024 completed by exact reduction; DQ-025 and DQ-026 opened; unconditional compact p_r remains open; Theorem B unchanged,https://docs.google.com/document/d/1rwKtmy2vnXTYfp0jFrf5Ca1jaBj0DYr7Uf5-Pui33Uo/edit,"Successor of DQ-024; depends on LS-DER-021, S2-DER-010, P0.2 stack, and C098-C101"
2026-07-26T13:58:30Z,LS-REQ-016-v1.0,REQ,Theorem B / TB-G3 organizationally distinct review,Published exact-hash review packet with fifteen review obligations and twelve hostile mutations against the TB-G3 reduction.,External review route open; no review or independence credit yet,https://docs.google.com/document/d/10ai9iyt83V3wwkasqOzifVuw0xES5G4dAUTJJwq_UHo/edit,Reviews LS-DER-022-v1.0
2026-07-26T14:02:00Z,CL-AUD-271-v1.0,AUD,P0.1 v1.6 integrated theorem,Exact hash review passed V1/V3–V14 and 12/12 mutations; AMEND only on E1/E2/E3 event hashes.,CONDITIONAL PASS / EVENT-STACK BLOCK,https://docs.google.com/document/d/1WWa_sE1RUU3PJSkH2-fjrlnlptpStlXDbRXfkPWTqb4/edit,Auto-converts after exact event verdicts
2026-07-26T14:02:00Z,CL-AUD-281-v1.0,AUD,GP-DATA-214 upper normalizer,"Exact carriers and C_Z=15 recomputed; AMEND record-class, B4/B5 independence and M13 open.",MATHEMATICAL PASS / EVIDENCE PARTIAL,https://docs.google.com/document/d/1SsG0vN-XYWbJfkJ8sc1JSo7LGar5f2rIRBlYNFk6x68/edit,One Anthropic family lineage
2026-07-26T14:02:00Z,LS-COR-010-v1.0,COR,P0.1 v1.6 external verdict reconciliation,Separated event-stack conversion from normalizer record/periodization completion and updated Class-3 effects.,CURRENT RECONCILIATION,https://docs.google.com/document/d/1GLHZ9d3_HRagd9amjpbSWlfGyzyk8jnUMaPuQdkuFf8/edit,No canonical impact
2026-07-26T14:02:00Z,LS-COR-011-v1.0,COR,GP-DER-214 record completeness,"Supplied missing constants, corrected control taxonomy, and clarified the r-free ladder without changing carrier bytes.",RECORD REPAIRED / EXTERNAL SUPPLEMENT OPEN,https://docs.google.com/document/d/1wg4A9Eg0EpoV9Ir7mrJEG_KD2kDk6DbWG1iCBOqZzcw/edit,Zero independence credit
2026-07-26T14:02:00Z,LS-REQ-017-v1.0,REQ,GP-DATA-214 periodization and object firewall,"Issued exact carrier P0–P16, M1–M14, and F1–F4 completion packet for non-author review.",READY / UNCLAIMED,https://docs.google.com/document/d/12athZKujy9YYAGhikOcGGxHyYCe87mbj0vpF4binNi8/edit,No promotion
2026-07-26T14:55:31Z,LS-DER-023-v1.0,DER,Theorem B / TB-G3A compact adjacency,"Proved same-family compact exact-field adjacency complement O(r^3); retained exact law, full normalizer, deep threshold, and review fences.",DQ-025 complete; DQ-026 remains direct blocker; DQ-028 external review open,https://docs.google.com/document/d/16p2X3y3b27RfFc8CpVM8vY1Z2jy4wtdV_zphAAT5K_I/edit,Successor of LS-DER-022 TB-G3A
2026-07-26T14:55:31Z,LS-REQ-018-v1.0,COR / REQ,Identifier collision,Corrected TB-G3 review packet identifier from collided LS-REQ-016 to unique LS-REQ-018; file ID and scope unchanged.,Collision resolved; original P0.1 LS-REQ-016 preserved,https://docs.google.com/document/d/10ai9iyt83V3wwkasqOzifVuw0xES5G4dAUTJJwq_UHo/edit,No review or independence credit affected
2026-07-26T15:05:00Z,LS-AUD-016-v1.0,AUD,P0.1 v1.6 exact event stack,"Fresh Drive exports reproduced GP-DER-197, LCR-DER-057-v1.1, and LCR-DER-061 exact hashes; same-line adversarial audit found no material defect and detected 15/15 hostile mutations.",SAME-LINE PASS CANDIDATE / ZERO INDEPENDENCE CREDIT / PASS-B ONLY / EXTERNAL VERDICTS OPEN,https://docs.google.com/document/d/1m5V_cLPY2cmYoUd_elAnpeP7Qgzc_e46kmAI-ZJzU24/edit,Supports LS-REQ-016 Pass B; does not set E0/E1/E2 TRUE
2026-07-26T15:05:00Z,LS-COR-012-v1.0,COR,LS-REQ-017 review eligibility,Narrowed the Anthropic conflict exclusion: eligible for P14/M8 exact-object firewall only; ineligible for Peano/periodization P3-P12 and the full packet verdict.,ROUTING CORRECTED / CL-REG-282 VALID NARROW CLAIM / N1 REMAINS FALSE,https://docs.google.com/document/d/138g8oKwtRRHyLHiCfQFSOPAsOh-6lJ-A8oBQEAleLAc/edit,No mathematical or terminal state change
2026-07-26T15:08:27Z,LS-DER-024-v1.0,DER,Theorem B / TB-G3B regional selection,Proved same-family compact adjacent-sector failure O(r^3) using loop-safe all-critical witness counts and kappa-uniform regional Kac-Rice bounds.,DQ-026 complete; DQ-029 review open; compact actual-selection synthesis unlocked,https://docs.google.com/document/d/1xixpJVO2YLmp_GooqSNmAWUYF9LHZDEWm8UOOl5EbMk/edit,Successor of LS-DER-022 TB-G3B
2026-07-26T15:07:00Z,LS-WO-001-v1.0,WO,P0.1 v1.6 irreducible third-family review,"Created one claim-aware, capability-neutral bundle for D0 Domain D, I0 exact integration, and B4/B5 periodization; excluded scopes already claimed by Anthropic.",OPEN / UNCLAIMED / ZERO EVIDENCE CREDIT,https://docs.google.com/document/d/1Curxq98BuCfyoYBIqEB21FBOYgKWJV27oMLSBcFnOjk/edit,Registered as CLWO-P01-001; prevents duplicate external work
2026-07-26T15:15:20Z,LS-DER-025-v1.0,DER,Theorem B compact component synthesis,Recombined TB-G2/TB-G3A/TB-G3B and multiplicity into compact actual selection and a positive finite near-diagonal ell^(-1/3) component law.,Component theorem candidate complete; DQ-032 review open; full tails/complement remain,https://docs.google.com/document/d/13cP8lczO1VsHOxlmNTj5n2GRAhX38N0UEMbN7jO3vIY/edit,Successor synthesis from DQ-025/DQ-026
2026-07-26T15:15:20Z,LS-CLAIM-TBG3-SYNTH-20260726-01,OPS / COR,Work-claim process,Recorded that immediate successor synthesis was registered after execution rather than atomically preclaimed; exact lineage preserved.,Process deviation disclosed; no conflict or scientific status inflation,https://docs.google.com/document/d/13cP8lczO1VsHOxlmNTj5n2GRAhX38N0UEMbN7jO3vIY/edit,Future substantive successors require preclaim
2026-07-26T15:25:52Z,LS-DER-026-v1.0,DER,Theorem B / TB-G4 full-kappa tails,"Derived exact corrected-pin Gaussian tail, polynomial determinant growth, global kappa dominator, compact selection exhaustion, and full-kappa selected near-diagonal component law.",DQ-031 complete; DQ-035 review open; TB-G5 same-family candidate now completed through DQ-033 with DQ-034 external review open,https://docs.google.com/document/d/1kSk34R28YpUdPmFjrLam1yDfOrcghyWJhTE_WbzqDGE/edit,Successor of LS-DER-025
2026-07-26T15:34:35Z,LS-DER-027-v1.0,DER,Theorem B / TB-G5 full fixed-window theorem,Proved same-family far-pair lifetime density O(1) through off-diagonal Fourier/Kac-Rice bounds and recombined with LS-DER-026 into the full B_* ell^(-1/3) law.,Mathematical TB-G1-G5 chain complete same-family; DQ-034 and dependency reviews open,https://docs.google.com/document/d/1GXhNimem1IeqbdXjhnBqK-EzwCxw5CT1uWcG04-0KiE/edit,Successor of LS-DER-026
2026-07-26T15:37:00Z,GP-REC-SELFHEAL-20260726-04,REC / CONTROL-PLANE SELF-HEALING,Dispatch primary-key integrity,Repaired a second live DQ-032 collision by preserving the earlier LS-DER-025 review route and reidentifying the later LS-DER-026 review as DQ-035.,PASS / REVERSIBLE ROUTING REPAIR / SCIENTIFIC AND INDEPENDENCE STATES UNCHANGED,https://docs.google.com/document/d/1X9lmCi3ugrBmVPuOdTqlUKZoOHMeQYx0P-aaWpvFbS0/edit,"Control-plane audit also confirmed bootstrap prefix, frozen identities, row visibility, and same-run manifest gate."
2026-07-26T15:41:07Z,LS-REQ-024-v1.0,COR / REQ,Review-routing namespace,Corrected TB-G5 full-theorem review identifier from collided LS-REQ-023 to LS-REQ-024 and repaired DQ-034 dependency routes.,Collision resolved; unrelated LCR conversion DQ-030/LS-REQ-023 preserved,https://docs.google.com/document/d/1pYBHj-2as10YOc9O9S_76Py6FHsm7RnO66NwUPejRbs/edit,No review or independence credit affected
2026-07-26T15:41:07Z,LS-COR-028-v1.0,COR,TB-G1 source identity,Corrected one missing character in the TB-G1 Drive ID headers of LS-DER-025 and LS-DER-027; frozen bodies and hashes unchanged.,Provenance metadata repaired; scientific status unchanged,https://docs.google.com/document/d/13cP8lczO1VsHOxlmNTj5n2GRAhX38N0UEMbN7jO3vIY/edit,Also corrected LS-DER-027 header
2026-07-26T15:47:00Z,LS-REG-028-v1.0,REG,Theorem B review orchestration,"Froze eight-object exact review matrix, five review waves, independence rules, collision history, and missing LS-DER-022 dispatch.",DQ-037 complete; DQ-036 open; canonical status unchanged,https://docs.google.com/document/d/1_1HJNtftgCk_iHgszi-2lhzO5aTmWjZfiI6uGiM4YcI/edit,Controls review routing and verdict reconciliation
2026-07-26T15:50:00Z,LS-REG-028-v1.0,COR / REG,Concurrent Dispatch collision,Final readback found another line had created DQ-036 after uniqueness scan; LS-DER-022 review route corrected to DQ-038 and matrix rehashed.,Duplicate primary key removed; other DQ-036 preserved; review scope unchanged,https://docs.google.com/document/d/1_1HJNtftgCk_iHgszi-2lhzO5aTmWjZfiI6uGiM4YcI/edit,"Corrected export 13,243 bytes / SHA 534b7234…b9c2"
2026-07-26T16:05:00Z,DQ-039 / ROOT_DRIFT_DETECTED,OPS / RECOVERY,Shared-drive root hygiene,Moved eight exact loose documents to the single Drive-wide triage folder by reversible parent changes; final root document query returned empty.,ROOT CLEAN for bounded document query; no content/status/claim changes,https://drive.google.com/drive/folders/1VvBQrv1M0E51socyGY-fjzlypEkc9IPz,Housekeeper classification remains
2026-07-26T16:13:44Z,GP-DER-118-v1.9 / GP-DATA-236,DER/DATA,P0.1 collision-resistant integrated candidate,"Froze controlling theorem and snapshot at 28,257 bytes / SHA d894c0fe…ad7f5; reconciled concurrent branch and bound LS-P01-REQ-001/002.",CURRENT CANDIDATE / SUPPLEMENT REVIEW OPEN / NO PROMOTION,https://docs.google.com/document/d/1mHxvCzfVIS6eER8UBqcQdEP0R0q1KF8p70VZHmpWwU0/edit,GP-DATA-236 https://docs.google.com/document/d/1RgY1VkeXeF244h8pYtTlMipYobJFRVA0kJMN-6nVEeU/edit
2026-07-26T16:13:44Z,CL-AUD-283-v1.0,AUD,P0.1 GP-DATA-214 exact-object firewall,Closed P14/M8/RS2-M13 exact-object firewall; finite-Q4/raw substitution detected through uncancelled Laurent poles; identified G1-G3 integrity issues.,OF0 PASS / EXISTING ANTHROPIC LINEAGE / PZ0-N1 OPEN,https://docs.google.com/document/d/1gmdHDC7ek6Qj2ygT64G8BzbOz95rBGrNjS4zHMJqwhs/edit,G1-G3 successor dispositions attached 2026-07-26
2026-07-26T16:13:44Z,LS-STD-001-v1.0,STD,Frozen-body extraction rule families,Defined LMC-1 literal-marker and BRH-1 conditional blank-run-halving rules; prohibited post-hoc rule selection.,ACTIVE PROSPECTIVE INTEGRITY STANDARD / ZERO MATH CREDIT,https://docs.google.com/document/d/1TK_RN3kLO2a03WB8yjX0YJqhC_BW_FyJubtQ5Qf859U/edit,Resolves CL-AUD-283 G1
2026-07-26T16:13:44Z,LS-DATA-010-v1.0,DATA,P02-LM-005 current text identity,"Created LMC-1 snapshot matching current normalized LCR-CAP-016 export at 13,232 bytes / SHA 0d1776ab…8741.",ROUNDTRIP PASS / HISTORICAL HASH-REVIEW TRANSFER NONE,https://docs.google.com/document/d/1eiekdmMQgSBQIgcWZMc5sMBCPhT5TZsRQG4TmzPEj4s/edit,Resolves reconstructability portion of CL-AUD-283 G2
2026-07-26T16:13:44Z,LS-CTL-003-v1.0,CTL,P0.1 v1.9 Class-3 eligibility,Activated hash-bound fail-closed control; OF0 and E1 TRUE; E0/E2/D0/I0/PZ0/N1/A0/B0/F0 and integrity gates FALSE.,CURRENT CONTROL / ELIGIBLE_P01_V19 FALSE,https://docs.google.com/document/d/1Fhg-iYRjeFND0oDcBiPdO9eVwB8tkgnQnid-6HeN7Y4/edit,Predecessor LS-CTL-001/002 preserved
2026-07-26T16:31:27Z,LS-COR-018-v1.0,COR / CONTROL-PLANE SELF-HEALING,P0.1 v1.9 eligibility control,Replaced stale Autonomy Control v1.6 pointer with v1.9/LS-CTL-003 and published an additive correction for inherited v1.8 source-address and state residues.,SUBSTANTIVE REVERSIBLE REPAIR / ELIGIBLE_P01_V19 REMAINS FALSE,https://docs.google.com/document/d/1dLLP4NZPGh9b0k8jkXGhxFQKCXmSl3Xk74LUWhCM1Z8/edit,"No scientific-independence, theorem, root, seal, machine, release, or deletion state changed"
2026-07-26T16:48:00Z,LS-WO-002-v1.0 / CLWO-TB-001,WO / REVIEW ROUTING / PACKET REPAIR,Theorem B Wave 1 external exact-hash review,"Repaired all three Wave 1 packet headers, added the missing TB-G2 target Drive ID, created one capability-neutral external handoff, moved it into the authoritative repair folder, and linked it without changing the frozen review matrix body.",OPEN / UNCLAIMED / ZERO REVIEW CREDIT / EXTERNAL VERDICTS 0-OF-3 / CANONICAL UNCHANGED,https://docs.google.com/document/d/11qyaK74Mmgu3ibIsd9TixG_6fwE0ttsll7rZppYlrAs/edit,"Exact export 10,214 bytes / SHA a8376c66…c9ae; DQ-012, DQ-023, DQ-038 remain separate; DQ-036 unrelated"
2026-07-26T16:52:00Z,ROOT-DRIFT-RECOVERY / COMMAND-CENTER-SYNC,OPS / REVERSIBLE ROUTING / TELEMETRY,Shared-drive root hygiene and current Theorem B navigation,"Acceptance audit found LS-STD-001-v1.0 alone in the shared root. Moved its unchanged Drive ID into 00_ACTIVE_GOVERNANCE_AND_DIRECTIVES, then reran the bounded root-document query with zero results. Added the current CLWO-TB-001 handoff to the Command Center.",ROOT DOCUMENT QUERY CLEAN / NO CONTENT CHANGE / THEOREM B STATUS UNCHANGED,https://docs.google.com/document/d/1yfJu9h6ObYhXh1iIgV-_G-PSk08b4VR2OJFENVk5t7k/edit,"Moved file 1TK_RN3kLO2a03WB8yjX0YJqhC_BW_FyJubtQ5Qf859U from root to folder 1mwgprwS1Q3sWCT8hdoA2Ib3TmMu_A7HH; no rename, edit, deletion, claim, permission, or scientific-status change"
2026-07-26T17:08:00Z,LS-MAN-029-v1.0 / DQ-040,MAN / REPRODUCIBILITY / SOURCE IDENTITY,Theorem B Wave 1 foundational exact objects,"Fresh native text/plain exports and exact marker extraction reproduced TB-G1, TB-G2, and TB-G3 reduction byte counts and SHA-256 values exactly; published machine-readable manifest and reference algorithm.",COMPLETE / PASS 3-OF-3 / ZERO INDEPENDENCE / EXTERNAL REVIEWS STILL OPEN,https://docs.google.com/document/d/1J7ZI-VzAyBQjsa8aKGcgySFI1y2Y23SYi6_tuv8NTBg/edit,G1 17845/bd4e839f…cb10f; G2 11924/3369ddd5…844dd; G3R 21932/e5a61739…568aaf; manifest 9074/ba7afc13…bde93
2026-07-26T17:25:00Z,LS-DER-030-v1.0 / DQ-041,DER / NORMALIZATION CORRECTION / FALSIFICATION,Theorem B fixed-window coefficient and full-theorem recombination,"Independent factor audit derived the exact specific coefficient and found that LS-DER-027 mixes a per-unit-area near coefficient with a total far dx dy integral. Issued additive correction, source headers, read-first correction, and DQ-043 exact external review route.",AMEND REQUIRED ON AREA NORMALIZATION / -1/3 EXPONENT SURVIVES / ZERO INDEPENDENCE / CANONICAL UNCHANGED,https://docs.google.com/document/d/1xou7oHKy2nTa_eml5YBDhO_UVTmbspmArtWzwUiDpRY/edit,c_spec=alpha∫J0 kappa^-2/3; C_tot=576 c_spec; correction frozen 12794/SHA 5476f11a…d0c1; review LS-REQ-025/DQ-043
2026-07-26T17:44:00Z,LS-DER-031-v1.0 / DQ-044,DER / CORRECTED FULL THEOREM / SUPERSESSION,Theorem B fixed-window specific and total lifetime law,"Issued a new frozen theorem successor with explicit per-unit-area and total side-24 laws, consistent near/far normalization, C_tot=576 c_spec, and preservation of LS-DER-027 as the off-diagonal proof source. Created LS-REQ-026 and DQ-045.",COMPLETE SAME-FAMILY CORRECTED CANDIDATE / ZERO INDEPENDENCE / EXTERNAL REVIEW OPEN / CANONICAL UNCHANGED,https://docs.google.com/document/d/1RSlzWBU1Hg664F4Cn3KuqDJjnsB1nTh0gjHJbMTcNIw/edit,"Frozen 7,963/SHA 1edca3e9…5ff1; full text 10,919/SHA 50ed065d…df22; corrected review LS-REQ-026/DQ-045"
2026-07-26T17:46:00Z,GP-REC-SELFHEAL-20260726-05,REC / CONTROL-PLANE SELF-HEALING,DQ-042 manifest safety and control-plane audit,"Found that DQ-042 required an additive authoritative-folder manifest without an explicit task-local same-run leaf-verification gate; repaired the unclaimed row to require exact Drive-ID, parent, revision/binding, and link verification for every leaf and HOLD on any mismatch.",SUBSTANTIVE REVERSIBLE REPAIR / BOOTSTRAP PREFIX PASS / NO ROOT OR SEAL EFFECT,https://docs.google.com/document/d/1CC2i4QLSPMaD8fZhMwZpp2gfLRQa_Zm26uDCSddJacc/edit,"No theorem, independence, machine, release, deletion, root, or seal state changed."
2026-07-26T17:55:00Z,LS-REC-032-v1.0 / ANTHROPIC REVIEW RECONCILIATION,REC / EXTERNAL REVIEW / SOURCE-IDENTITY BINDING,"TB-G2, TB-G3 reduction, TB-G3A, TB-G3B",Found and reconciled two previously unregistered Anthropic review artifacts. Bound one provider lineage to four scoped partial mathematical verdicts; independently reproduced current G3A/G3B source hashes as zero-credit transport evidence; left all exact-object gates open.,FOUR PARTIAL VERDICTS / ZERO EXACT COMPLETIONS / ONE ANTHROPIC LINEAGE / CANONICAL UNCHANGED,https://docs.google.com/document/d/1oGWql4Hez1BGDfUVl1USgZ2K3--DO5D2XGmcEgKwiSo/edit,DQ-023/DQ-038/DQ-028/DQ-029 now show partial evidence and remaining exact gaps; no silent approval
2026-07-26T18:06:00Z,LS-MAN-033-v1.0 / DQ-042,MAN / PACKAGE INTEGRITY / ROUTING,Theorem B authoritative repair folder,"Completed same-run 36-leaf package audit, critical revision/link binding, expected-object coverage, duplicate ledger, root hygiene check, and one proven reversible cross-line routing repair. Preserved all historical, malformed, collision, same-family, and partial-review evidence.",COMPLETE / ROOT CLEAN / DUPLICATES 0 / ZERO SCIENTIFIC CREDIT / CANONICAL UNCHANGED,https://docs.google.com/document/d/1oLgnxotPeb11WKuGcTJ-oFZQsaKaqinXfdL5FXZclXM/edit,"Manifest 19,187 bytes / SHA 5f427745…47d1; LCR-DER-061 routed to exact shared event folder; Anthropic partial reviews reconciled separately"
2026-07-26T18:30:00Z,LS-MAN-034-v1.0 / DQ-047,MAN / SOURCE IDENTITY / TASK CORRECTION,Corrected Theorem B full dependency-chain exact bodies,"Fresh-exported and reproduced all ten named frozen bodies, SHA-256 values, current revisions, marker rules, and authoritative-folder parents; corrected the dispatch's nine-versus-ten receipt mismatch additively.",PASS 10-OF-10 / CLAIM RELEASED / ZERO REVIEW CREDIT / NO STATUS PROMOTION,https://docs.google.com/document/d/1zidUbYjSwe1wboNfLWrkGvP4gEtR2adcPpi5OjuUwCI/edit,"Manifest text 7,873 bytes / SHA 982bb3c0ec0795f5a7965b0103ef70f8aa87c60c15b152cbfc558541a362ed44; object-list JSON 8,879 bytes / SHA 0e6b736bccbe5f4766c064fca538e503605790653857da96731b1d59c27bf41b; reopen on source drift."
2026-07-26T18:54:00Z,LS-REG-035-v1.0 / DQ-048,REG / ROUTING DELTA / REVIEW STATUS,Theorem B review packets after partial Anthropic verdicts and corrected theorem,"Audited nine active review packets, preserved four partial object verdicts under one Anthropic lineage, reconciled live dispatches, and attached ten additive packet/matrix comments without changing theorem bodies.",PACKET HASHES PASS / ROUTES RECONCILED / ZERO NEW REVIEW CREDIT / THEOREM B UNCHANGED,https://docs.google.com/document/d/1KfX5ylvwsXwmJdhExW_f-a5Poc4omSvi1Fq2_acigPA/edit,"Text 6,882 bytes / SHA 63a9ff521c9adc7b9332481be5f55e8b02cbed8429a72c660904c121c2e16134; controlling corrected route DQ-045."
2026-07-26T18:54:00Z,LS-MAN-036-v1.0 / DQ-048,MAN / PACKAGE INTEGRITY / ROOT HYGIENE,Theorem B authoritative folder successor manifest,"Detected that LS-MAN-033 was invalidated by later membership/revision changes; enumerated 39 pre-manifest leaves, inserted successor, verified final 40-child state, and moved one loose temporary root probe intact to sandbox.",CURRENT MANIFEST PASS / ROOT CLEAN / ACCEPTED ROOT NONE / SEALED NO,https://docs.google.com/document/d/1D2aWVS0Nkxo55skNQeXIQi4Gl61yWz5cBrYCW_pao9M/edit,"Text 14,170 bytes / SHA 1c17cf350ec98b4aff04495dfd6f2678746b053ac5d8968e638ea867e0dfcf4c; LS-MAN-033 retained as historical snapshot."
2026-07-26T19:22:00Z,LS-DER-033-v1.0 / DQ-050,DER / COMPUTE / REVIEW SUPPLEMENT,TB-G3B endpoint determinants and density envelope,"Derived explicit generic and transverse endpoint factors, exact kappa^6 eta^6 product, generic covariance determinant and conditional variance, axis/transverse density atlas, and r^4 t^-6 Palm bound; executed exact SymPy verifier.",SAME-FAMILY COMPANION COMPLETE / 17 CHECKS PASS / DQ-029 OPEN,https://docs.google.com/document/d/16PbH0WA93k4dGoDg1JdXPbYSYIwOmwCU4ak_rEO-yWk/edit,"Proof body 10,913 / SHA 49e552a1…534b; source 3,995 / SHA 75b5e756…8423; result 1,798 / SHA f5721a1a…e710."
2026-07-26T19:28:00Z,CL-AUD-TBG3A-IMPORTS-20260726-01,AUD / EXTERNAL EXACT OBJECT / IMPORT RECONSTRUCTION,TB-G3A imported deterministic layer,Anthropic reproduced LS-DER-023 exact bytes/hash and independently confirmed P02-LM-001 and P02-LM-004; isolated the undisplayed interpolation operator as Finding A-2.,PARTIAL EXTERNAL PASS / DQ-028 SURFACE REDUCED / ZERO NEW LINEAGE CREDIT,https://docs.google.com/document/d/1qVSYaXu1M2TtUdTWFGlI8QXV9FMggw-ZsAvNDnA7yIM/edit,"Frozen body 15,198 / SHA 2560b8bf…e64; DQ-052 and DQ-053 opened; probabilistic envelope remains."
2026-07-26T19:28:00Z,CL-REC-TBG3A-001-v1.0,REC / CONTROL-PLANE HANDOFF,TB-G3A audit receipt and routing,"Recorded exact audit and target receipts, preserved one Anthropic lineage, and named interpolation, freeze-policy, and LS-DER-032 review actions.",FACTUAL RECEIPT / ZERO SCIENTIFIC CREDIT,https://docs.google.com/document/d/10Mce1eLMtL7H831xlyFGtwlCU0IEUj3C35VsmtNyznk/edit,Root probe and manifest warnings subsequently repaired by OpenAI operations.
2026-07-26T19:30:00Z,LS-REQ-028-v1.0 / DQ-053,REQ / EXTERNAL REVIEW ROUTING,LS-DER-032 TB-G2 uniform interface,"Created exact-hash review packet for six-pin eigenfloors, Gaussian density, conditional moments, Q nondegeneracy, and uniform expectation transfer.",OPEN / ZERO CREDIT UNTIL ELIGIBLE VERDICT,https://docs.google.com/document/d/1sAkJPHfdkUhq-SeY6mpB2bkqCY54vtWKEnVXM52bNUA/edit,"Targets 12,106 bytes / SHA 3531e6e5…4dba; third provider or qualified human preferred."
2026-07-26T19:41:00Z,LS-MAN-037-v1.0,MAN / PACKAGE INTEGRITY / REVIEW-STATE SUCCESSOR,Theorem B authoritative folder after DQ-050 and Anthropic TB-G3A import audit,Superseded the 40-document manifest after six new exact objects and review-surface revisions; verified final 47-document folder and clean root.,CURRENT MANIFEST PASS / ROOT CLEAN / ACCEPTED ROOT NONE / SEALED NO,https://docs.google.com/document/d/1_vohkROEhgUbfaJx5RqP_ykbRvu5bacIlx17kDh7srY/edit,"Text 6,755 bytes / SHA d0f893a7…e8d1; canonical Theorem B remains RETRACTED / NOT RESTORED."
2026-07-26T19:43:00Z,SELFHEAL-20260726-MAN037-DQ046,OPS / SELF-HEALING,Control plane and Theorem B package integrity,Validated LS-MAN-037 at 47 children; released stale DQ-046 claim; registered LS-DER-032 and current manifest identities.,SUBSTANTIVE REVERSIBLE REPAIR / NO SCIENTIFIC STATUS CHANGE,https://docs.google.com/document/d/1_vohkROEhgUbfaJx5RqP_ykbRvu5bacIlx17kDh7srY/edit,Supersedes LS-MAN-036 as current package-state control; DQ-053 remains open.
2026-07-26T20:45:00Z,LS-DER-034-v1.0 / DQ-052,DER / EXACT REPAIR / SYMBOLIC VERIFICATION,TB-G3A pin-preserving interpolation operator,"Published a fixed linear Hermite-gradient correction and cubic gap basis that enforce all six pins, reproduce the comparison field, and prove an explicit geometry-only C_D r^2 H5 bound; exact source/result replay passed.",SAME-FAMILY COMPANION COMPLETE / DQ-028 EXTERNAL ADJUDICATION OPEN,https://docs.google.com/document/d/1_KF28jr2RS8ySFrealYRVuxARY2EHyCEaByGb36rGnk/edit,"Proof 8,910/SHA e2144a84…a6dad; source 3,959/SHA 5a67ffa7…9006; result 1,281/SHA 57c972e1…933f; zero independence credit."
2026-07-26T20:45:00Z,LS-MAN-038-v1.0 / GP-REC-SELFHEAL-20260726-08,MAN / CONTROL-PLANE SELF-HEALING,Theorem B package-state reconciliation,"Detected LS-MAN-037 membership drift after DQ-052; freshly enumerated 50 pre-manifest leaves, replayed all three new frozen identities, published LS-MAN-038, and verified final 51-child state with root folders only.",SUBSTANTIVE REVERSIBLE REPAIR / ROOT NONE / SEALED NO / SCIENTIFIC STATUS UNCHANGED,https://docs.google.com/document/d/1l_ushvFs2lJYdtBBmB9-Lh9OjKzxGf4cHNNRKVBor1I/edit,"Manifest export 11,759 bytes / SHA d5a8600b…00b4; rollback recorded in GP-REC-SELFHEAL-20260726-08."
2026-07-26T21:50:00Z,LS-MAN-039-v1.0,MAN / PACKAGE INTEGRITY,Theorem B / R11,Replayed every declared content binding in the same run and rebuilt current folder manifest.,52 documents; full declared-binding replay pass; root NONE; sealed NO.,https://docs.google.com/document/d/17gHyENDRwjD_xKOeHRmDW2mLXktDVcqtpNFC6_hqE9s/edit,Supersedes LS-MAN-038 as current verification state.
2026-07-26T21:50:00Z,GP-REC-SELFHEAL-20260726-09,REC / SELF-HEAL,Control plane,Repaired incomplete R11 leaf-verification expression in LS-MAN-038 and recorded rollback.,"Substantive reversible repair; no theorem, root, seal, machine, release, deletion, or independence change.",https://docs.google.com/document/d/1ZS-BbAOSbA79-9MsqnjoLdF9LG67vJpqAg7hXUWktmw/edit,Controls LS-MAN-039 reconciliation.
2026-07-26T22:31:50Z,GP-REC-SELFHEAL-20260726-10,REC / SELF-HEALING,Theorem B drift monitoring,Added object-level drift coverage for nine load-bearing theorem-chain leaves and synchronized eight stale watch baselines to LS-MAN-039.,PASS; lease OPEN; scientific and independence states unchanged,https://docs.google.com/document/d/1pv-6GU2H3yFvtyni7cc_xyCIi3XzgkiVolsnWCzlqZI/edit,Repairs Frozen Objects and Identity Drift Watch coverage after LS-MAN-039
2026-07-26T22:50:00Z,OP-PROT-014-v1.0,PROTOCOL,Task integrity,"Installed admission, claim, output, package-impact, and release invariants.",ACTIVE / FAIL-CLOSED / ZERO SCIENTIFIC IMPACT,https://docs.google.com/document/d/1WFOMp3C5nHvPkZS9oOwQsn2ejZMpLbYrtckphEIkBo0/edit,Controls future and legacy Dispatch work
2026-07-26T22:50:00Z,GP-REG-TASK-INTEGRITY-GATES,REGISTER,Task integrity,Created Task Integrity Gates sheet and seeded every current open/standby Dispatch task.,23 live tasks covered; incomplete legacy inputs marked HOLD for JIT audit,https://docs.google.com/spreadsheets/d/1O6x8ivmaVUxYqKmCOXmToIHpMXqDI362ibqBl8HY8no/edit,One row per Dispatch ID
2026-07-26T22:50:00Z,AI-DRIVE-AUTONOMY-R12 / GENERIC-DISPATCH-R8,CONTROL,Cold start and routing,Bootstrap and autorouter now require Task Integrity readback before claim or release.,ACTIVE; no package-specific bootstrap prefix; no scientific-status effect,https://docs.google.com/document/d/180yfvocozAaFRxf7tY8CDrobnpi17Sv-UkQGBBWCiD8/edit,OP-PROT-014 enforcement
2026-07-26T23:05:00Z,GP-REC-SELFHEAL-20260726-11,REC / CONTROL,Task integrity and future-task prevention,"Verified 24/24 live gate coverage, released one stale superseded claim, qualified historical scope, and activated recurring OP-PROT-014 audits.",PASS / STRUCTURAL LEASE OPEN / 9 LEGACY ROUTES FAIL-CLOSED UNTIL JIT AUDIT,https://docs.google.com/document/d/1LclShFY4sWs5utNgOMzf5TpeZiFVoUaPeStFYH71gcc/edit,"No research-package, theorem, independence, root, seal, machine, release, or deletion effect"
2026-07-26T23:22:00Z,OP-PROT-015-v1.0,PROT,New-model cold start and tool economy,"Installed exact-ID entry, compact task view, direct-search firewall, and 5+2 call circuit breaker.",ACTIVE / ZERO SCIENTIFIC EFFECT,https://docs.google.com/document/d/1U155GYd-MlPvnqXQtzTMRdtu7T1x6vsEPSNjC1LQOm0/edit,AD-COLDSTART2-032
2026-07-26T23:22:00Z,GP-REG-032-COLD-START-VIEW,REG,Compact cold-start control surface,"Joined live Dispatch, claim, gate, source, and fail-closed entry state in one bounded view.",ACTIVE / FORMULA-DRIVEN,https://docs.google.com/spreadsheets/d/1O6x8ivmaVUxYqKmCOXmToIHpMXqDI362ibqBl8HY8no/edit#gid=2026072606,OP-PROT-015
2026-07-26T23:22:00Z,GP-REC-SELFHEAL-20260726-12,REC,New-model stress-test repair,"Preserved four failure modes, corrected R13/R9 controls, added CST-062–CST-070, and recorded rollback.",PASS,https://docs.google.com/document/d/1AjsillRZ8W7U00e2WnX6fwhq_gifW0bg51VriaOOhC8/edit,Current repair receipt
2026-07-26T23:55:00Z,GP-REC-SELFHEAL-20260726-13 / AD-TASK-INTEGRITY-031,REC / SELF-HEALING / LEDGER RECONCILIATION,Autonomy Control decision ledger,Detected a 30→32 authoritative-row gap while the counter correctly stated 32; reconstructed decision 31 from GP-REC-SELFHEAL-20260726-11 and restored it before decision 32.,PASS / 32 USED / 18 REMAIN / SCIENTIFIC STATUS UNCHANGED,https://docs.google.com/document/d/1CpayX5BeSkEM26qbOiLU_VTEbVLg1pvbXeHuUM8Efp4/edit,Additive rollback only. The audit also detected and exactly restored an incidental B3:F3 metadata overwrite in historical SIM-CLAIM-A1; no claim status or scientific state changed.
2026-07-27T00:45:00Z,GP-REC-SELFHEAL-20260727-01,SELF-HEAL / PROTOCOL,Cross-format spreadsheet export integrity,Replaced Google-only control formulas with cross-compatible equivalents; added same-run XLSX error and hidden-state gate; upgraded OP-PROT-015 to v1.1.,CORROBORATING / SUPERSEDED FOR CONTROL; no scientific or package-status effect,https://docs.google.com/document/d/1Ln50Ox4iDYO_EyQsgaWb9ysmDBUuc02lBVJzHNog-Y4/edit,Corroborates AD-XLSX-COMPAT-033; OP-PROT-016 and GP-REC-SELFHEAL-20260727-14 control
2026-07-27T00:28:00Z,OP-PROT-016-v1.0,PROTOCOL,Spreadsheet cross-platform integrity,Installed portable formula profile and mandatory live-Google plus same-run XLSX export gate.,ACTIVE CONTROL / ZERO SCIENTIFIC IMPACT,https://docs.google.com/document/d/1ITLtjJXHx9bEYMLqcExvrYnG9LHjS3tsX8MCfnbsVDQ/edit,Successor control to OP-PROT-015 for spreadsheet export compatibility
2026-07-27T00:28:00Z,GP-REC-SELFHEAL-20260727-14,RECEIPT,Cold-start and manifest XLSX compatibility,"Replaced Google-only formulas, preserved live values, and verified exported workbook with zero errors and wrappers.",PASS — BOOTSTRAP R14 / AUTOROUTER R10,https://docs.google.com/document/d/1oj2sMWCP8yxjWSMAu6w7CggxD0J4VSS20QtZ8EyTDuo/edit,Implements decision AD-XLSX-COMPAT-033
2026-07-27T02:25:00Z,LS-MAN-040-v1.0,MAN,Theorem B package integrity,Published 55-child same-run successor after two DQ-045 leaves; 22 exact content-bound replays passed.,CURRENT / ROOT NONE / SEALED NO,https://docs.google.com/document/d/16J0XXtkgLUp4yHuIhuyCREvnmtTXnS40Rw3Po9-YS2Y/edit,Supersedes LS-MAN-039 as current package-state receipt
2026-07-27T02:25:00Z,CL-AUD-LSDER031-20260727-01,AUD,DQ-045 corrected theorem review,Anthropic exact-hash verdict registered; packet Drive ID repaired; dependency conditions preserved.,APPROVE WITH NONMATERIAL CLARIFICATIONS / CONDITIONAL,https://docs.google.com/document/d/1CL_vGyhk3E-rCTRB1-cB3JI2wdGYPUND7GxLjhOPr9k/edit,One existing Anthropic lineage; no new provider family
2026-07-27T02:25:00Z,OP-PROT-017-v1.0,OP-PROT,Frozen-body extraction,Prospective unique-line extraction standard and byte-exact reference implementation registered.,ACTIVE / DRIVE-WIDE LEGACY SWEEP OPEN,https://docs.google.com/document/d/1yTjAIDFcTtRmpfOUKFpnNOjWY7E0OZnBg8JN_5-exFs/edit,DQ-055 controls the bounded no-skip legacy sweep
2026-07-27T02:25:00Z,GP-REC-SELFHEAL-20260727-15,REC,Drive self-healing,"Closed two capability handoffs, refreshed watches, admitted DQ-055, and verified XLSX/root/bootstrap predicates.",COMPLETE,https://docs.google.com/document/d/1n7YZ5MlN3gq7P7lOBKRrftXEmpGSMy5nqPb_L_8rkCk/edit,No theorem/root/seal/machine/release or independence changes
2026-07-27T04:42:00Z,GP-REC-SELFHEAL-20260727-16,SELFHEAL,OP-PROT-017 control links,Replaced nonexistent OP-PROT-017 standard/reference links in bootstrap R15 and autorouter R11 with Config-verified exact IDs; preserved versions and prefix.,SUBSTANTIVE REVERSIBLE REPAIR COMPLETE / LEASE RELEASED,https://docs.google.com/document/d/1iCR31uZhf3bxFWFf8aSQ-INxz2IH706m4m0td-aLm0U/edit,Rollback by named pre-repair revisions or inverse exact-string replacement
2026-07-27T06:10:00Z,CL-AUD-LSDER030-20260727-01,AUD,DQ-043 normalization correction review,Anthropic exact-hash review registered after OP-PROT-017 replay; external verdict limited to LS-DER-030.,APPROVE WITH NONMATERIAL CLARIFICATIONS / EXISTING ANTHROPIC LINEAGE,https://docs.google.com/document/d/1kNyQp-_qXvIiceENCJh5OkoigcMW18L3mLnHI6NWx4k/edit,"Discharges DQ-043 only; no component, canonical, seal, or release effect"
2026-07-27T06:10:00Z,LS-MAN-041-v1.0,MAN,Theorem B package integrity,Published exact manifest attempt after DQ-043 review; concurrent identity receipt invalidated its final count.,IDENTITY PASS / SEMANTIC PREDICATE FAIL / SUPERSEDED,https://docs.google.com/document/d/1GtfbE9XoMosCdoAk_CfFjv141SQlEgy7FUYcfj4KetQ/edit,Preserved as AMEND REQUIRED concurrency evidence; LS-MAN-042 controls after final readback
2026-07-27T06:10:00Z,GP-REC-SELFHEAL-20260727-17,SELFHEAL,DQ-043 registration and manifest drift,"Registered review and receipt, preserved the LS-MAN-041 concurrency failure, published LS-MAN-042, and verified terminal control gates.",COMPLETE / 59 CHILDREN / XLSX AND ROOT CLEAN / LEASE RELEASED,https://docs.google.com/document/d/1s_mcORpOuFeNVPUhrD68d2Mzesiw2sOeksdA9lvP2Do/edit,No theorem/root/seal/machine/release or independence changes
2026-07-27T06:20:00Z,CL-REC-LSDER030-20260727-01,REC,DQ-043 review identity,Registered same-run identity receipt and bounded OP-PROT-017 C3 measurement.,PASS / ZERO REVIEW OR SCIENTIFIC CREDIT,https://docs.google.com/document/d/1_rUZAkMTXfaDgBQZ6pCExnTfuO_YnUI1cy6cnWySfrQ/edit,Concurrent package leaf that invalidated LS-MAN-041 final-count predicate
2026-07-27T06:20:00Z,LS-MAN-042-v1.0,MAN,Theorem B package integrity,"Published concurrency-safe numbered successor after review, receipt, and failed-manifest race; final readback passed.",CURRENT / FINAL 59 CHILDREN / ROOT NONE / SEALED NO,https://docs.google.com/document/d/1bzs5KbYmaIg7Z9q1EVXaqFx9r8F97HRNDz3jTMTTv6A/edit,26 identity attempts; zero identity mismatch; LS-MAN-041 semantic failure preserved
2026-07-27T08:02:01Z,GP-REC-SELFHEAL-20260727-18,REC,Historical manifest current-pointer reconciliation,"Corrected LS-MAN-037/038/039 historical pointer language to preserve immediate successor chains and identify LS-MAN-042 as the current package-state endpoint; verified live state, root, and XLSX.",SUBSTANTIVE SELF-HEALING REPAIR / ZERO SCIENTIFIC OR INDEPENDENCE EFFECT,https://docs.google.com/document/d/1rbO-GQLLhHOSDpxcXRTyg1GEFUlABgNkifFuiphprdU/edit,LS-MAN-042 remains current; DQ-055 remains OPEN / UNCLAIMED / RELEASE-GATED
2026-07-27T11:50:00Z,GP-REC-SELFHEAL-20260727-19,REC,Theorem B current manifest pointer / DQ-055 monitoring,Reconciled stale Config current pointer from LS-MAN-040 to verified LS-MAN-042; preserved DQ-055 as OPEN / UNCLAIMED / RELEASE-GATED.,SUBSTANTIVE CONTROL-PLANE REPAIR / NO SCIENTIFIC STATUS CHANGE,https://docs.google.com/document/d/1ebNxprUNozL52zWIxw8vRqSlU2Aaff1J7uEYQkvQMVQ/edit,Successor to GP-REC-SELFHEAL-20260727-18; rollback restores Config row 251 only and places current-pointer state on HOLD.
2026-07-27T14:15:34Z,GP-AUD-DQ055-20260727-01,AUD,Drive-wide frozen-object identity sweep,Attempted all 37 active content-bound rows under OP-PROT-017; refreshed object/watch results and preserved the known GP-COR-143 HOLD.,36 PASS / 1 PRE-EXISTING CONTAINED HOLD / TASK RELEASED,https://docs.google.com/document/d/1oOmlkfGllKMFDe6-oI2iuNHwLoTIB4vhPUvomnOloHM/edit,DQ-055; zero scientific or organizational-independence effect
2026-07-27T14:25:00Z,GP-REC-SELFHEAL-20260727-20,SELFHEAL,DQ-055 identity sweep and claim visibility,Preserved the no-skip sweep and repaired the control view so an active claim returns its exact Claim ID and cannot remain selectable.,SUBSTANTIVE REVERSIBLE REPAIR COMPLETE / LEASE RELEASED,https://docs.google.com/document/d/17Tzp7pfWcDp1WoRvhNqlNgN8K5iN-Nr-s6fRoVFqORI/edit,Zero scientific or organizational-independence effect; rollback in receipt
2026-07-27T14:44:40Z,GP-REC-SELFHEAL-20260727-21,SELFHEAL,DQ-054 successor-state reconciliation,Reconciled stale DQ-054 and TIG-DQ-054 language after DQ-055 completed every successor and release predicate.,SUBSTANTIVE REVERSIBLE REPAIR COMPLETE / ZERO SCIENTIFIC OR INDEPENDENCE EFFECT,https://docs.google.com/document/d/18hoIKcIRpp0VIA5lBypIMNnXQ9xAlvP-NX8bKUlmjNM/edit,Exact pre-repair fields and additive rollback preserved; DQ-049 active claim untouched
2026-07-27T15:10:00Z,LS-DER-035-v1.0,DER,TB-G3B loop topology,Published same-maximum torus self-loop counterexample and corrected deterministic trichotomy; LS-DER-024 Case III marked AMEND REQUIRED.,SUBSTANTIVE MATHEMATICAL CORRECTION / ZERO INDEPENDENCE CREDIT,https://docs.google.com/document/d/1ZdlHsIBdprJak_q5cEAPPJjpXE5WEZWWad3XWOvFD3w/edit,DQ-049; L_same remains load-bearing
2026-07-27T15:10:00Z,LS-REQ-029-v1.0,REQ,TB-G3B amendment review,"Published exact-hash external review packet for the loop counterexample, corrected trichotomy, and fixed-metric/short-pair realization.",OPEN / ORGANIZATIONALLY DISTINCT REVIEW REQUIRED,https://docs.google.com/document/d/1h1_qWB6wIUSHdQalilNtj7iTUJZTI4jIfYFtng1oaFk/edit,DQ-029; one-family accounting unchanged
2026-07-27T15:10:00Z,LS-MAN-043-v1.0,MAN,Theorem B package integrity,Published 62-child same-run manifest successor after LS-DER-035 and LS-REQ-029 entered the authoritative folder.,CURRENT / ROOT NONE / SEALED NO / THEOREM RETRACTED,https://docs.google.com/document/d/10ZfNjiHje-SB3P3_SSnNT_xh0v98RDPOJSj9-jCQFwM/edit,29 content-bound replays; zero mismatch or silent skip
2026-07-27T15:22:00Z,GP-REC-SELFHEAL-20260727-22,SELFHEAL,Cold-start terminal-state routing,Repaired substring-based fail-open that made released DQ-049 selectable because eligibility text mentioned DQ-056 OPEN.,SUBSTANTIVE REVERSIBLE REPAIR COMPLETE / LEASE RELEASED,https://docs.google.com/document/d/1IOgL8mhSSyzlu2WK-QChMqD1cxjlbCX6SNI26ob-gL4/edit,Terminal state now precedes eligibility; zero scientific or independence effect
2026-07-27T15:45:00Z,GP-REC-SELFHEAL-20260727-23,SELFHEAL,LS-MAN-043 gate baselines and DQ-055 current coverage,"Reconciled stale LS-MAN-042 current-baseline wording, updated DQ-029/DQ-045 dependency gates, and extended DQ-055 current coverage from its historical 37-row snapshot to 41 active rows through four exact incremental PASSes.",SUBSTANTIVE REVERSIBLE REPAIR / FINAL XLSX AND LEASE GATES PENDING,https://docs.google.com/document/d/1WPuTh04MPBPF5NJpu5Z2rMwIOCVex9yk8oWPTIBRmSI/edit,Zero scientific or organizational-independence effect; predecessor manifests preserved
2026-07-27T17:45:00Z,CL-AUD-LSDER025-20260727-01,AUD,DQ-032 synthesis review,Anthropic found zero composition defects and one imported dependency defect; exact body reproduced.,AMEND REQUIRED BY DEPENDENCY / SYNTHESIS SOUND,https://docs.google.com/document/d/1LU4Mxm3Gmh2Vhqsdemt7XDjwnHVE1ZCMMKcTu_YNqwU/edit,One Anthropic lineage; no promotion
2026-07-27T17:45:00Z,CL-AUD-LSDER035-20260727-01,AUD,DQ-029 loop amendment review,Anthropic independently confirmed LS-DER-035 and corrected its prior TB-G3B verdict.,AMENDMENT APPROVED / KAC-RICE CORE PRESERVED,https://docs.google.com/document/d/1FFpIFAKSbpnXYRYa21nxog7GiFqv3gMDusVpy9Hjm3Y/edit,DQ-056 remained separate probability route
2026-07-27T17:45:00Z,LS-DER-036-v1.0,DER,TB-G3B same-maximum loop probability,"Existing LS-DER-023 good event extended to force the opposite branch above b, yielding an exact Palm O(r^3) L_same bound.",SAME-FAMILY CANDIDATE COMPLETE / DQ-057 REVIEW OPEN,https://docs.google.com/document/d/1O-nJXMKUPCcDzrcaaj_Rs2bDRVR8zc3eE4qGSNtkEQ4/edit,"19,633 / SHA 4ee99e81…d6dfe; no promotion"
2026-07-27T17:45:00Z,CL-ARCH-001/002,ARCH,Verification and error-catching architecture,Filed two Claude architecture studies in governance and removed them from Theorem B membership.,REVERSIBLE PACKAGE-HYGIENE REPAIR / ADVISORY,https://docs.google.com/document/d/1EDXGKMLeIew-KIE7rV60zQQArbU7VN-xWINrfivpQ84/edit,Second study: 1_WmqopTHb77NCzQVKzIsYr36C7SbVdTWdygbLnK9HWE
2026-07-27T17:45:00Z,GP-REC-SELFHEAL-20260727-24,SELFHEAL,Stale lease and four-Claude coordination,Took over a completed orphan lease under OP-PROT-013 and preserved all concurrent Claude outputs.,SUBSTANTIVE REVERSIBLE LEASE REPAIR,https://docs.google.com/document/d/1TsBr9xqBTuyQv05IM0zpMb8gvOzlSE5PTLSGhc28Hbg/edit,No associated prior claim; rollback preserved
2026-07-27T17:45:00Z,LS-DER-024/025,STATUS,Direct-object amendment visibility,"Prepended unfrozen notices naming the later amendment, external verdict, and candidate repair; frozen bodies stayed exact.",STATUS-SURFACE REPAIR / BODY IDENTITIES UNCHANGED,https://docs.google.com/document/d/1xixpJVO2YLmp_GooqSNmAWUYF9LHZDEWm8UOOl5EbMk/edit,LS-DER-025 ID 13cP8lczO1VsHOxlmNTj5n2GRAhX38N0UEMbN7jO3vIY
2026-07-27T17:45:00Z,GP-REC-SELFHEAL-20260727-25,SELFHEAL,Four-Claude integration and DQ-056 closure,Integrated four Claude output lines; published LS-DER-036; populated LS-REQ-030; contained dual LS-MAN-044 race through LS-MAN-045; repaired DQ-011/012 and live-claim routing; passed final root/XLSX/claim/lease gates.,SUBSTANTIVE SELF-HEALING AND SCIENTIFIC ADVANCE COMPLETE / LEASE RELEASED,https://docs.google.com/document/d/1fKA-_mjFcBrkwo4Aca4heONVoPrM_VSOIkNf1zP9aEY/edit,LS-MAN-045 current; DQ-057 exact external review open; no promotion or release
2026-07-27T19:15:00Z,GP-REC-SELFHEAL-20260727-27,SELFHEAL,Post-concurrency control-plane reconciliation,Released stale DQ-060 lease by completed-claim predicate; registered missing CLWO visibility; corrected DQ-051 terminal-lane and DQ-057 review status; retained package HOLD.,SUBSTANTIVE REVERSIBLE REPAIR COMPLETE / PACKAGE HOLD / LEASE RELEASED,https://docs.google.com/document/d/1-XsuhC9JcBiVtkKH7XuqEz_b7pIkTuF4Iy8a8YIo908/edit,"No promotion, root, seal, machine, external release, deletion, or independence reclassification"
2026-07-27T18:15:00Z,LS-MAN-044 dual attempts,MAN,Concurrent manifest race,Preserved and renamed two identity-valid LS-MAN-044 attempts whose package predicates were invalidated by concurrency.,AMEND REQUIRED / SUPERSEDED BY LS-MAN-045,https://docs.google.com/document/d/1j8tKJ3ZlOCWaV3Ou0F6UVKvYZ6d9d1Y_v_rplFNQlD4/edit,Claude attempt ID 1kg5mh...; zero credit
2026-07-27T18:15:00Z,LS-MAN-045-v1.0,MAN,Theorem B package integrity,"Published collision-safe same-run successor after four-Claude integration, populated review packet, and dual LS-MAN-044 race.",CURRENT / FINAL 72 CHILDREN / ROOT NONE / SEALED NO,https://docs.google.com/document/d/1fJbcQOpV18vpAWTL8jbJwYQwd1g6NZZSiINTYbEutNg/edit,39 exact objects; zero mismatch or silent skip
2026-07-27T18:50:00Z,OP-PROT-018-v1.0,OP,Cross-line claim safety,Activated exact-title advisory-lane preflight and timestamp/scope arbitration after measured DQ-051 duplicate executor collision.,ACTIVE / DECISION 35 / ZERO SCIENTIFIC EFFECT,https://docs.google.com/document/d/1spt8vVbmIrqhqLlTvqn5hl0Yb5a15afB_Un0ncfI5mU/edit,Bootstrap R16 / autorouter R12
2026-07-27T18:50:00Z,GP-REC-SELFHEAL-20260727-26,SELFHEAL,DQ-051 claim arbitration,Reconciled prior Anthropic advisory lane against later OpenAI official claim; later claimant abandoned and released; outputs preserved.,SUBSTANTIVE REVERSIBLE REPAIR COMPLETE,https://docs.google.com/document/d/1LQi28KyUB9HfBTvaaq2Qizw_xSDv6vfcfPEsI9PHCqU/edit,Package completeness HOLD pending lane terminal state and manifest successor
2026-07-27T18:50:00Z,CL-LANE-DQ-051-ABANDONED-OPENAI-20260727,CL-LANE,DQ-051 deconfliction,Recorded additive abandonment of the later official claimant after prior same-scope Claude lane was discovered.,TERMINAL ADVISORY MARKER / ZERO SCIENTIFIC EFFECT,https://docs.google.com/document/d/1wG3u-I-mSQ64Q4Hqd6ZFOaiv8B1fsrp835dSexEUdPM/edit,Prior Anthropic lane remains active
2026-07-28T01:45:00Z,FS2-ERR-002 / FS2-PCT-002,ERR / PCT,FS2 review-history reconciliation,"Opened the three previously omitted review-corpus objects, retracted false absence/first-review routing, and applied only current evidence-supported deltas.",SUBSTANTIVE REVERSIBLE CONTROL REPAIR / ZERO SCIENTIFIC EFFECT,https://docs.google.com/document/d/1NilMzD4aAWSB5CULrDTyFRttpskK88JlOkIarK7Gn8Q/edit,Decision 37; VUL-016 and PG-12 active; FS2-PCT-001 preserved and never applied
2026-07-28T01:45:00Z,LS-DER-021-REVIEW-002,WO,DQ-023 corrected third-family review route,"Registered the exact review work order with explicit prior Anthropic scope, non-OpenAI/non-Anthropic eligibility, q-integrability challenge, and no-first-review firewall.",OPEN / UNCLAIMED / RELEASE-GATED,https://docs.google.com/document/d/17jWejscjJpJrkml5bXQbWn8nvTeMRwcW_5-V32lJfWU/edit,"Does not promote, restore, seal, or release any theorem"
2026-07-27T19:05:00Z,GP-REC-DQ060-20260727-01,REC,DQ-060 migration and rollback,"Recorded exact evidence, initial prototype defect and repair, final regression results, migration predicates, and additive rollback.",COMPLETE / VERIFIED / LIVE MIGRATION HOLD / LEASE RELEASED,https://docs.google.com/document/d/1BD8WGmHBNaKOlsNatvK7CWVsQ0_BSaAjzWhx7XTgDNM/edit,No Theorem B package impact
2026-07-27T19:15:00Z,GP-REC-SELFHEAL-20260727-28,SELFHEAL,Cross-line collision and package-state reconciliation,"Activated OP-PROT-018, reconciled DQ-051 ownership, corrected DQ-055 to 48 registered active rows, verified XLSX/root, and held current package membership after six later additions.",SUBSTANTIVE REVERSIBLE REPAIR COMPLETE / PACKAGE HOLD,https://docs.google.com/document/d/1qWSF32r7rtMxM98ZlP38TdZ_YFGbdHKzJVikE4sckCI/edit,"No theorem, root, seal, machine, release, deletion, or independence change"
2026-07-27T22:45:00Z,GP-REC-SELFHEAL-20260727-30,SELFHEAL,Task Integrity registered-watch baseline,Reconciled six stale TIG coverage strings from 47 registered rows / 46 PASS to the authoritative 48 rows / 47 PASS / 1 contained HOLD / 0 silent skips.,SUBSTANTIVE REVERSIBLE REPAIR COMPLETE / LEASE RELEASED,https://docs.google.com/document/d/1Aie6W3lTq4RGcdPcDg5XIfbDFNjvIEZ-6gXP6ZgtsLk/edit,No scientific or independence change; LS-MAN-045 remains last completed baseline and current membership remains HOLD
2026-07-28T00:40:00Z,GP-REC-SELFHEAL-20260728-31,SELFHEAL,FS2 carrier and TB-G3B routing reconciliation,"Repointed FS2 to the authoritative raw integrity-gate carrier, recorded raw-carrier policy, restored the LS-DER-024/035/L_same chain, corrected LS-DER-036 object state, and advanced TB-G3B from packet creation to derivation/review routing.",SUBSTANTIVE REVERSIBLE REPAIR COMPLETE / THEOREM B PACKAGE HOLD,https://docs.google.com/document/d/1QfPa02qhZcmHA4rarxGpvCXPpf6sacztl2EkKxTIyRg/edit,"No scientific or independence change; FS2 XLSX 43,740 bytes / SHA 178e00b2…68a36; rollback preserved."
2026-07-28T02:01:00Z,GP-REC-SELFHEAL-20260728-33,SELFHEAL,DQ-051 terminal-lane current-state reconciliation,Replaced stale TIG-DQ-051 text that called a terminal Anthropic advisory lane active; no live claim exists and package/output holds remain unchanged.,SUBSTANTIVE REVERSIBLE REPAIR COMPLETE / LEASE RELEASED,https://docs.google.com/document/d/1BKUfKYWKOSRmpdUGWMmFXsQVQRmeCbDigVEU6TSzDrM/edit,"No scientific, review-credit, root, seal, machine, deletion, or external-release effect"
2026-07-28T04:45:00Z,GP-REC-SELFHEAL-20260728-34,SELFHEAL,My Drive root duplicate reconciliation,"Moved an exact duplicate Copy of FS2-MAP-002 from root into the authoritative FS2 control folder, renamed it noncontrolling, and preserved both objects.",SUBSTANTIVE REVERSIBLE REPAIR COMPLETE / LEASE RELEASED,https://docs.google.com/document/d/1N4QD3vOVcqCFxqB3qkKwMClWCdLDPe9woHm-_Zf1mzI/edit,No content deletion or scientific/package effect; root folders-only readback passed.
2026-07-28T05:34:52Z,GP-REC-SELFHEAL-20260728-35,SELFHEAL,Root DOCX duplicate and Theorem B successor-state reconciliation,Moved two text-identical FS2-MAP DOCX exports from root to FS2/05_MASTER_SETUP as noncontrolling provenance and corrected stale DQ-049/029/032/045/056 successor wording after the DQ-057 verdict.,SUBSTANTIVE REVERSIBLE REPAIR COMPLETE / LEASE RELEASED,https://docs.google.com/document/d/14VQnI_kGUh7Z7rPGBKZCmir-irCfOS2mMbs_kXWLqEQ/edit,No scientific or independence change; package membership remains HOLD.
2026-07-28T06:10:00Z,GP-REC-SELFHEAL-20260728-36,SELFHEAL,OP-PROT-017 control-link current-state policy,Replaced stale bootstrap R15 / autorouter R11 version pin with a version-neutral exact-ID and link-retention invariant while preserving fail-closed behavior.,SUBSTANTIVE REVERSIBLE REPAIR COMPLETE / LEASE RELEASED,https://docs.google.com/document/d/1gyLGn4NllFCwEaUGupqhVf3a2SLYTu6AFjYxZAD93bw/edit,"No scientific, independence, package, root, seal, machine, deletion, or external-release effect"
2026-07-28T06:23:35Z,LS-DER-036-v1.1 / LS-REQ-032-v1.0,DER / REQ,TB-G3B fixed-compact loop repair,Published and hash-sealed the numbered loop successor; proved fixed-compact H5 concentration and preserved the r^5 numerator / r^3 Palm rate; routed exact successor review.,SAME-FAMILY SUCCESSOR COMPLETE / EXACT REVIEW OPEN / NO PROMOTION,https://docs.google.com/document/d/1f_bqwcWGp9sS13-v4qHdzNROKx2hzvAlDTTl-skco-Q/edit,Supersedes LS-DER-036-v1.0 for active use; predecessor preserved
2026-07-28T06:23:35Z,LS-DER-038-v1.0 / LS-REQ-033-v1.0 / DQ-061,DER / REQ / DISPATCH,Corrected compact actual selection and minus-one-third component,Published corrected synthesis using LS-DER-035 plus LS-DER-036-v1.1; labeled coefficient per unit area; displayed whole-torus factor 576; opened exact synthesis review.,CORRECTED SAME-FAMILY SYNTHESIS COMPLETE / DQ-061 OPEN / THEOREM B RETRACTED,https://docs.google.com/document/d/1c8eP9TWsgGoLdm393k7QUATzCH16oCThcuB-SH4IriY/edit,Supersedes LS-DER-025-v1.0 for active synthesis use; prior verdict preserved
2026-07-28T06:45:00Z,LS-DER-039-v1.0 / DQ-062,DER / DIRECT RESEARCH,Global-birth full-kappa near component,Extended corrected selection to arbitrary compact birth/gap windows; derived joint Gaussian decay and an all-b all-kappa integrable majorant.,SUBSTANTIVE REVERSIBLE REPAIR COMPLETE / LEASE RELEASED,https://docs.google.com/document/d/14_m8kQQKOcJ22Cu_L-LQdRM9Lzp9D1o9SR3lke2bpXM/edit,Supersedes LS-DER-026 for active near-component use
2026-07-28T06:45:00Z,LS-DER-040-v1.0 / DQ-063,DER / FULL THEOREM,Global-birth complete finite-torus lifetime density,Proved an integrable all-b far Kac–Rice envelope and recombined the exhaustive near/far partition over every finite H0 bar.,COMPLETE SAME-FAMILY GLOBAL THEOREM CANDIDATE / CANONICAL RETRACTED,https://docs.google.com/document/d/1UnPp4EiC8Jg5-P1hmxwz99YSt121GG6rECFW8fudKHk/edit,Supersedes LS-DER-031 for active full-theorem use; review deferred
2026-07-28T07:05:00Z,LS-DER-041-v1.0 / DQ-064,DER / THERMODYNAMIC EXTENSION,Planar limit of the short-lifetime coefficient,"Proved convergence of normalized periodized covariance jets, contact-limit regression laws, typed determinant expectations, and the specific coefficient c_L to c_infinity.",COMPLETE SAME-FAMILY COEFFICIENT-LIMIT CANDIDATE / NO LIMIT INTERCHANGE,https://docs.google.com/document/d/1nfjEbquPJtszonextxSGd3qDASEdtiW1mZPjXfvPXL8/edit,C_L^tot=L^2 c_L and C_L^tot/L^2->c_infinity; review deferred
2026-07-28T07:25:00Z,LS-DER-042-v1.0 / DQ-065,DER / EXACT COEFFICIENT,Closed-form planar short-lifetime coefficient,"Derived the exact planar pin density, Q~N(-b,2), separated the coefficient integral, and evaluated both factors in closed form.",COMPLETE SAME-FAMILY CLOSED-FORM CANDIDATE / REVIEW DEFERRED,https://docs.google.com/document/d/1kNNV6Z4-2DPG1CcxKoEc3Wn8ZqvV4_sW-6gGHYdh1GA/edit,c_infinity=2^(2/3)3^(5/6)Gamma(1/6)/(54pi^(3/2))=0.07340691930603427103...
2026-07-28T07:55:00Z,LS-DER-043 / LS-DATA-043A/B / DQ-066,DER / DATA / HIGH-PRECISION COMPUTATION,Exact side-24 coefficient reduction and evaluation,"Reduced c_L to one angular integral, uploaded raw source/result, and computed c_24 and its approximately 10^-119 planar correction.",EXACT REDUCTION COMPLETE / HIGH-PRECISION CANDIDATE / INTERVAL OPEN,https://docs.google.com/document/d/1F9_Vwo6UqJYDdP6AJPdiTlDp4Xgm_0qHfIuhIloVmIo/edit,c_24≈0.07340691930603427103; relative planar correction≈-2.18234e-118
2026-07-28T08:15:00Z,LS-DER-044-v1.0 / DQ-067,DER / ANALYTIC ENCLOSURE,Side-24 periodization correction bound,Propagated explicit image-tail derivative bounds through covariance inversion and the coefficient integrand to prove |c_24-c_infinity|<10^-100 at candidate-proof level.,COMPLETE SAME-FAMILY ANALYTIC ENCLOSURE / CORRECTION SIGN OPEN,https://docs.google.com/document/d/1oShMAD3rylV0AeMPvuVdEq_5CMmhN5uknz7WFAkClUE/edit,Confirms at least 98 decimal places; 10^-119 sign remains high-precision candidate
2026-07-28T08:45:00Z,LS-DER-045 / LS-DATA-045A/B / DQ-068,DER / DATA / SYMBOLIC AUDIT,First periodization correction and negative side-24 sign,"Re-derived the planar algebra, audited compact exhaustion, computed exact angular sensitivities, and proved the leading finite-L correction with a negative side-24 interval.",DOUBLE-CHECK PASS / NEW ANALYTIC THEOREM / SIGN GATE CLOSED,https://docs.google.com/document/d/1LzM9tfmG_nrl_3X0ewIlx-4ZLGwR0RyiSjC2VtDsD8U/edit,Explains the prior 220-digit correction and supersedes LS-DER-043/044 sign-open status; canonical theorem unchanged
2026-07-28T11:45:00Z,LS-DER-046-v1.0 / DQ-069,DER / STRUCTURAL SYNTHESIS,Hidden fold dimension cancellation,"Re-read the closed chain and identified the omitted r^(2-d) critical-pair contact factor; proved exact cancellation with r^(d-1)dr, leaving universal r dr.",COMPLETE SAME-FAMILY STRUCTURAL THEOREM / OLD LOCAL HEURISTIC SUPERSEDED,https://docs.google.com/document/d/1cHLoLpC3BWItp6V64bXl4K72eY4zKRcn5jvTljNC-ho/edit,Explains why the 2D proof worked and predicts the same generic-fold exponent conditionally in every dimension.
2026-07-28T11:45:00Z,LS-DER-047 / LS-DATA-047A/B / DQ-070,DER / DATA / GOE REDUCTION,Arbitrary-dimensional BF fold coefficient,"Reduced the coefficient to a GOE_(d-1) integral, recovered d=2 exactly, and evaluated the d=3 all-typed local fold coefficient in closed form.",COMPLETE SAME-FAMILY DIMENSIONAL COEFFICIENT ADVANCE,https://docs.google.com/document/d/1OkjV48oHK1o1BsZQVyLWd7PRFGltbVfrcazKeM9vOD4/edit,c3=0.04177593184059834334...; d=3 elder-rule selection remains open.
2026-07-28T11:45:00Z,LS-DER-048 / LS-DATA-048A/B / DQ-071,DER / DATA / SPECTRAL-MOMENT COLLAPSE,Two-invariant isotropic 2D coefficient law,"Kept the covariance moments symbolic and proved exact cancellation of Delta and separate m4 dependence, leaving c proportional to Omega^(2/3)/a^(5/3).",COMPLETE CONDITIONAL FIELD-CLASS COEFFICIENT THEOREM,https://docs.google.com/document/d/1dNRfCAwzgEW1S_4gpR94C3Y-97lP-oq4SqwxqaH1PEQ/edit,Recovers Bargmann-Fock and gives a monochromatic local coefficient; arbitrary-field selection remains separate.
2026-07-28T11:45:00Z,LS-DER-049-v1.0 / DQ-072,DER / SHARP SPECTRAL INEQUALITY,Radial moment law and monochromatic minimizer,"Rewrote the isotropic coefficient using M2,M4,M6, proved automatic positivity of the contact determinants, and established B_fold>=1 with equality exactly for a single spectral ring.",COMPLETE SAME-FAMILY EXTREMAL THEOREM,https://docs.google.com/document/d/1cMMY8kt3tRPLnZMAEpRZ4h0tsA9WDebU7UUkvbQH6xE/edit,"At fixed gradient scale, spectral bandwidth increases the local fold coefficient; selected persistence comparison remains open."
2026-07-28T07:34:00Z,GP-REC-SELFHEAL-20260728-39,SELFHEAL,Registered watch baseline reconciliation,"Corrected stale 48/50-row current-inventory text in TIG-DQ-034, TIG-DQ-043, and TIG-DQ-054 to the authoritative 52 / 51 PASS / 1 HOLD / 0-skip baseline.",SUBSTANTIVE REVERSIBLE CONTROL-PLANE REPAIR COMPLETE / LEASE RELEASED,https://docs.google.com/document/d/16Jr4WG8BIH8ZLnvnDxjztrPstlZvHNJ6fEBqaHxa3Nc/edit,"No scientific status, historical completion, package membership, or independence change"
2026-07-28T08:30:00Z,GP-REC-SELFHEAL-20260728-40,SELFHEAL,Post-activation task and identity coverage,"Restored DQ-062–068 intake/TIG rows, added eleven active identity watches, corrected LS-DATA-043A/B byte-count metadata from fresh raw downloads, and reconciled DQ-055 to 63 active / 62 PASS / 1 HOLD.",SUBSTANTIVE REVERSIBLE CONTROL-PLANE REPAIR COMPLETE / LEASE RELEASED,https://docs.google.com/document/d/19D5pahWTMBvY0g4TbM0j8Nbz6s1PSUbCpua0pWPiqac/edit,Historical completions preserved; package membership remains HOLD; zero scientific or independence effect.
2026-07-28T12:15:00Z,LS-DER-050-v1.0 / DQ-073,DER / ALL-DIMENSION FIELD-CLASS SYNTHESIS,Birth-integration collapse and universal isotropic matrix law,"Recognized that integrating birth height removes conditioning on f, derived Q|H_tt=0 as a universal GOE-plus-scalar matrix, and proved the arbitrary-d coefficient and monochromatic minimizer.",COMPLETE SAME-FAMILY ARBITRARY-DIMENSION THEOREM / REVIEW DEFERRED,https://docs.google.com/document/d/1EtRdisTnDIm7mVIRJEafAcT7_svWqIc81kF77vGJ5ns/edit,Recovers the 2D two-invariant law and exact 3D BF constant; selection in d>=3 remains the main open front.
2026-07-28T13:30:00Z,LS-DER-054-v1.0 / DQ-077,DER / COMPLETE SPECTRAL MOMENT RANGE,Fixed-bandwidth coefficient half-line and constant-mode extremizer,"Reconciled the concurrent identity collision, retained the frozen mathematical body, solved x>=1,y>=x^2 exactly, and classified every coefficient above the lower boundary.",COMPLETE SAME-FAMILY SHARP RANGE THEOREM / IDENTITY RECONCILED / REVIEW DEFERRED,https://docs.google.com/document/d/15tFyqI7TrYXquACBPS0-2lh2VIPrwWVrB6u1Yp3dMFU/edit,Authoritative identity is LS-DER-054/DQ-077; LS-DER-051/DQ-074 belongs to the dimension-portable elder-selection theorem; body hash unchanged.
2026-07-28T13:15:00Z,LS-DER-052 / LS-DATA-052A/B / DQ-075,DER / DATA / EXACT UNIVERSAL MATRIX CONSTANT,Exact D3 and four-dimensional fold coefficient,"Diagonalized the positive GOE_3 eigenvalue cone, reduced it to a rational triangle integral, evaluated D3 exactly, and obtained the closed d=4 Bargmann-Fock coefficient.",COMPLETE SAME-FAMILY EXACT HIGHER-DIMENSION ADVANCE / REVIEW DEFERRED,https://docs.google.com/document/d/1xZ9OPasBfCgPjNFMdJu54j8KyAQBmkWiKb5OFfk8Ylg/edit,D3=4(50π-50atan3-57)/(9π); c4_BF=0.02332166600295283509...; selection in d=4 remains open.
2026-07-28T13:30:00Z,LS-DER-051-v1.0 / DQ-074,DER / DIMENSION-PORTABLE SELECTION,General-dimensional elder-selection cubic law,Generalized the selection architecture to arbitrary dimension and isolated field-specific triple-contact interfaces; LS-DER-053 now closes the repaired d=3 Bargmann–Fock interface and global mark integration.,COMPLETE CONDITIONAL SAME-FAMILY THEOREM / d=3 BF SUCCESSOR CLOSED / REVIEW DEFERRED,https://docs.google.com/document/d/11uzE6vUqQVmkIZh4b3ywtK08TOW-uAJuDo6mkK5KJrI/edit,"Conditional all-d 1-p_r=O(r^3); outside d=3 BF, G5/G6-type verification remains field-specific."
2026-07-28T13:30:00Z,LS-DER-053 / LS-DATA-053A/B / DQ-076,DER / DATA / d=3 TRIPLE-CONTACT CLOSURE,Three-dimensional Bargmann–Fock compact selection and fixed-torus first-moment law,"Verified the exact collar and singular-near covariance charts, repaired the anisotropic hard-complement determinant envelope, proved compact elder selection, and supplied all-mark domination.",COMPLETE SAME-FAMILY d=3 FIXED-TORUS THEOREM CANDIDATE / REVIEW DEFERRED,https://docs.google.com/document/d/1mPDX9Z9PEZfdbewg5u3HxL2T4e3SBFh1Ue0-EOTF4us/edit,"Frozen body 16,328 bytes / SHA-256 e3b39be1e1bc402131613c351456d050badd16ee563e03319331fbd2a1894594; no exact finite-L coefficient or infinite-volume process asserted."
2026-07-28T13:30:00Z,IDENTITY-RECONCILIATION — LS-DER-051 / LS-DER-054,OPS / ARTIFACT IDENTITY REPAIR,Concurrent theorem-number collision resolved,Preserved the elder-selection theorem as authoritative LS-DER-051/DQ-074 because LS-DER-053 depends on it; renumbered the fixed-bandwidth theorem to LS-DER-054/DQ-077 without changing its frozen body.,COMPLETE / NO MATHEMATICAL CONTENT LOST,https://docs.google.com/document/d/15tFyqI7TrYXquACBPS0-2lh2VIPrwWVrB6u1Yp3dMFU/edit,"Registry, frozen-object ledger, dispatch queue, and document title/header reconciled."
2026-07-28T14:00:00Z,LS-DER-055 / LS-DATA-055A/B / DQ-078,DER / DATA / UNIVERSAL FINITE-SIZE RESPONSE,Rotational projection and arbitrary-dimensional first periodization correction,"Proved that the coefficient first variation sees only radialized jet moments, derived P_d(L)e^(-L^2/2), recovered the exact d=2 theorem, and obtained the d=3 side-24 leading scale.",COMPLETE SAME-FAMILY UNIVERSAL CORRECTION THEOREM / REVIEW DEFERRED,https://docs.google.com/document/d/14tyYfiz3L-GmVM7hU0X8sxnY78zwA5H6udq4fCewn-Y/edit,d3 L24 relative leading term -1.4862170290e-118; exact finite-L coefficient and certified interval remain open.
2026-07-28T16:30:00Z,LS-DER-060 / LS-DATA-060A/B / DQ-083,DER / DATA / EXACT d3 CONE COLLAPSE,Gaussian negative-definite cone reduced to spectral one-angle formula,Used centered cone symmetry and Sylvester inertia to replace the inner indicator-weighted S2 integral by a smooth one-dimensional formula depending only on eigenvalues of Gamma H.,COMPLETE SAME-FAMILY EXACT REDUCTION / REVIEW DEFERRED,https://docs.google.com/document/d/1Dsme7wIbziEojONwKgcQgSYpUu5M1MlqPdZUXySRsT4/edit,Planar specialization exactly recovers D2=29/6-sqrt(6); next front is direct high-precision side-24 outer quadrature.
2026-07-28T17:00:00Z,LS-DER-061 / LS-DATA-061A/B / DQ-084,DER / DATA / DIRECT d3 SIDE-24 EVALUATION,Exact full finite-L coefficient evaluated directly at 280 digits,"Executed the LS-DER-060 indicator-free formula through four nested quadrature orders, reproduced the exported source, and independently passed both LS-DER-059 intervals.",COMPLETE SAME-FAMILY DETERMINISTIC EVALUATION / MACHINE INTERVAL OPEN,https://docs.google.com/document/d/1R2D5vULqDDB7MrNaDnMs5fm3BCXzhUI1U7r8-eP53AM/edit,Relative correction -1.4862170290658276...e-118; full-minus-first-image about -7.52e-237; next front is directed-rounding interval or independent reconstruction.
2026-07-28T17:30:00Z,LS-DER-062 / LS-DATA-062A/B / DQ-085,DER / DATA / DUAL REPLAY AND RATIONAL CERTIFICATE,Poisson-dual coefficient reconstruction and exact rational relative interval,"Rebuilt the sixth jet through the Fourier lattice, reran the coefficient through the dual moments, stress-tested the cone formula at extreme anisotropy, and enclosed exp(-288) with exact Fractions.",COMPLETE SAME-FAMILY DUAL RECONSTRUCTION / REVIEW DEFERRED,https://docs.google.com/document/d/17LDS58MeCy3JpzJ62-ESf6oklVp3OthksokQkBpDWFY/edit,Moment and coefficient routes agree beyond 200 digits; rational full-relative interval width about 2e-170 conditional on LS-DER-059.
2026-07-28T17:30:00Z,LS-REQ-034 / DQ-086,REQ / CLAUDE ADVERSARIAL REVIEW HANDOFF,Compressed exact-hash review capsule prepared,"Reduced the review to six authoritative objects, the earliest-failure ordering, equation-level checks, known weaknesses, and a strict terminal-verdict format.",READY / REVIEW NOT YET EXECUTED / ZERO INDEPENDENCE CREDIT,https://docs.google.com/document/d/1kx8pjm_g0-bX02tgVVbuUGNYRvv8dSdcbN0o0k-byQ8/edit,Use when Claude token budget is strategically available; do not broaden or summarize.
2026-07-28T17:15:50Z,CL-AUD-LSDER062-20260728-01 / DQ-086,AUD / ANTHROPIC ORGANIZATIONALLY DISTINCT REVIEW,d3 fixed-torus chain returned AMEND REQUIRED,"Independent reconstruction found a 25–68 digit precision overstatement, an unproved periodized transfer, and an unstated upper covariance bound.",COMPLETE EXTERNAL REVIEW / AMEND REQUIRED / NO HASH REPRODUCTION,https://docs.google.com/document/d/1pQ3I6EmcWwYzRAHegn9_aLwZ0m7UKa5ibqFTGDC_4CU/edit,Core local chain survives; exact rational endpoints reproduced.
2026-07-28T18:00:00Z,LS-DER-063 / LS-DATA-063A/B / DQ-087,DER / DATA / PRECISION AND SCOPE REPAIR,Claude precision finding reproduced and repaired,"Reran at 400 digits with Nphi64, added inertia and precision-budget assertions, matched the independently certified 280-digit value, and narrowed citation scope.",COMPLETE REPAIR SUCCESSOR / TWO ANALYTIC DEBTS OPEN,https://docs.google.com/document/d/1lCn-ozVPnLQTFdDmoDRpU1tViXT0900Bx5XosYrGcck/edit,DQ-088 periodized transfer and DQ-089 analytic remainder proof are next.
2026-07-28T20:45:00Z,LS-DER-064 / LS-DATA-064A/B / LS-DER-068 / LS-DATA-068A/B,DER / DATA / ANALYTIC REMAINDER REPAIR,Coefficient Hessian and exact image-tail remainder closed,"Issued explicit covariance and derivative bounds, then supplied an exact Fraction ledger for the six-nearest-image jet remainder and induced coefficient error.",COMPLETE SAME-FAMILY REPAIR / TARGETED EXTERNAL REVIEW OPEN,https://docs.google.com/document/d/1atWXw4HbMwvdZplVtDLaxwyDqJ_uRmH0TKuZU_r_t4c/edit,Jet remainder <1e-230; induced relative error <1e-210; analytic epsilon bound <1e-180.
2026-07-28T20:45:00Z,LS-DER-065 / LS-DER-066 / LS-DER-067,DER / PERIODIZED TRANSFER / GLOBAL SPECTRAL G7,Side-24 persistence-identification repair and scope correction,"Separated local structural chart stability from global fixed-distance nondegeneracy, proved the latter from complete Fourier support, and repaired the derivative-basis condition.",SIDE24 CLOSED SAME-FAMILY / GENERAL FIELD-CLASS NARROWED / EXTERNAL REVIEW OPEN,https://docs.google.com/document/d/1B38TjSqelkOa9TBk4pOkUs2wLCx4gDbzIiKidKFuD6w/edit,LS-DER-067 is the controlling side-24 global-transfer candidate.
2026-07-28T20:45:00Z,LS-REQ-036 / DQ-093,REQ / TARGETED ANTHROPIC AMENDMENT REVIEW,Compressed successor review packet ready,Targets LS-DER-064/068 analytic remainder and LS-DER-067 global selected-persistence transfer; preserves known survivors and exact output requirements.,READY / ZERO CREDIT UNTIL ANTHROPIC VERDICT,https://docs.google.com/document/d/1ozLVYf08I9cyxmprdm8J0F201SBeV-hN1Ma_UsCUXHo/edit,Supersedes LS-REQ-035; use after Claude budget resets.
2026-07-28T20:55:00Z,LS-DER-069 / DQ-095,DER / CONDITIONAL-MOMENT G7 REPAIR,Density inversion separated from Hessian determinant moments,"Identified and repaired a potential enlarged-covariance overclaim; only the pair-plus-remote value-gradient density block is inverted, while Hessians use bounded Gaussian regression.",COMPLETE SAME-FAMILY REPAIR / EXTERNAL REVIEW OPEN,https://docs.google.com/document/d/1wt3BBJacWAh6CVs4E7UcX-CIxHLfDiGtcGN8V7oKqnA/edit,Mark injectivity and the all-mark Gaussian envelope are now explicit.
2026-07-28T21:00:00Z,LS-REQ-037 / DQ-096,REQ / FINAL TARGETED ANTHROPIC REVIEW,Exact successor review capsule frozen,Consolidated LS-DER-064/068 and LS-DER-065/067/069 into one immutable amendment-review target with equation-level attacks and citation-scope verdicts.,READY / ZERO CREDIT UNTIL VERDICT,https://docs.google.com/document/d/1KGpfr5lWfTq7evVi2_inA0qIrA9TPnsu4GlBddRhsWo/edit,Supersedes LS-REQ-036; execute after Claude usage reset.
2026-07-28T21:20:00Z,LS-DER-070-v1.0 / DQ-097,DER / PERIODIC FIELD-CLASS PERSISTENCE,Full-spectrum near-BF selected persistence theorem,"Combined local collision-chart robustness with global full-spectrum derivative-distribution positivity, proving G1–G7, all-mark domination, far O(1), and coefficient continuity for a nontrivial class of d3 periodic Gaussian fields.",COMPLETE SAME-FAMILY FIELD-CLASS THEOREM / REVIEW DEFERRED,https://docs.google.com/document/d/1Un_mjMFDYlj8EUbSCbL0VfmBvVgESyOcLzUoxUHTrhQ/edit,Extends side-24 from an isolated covariance to a full-spectrum local-BF neighbourhood; DQ-096 and canonical status unchanged.
2026-07-31T00:03:27Z,GP-AUD-EC019-PATHB-20260730-v1.0 / EC-019 / AD-009,AUD / EXACT REPLAY / MATHEMATICAL CLOSURE,EC-019 fixed-r Path-B package-integrity gate discharged,"OpenAI downloaded and hashed the exact Anthropic successor source and gzip result, inspected the complete source against GP-SPEC-166, executed it cleanly, reproduced the 30,800-byte result byte-identically, confirmed 19/19 margins, 5/5 controls, 9/9 mutations, and executed AD-009 AUTO-YES.",PASS / EC-019 TERMINAL AT EXACT r=1/20 SCOPE,https://docs.google.com/document/d/1jfhA9_Wxckmla5F4732upP6pnLKH4eNNH-IjAj4EbP4/edit,"Zero additional mathematical-independence credit; original Anthropic A-line remains the sole qualifying route. No numerical, uniform-r, P0.1/P0.2, Theorem B, root, seal, deletion, or release effect."
2026-07-31T00:19:37Z,GP-AUD-EC020-PREFLIGHT-20260730-v1.0 / EC-020 / DQ-027,AUD / ZERO-CREDIT PACKAGE PREFLIGHT,TRC-EC020-v0.4 derived carriers,"Reconstructed three exact carrier payloads, GP-DATA-233 source/receipt, GP-DATA-178 identities, nine leaves, live links, predecessor topology, and ten hostile controls; found three title-only mismatches.",TECHNICAL PASS WITH NONMATERIAL FINDINGS / QUALIFYING DQ-027 REVIEW STILL OPEN,https://docs.google.com/document/d/1XO99-nO6riOirZdh1wbmGsS0oXY6cDtcIZ9pShTRdIA/edit,"Zero organizational-independence credit. No root, seal, theorem promotion, deletion, machine replacement, or release."
2026-07-31T00:24:08Z,GP-CLS-P01G-20260730-v1.0 / P0.1-G,CLS / DOMAIN-G SUBLEMMA CLOSURE,Exact full-field Gaussian/Palm normalizer,Reconciled the previously unrecorded CL-AUD-231 exact-hash G1–G9 approval; added review/evidence/closure/transition records and removed the stale P0.1-G review-pending queue item.,CLOSED / G0 TRUE / OVERALL P0.1 REMAINS HOLD,https://docs.google.com/document/d/1k_8PG_4Aygwk6mrXp8dMec_peVKev2yvY9L63hQIgyo/edit,"One Anthropic-lineage credit only; no numerical constant, PZ0/N1, D/T/I, integrated theorem, root, seal, deletion, or release effect."
2026-07-31T00:28:36Z,P02-AUD-009-011-v1.0 / P02-LM-009 / P02-LM-011,AUD / QUEUE RECONCILIATION,Latest-object and mathematical state,Verified no successor carriers; registered exact LM009 and LM011 identities; synchronized the stale queue rows to the July 30 controlling graph and current external routes.,SAME-LINE PASS / EXTERNAL GATES RETAINED / NO PROMOTION,https://docs.google.com/document/d/1ieEBYEfZgamxI48R-72BJ-M8F1QqDMcPtK2ev8rUt0M/edit,LM009 remains one exact-hash external verdict from closure. LM011 remains staged after seven open component interfaces plus its own final exact-hash verdict.
2026-07-31T00:35:27Z,DQ-059 / GP-REC-DQ059-20260730-v1.0,OPERATIONS / SANDBOX FALSIFIER,OP-PROT-017 converting-upload blank-line behavior,"Preregistered a 199-byte marker body with two empty lines, converted it to Google Docs, re-exported it, and measured a 201-byte body with four empty lines.",PASS / DQ-059 COMPLETE / C1 UNCHANGED / NO SCIENTIFIC EFFECT,https://docs.google.com/document/d/102ig6n5VAWJpWXfFDRo6t4XnRSh3zPHwVlToXLWZgtQ/edit,"Directly supports the blank-line expansion mechanism behind rule C3. No theorem, review, package, root, seal, release, or protocol-promotion effect."
2026-07-31T01:00:38Z,DQ-058 / LS-DER-023-v1.1 / LS-MAN-046,OPERATIONS / SOURCE IDENTITY / PACKAGE INVENTORY,Bind parameter windows inside LS-DER-023 hash and reconcile current package membership,Created v1.1 and review request; exact crosswalk; hashed 197/197 Docs; two folders; final 200 children; root zero loose Docs.,SOURCE REPAIR PASS / EXTERNAL REVIEW OPEN / XLSX PASS / NO PROMOTION,https://docs.google.com/document/d/1aMBHHO1KRDLWY0tWx4MFhRfYMbeCGX48JW8x3emuEaQ/edit,Theorem B retracted; root NONE; sealed NO; one title collision disclosed.
2026-07-31T01:12:57Z,DQ-057 / LS-DER-036 review collision / GP-REC-LSDER036-COLLISION-20260730-v1.0,OPERATIONS / OBJECT IDENTITY / LINEAGE CONTROL,Resolve two same-title review objects and duplicate CL-CLWO-20260727-07 stable key,Confirmed earlier 1zMq object controls predecessor verdict; later 1AcC is supplemental same-lineage evidence; installed compound register keys and no-transfer relation to v1.1.,PASS / ONE PREDECESSOR CREDIT / V1.1 EXTERNAL REVIEW OPEN,https://docs.google.com/document/d/1M7hnq2ArN7HHDkWUullYk7UsVrepRe1Li9hdJd0V1uY/edit,"No Drive title, package membership, theorem body, or manifest change; LS-MAN-046 remains current."
2026-07-31T01:26:45Z,DEF-LSDER034-TOKENS / OP-PROT-017-SUP-A/B / DEF-LSDER024-NOTICE,OPERATIONS / REGISTER METADATA / CURRENT-OBJECT REPLAY,Repair LS-DER-034 extraction-rule spelling and bind omitted protocol supplements,Fresh exports reproduced all four current objects; corrected INTERP to INTERPOLATION; bound SUP-A/B; verified LS-DER-024 amendment notice and unchanged body.,PASS / TOKEN DEFECT CLOSED / NOTICE NO-CHANGE / ZERO SCIENTIFIC CREDIT,https://docs.google.com/document/d/1Zjxn0Ak01csZA7h48RGJztvgZ2o9fZOsg6b9sSwpRHc/edit,"No theorem document, package membership, root, seal, release, or external-review status changed."
2026-08-02T12:11:37Z,GP-DER-118-v1.10 / GP-DATA-237 / LS-CTL-003-v1.1,DER/DATA/CTL/OPR,P0.1 §5 endpoint-Hessian post-ratification integration,"Published the 29,293-byte frozen successor at SHA 9b7901e1…f014; incorporated the ratified endpoint-Hessian lemma and full three-route/three-family evidence chain; flipped only N0.",§5 CLOSED / RP-C-RP-S AND PACKAGE HOLD / NOT PROMOTED,1qc6ep2S4PIoPMEWDsdDQI1dr0LOwJiK9; 1lDx73Dp3NSXAI7SYaUAopFYha4QZn-DO,Historical v1.9 and all non-§5 booleans preserved
2026-08-02T16:10:54Z,AO48-OPR-045 / GP-SIDE24-CTL-001-v1.0,OPR/CTL/REG,SIDE24 3D RP-C/RP-S post-ratification fold,Recorded operator ratification of RP-C and RP-S and moved the SIDE24 theorem status from HOLD to RATIFIED-AT-STATED-SCOPE; landed byte-frozen raw and native status surfaces plus closure register R2.8.,SIDE24 3D RATIFIED-AT-STATED-SCOPE / q0 P0.1 UNCHANGED,AO48-OPR-045 Drive 1MfA94SaoYpnnAs7HYLNvowG9EHIR3Opk; status fold Drive 1U8tFvVjqXjXO8Eih_SEUgy8AGBOJC_wp,Supersedes SIDE24 HOLD/OPEN status only; preserves all q0/P0.1 booleans and HOLD gates.
2026-08-02T16:39:29Z,GP-SIDE24-THM-001-v1.0,THM / EXPORT / FREEZE,SIDE24 theorem package post-ratification publication,Published self-contained theorem/proof-chain/correction-ledger package as byte-frozen MD/DOCX/PDF plus separate freeze receipt; imported and visually verified a native Google Doc review copy; indexed all raw identities.,RATIFIED-AT-STATED-SCOPE / RAW+NATIVE QA PASS / DIRECT KIMI RAW TEXTS LANDED,https://drive.google.com/file/d/1YL4trMlYg55uowYj9ay-suvnwkXcBJXH/view,AO48-OPR-045 controls; q0/P0.1 and blind d^3/48 result unchanged.
2026-08-02T16:50:00Z,GP-REC-E0-CONVERSION-READINESS-20260802-v1.0,REC / IDENTITY / HANDOFF,q0 E0 exact-hash conversion readiness,"Freshly re-exported GP-DER-197 and reproduced its declared 13,797-byte / 035d…85d4d marker body; published an exact outside-line R6 handoff plus raw and native review carriers.",IDENTITY PASS / E0 REMAINS FALSE / QUALIFYING OUTSIDE-LINE R6 SUPPLEMENT OPEN,https://drive.google.com/file/d/1siQ47XvJ6sTa2KoUHRUuLDLGgoV21ckK/view,"Zero independence credit; E2, FOUNDATION, A0, eligibility, and promotion unchanged; blind d^3/48 result untouched."
2026-08-02T17:35:00Z,KIMI-AUD-006 / KIMI-AUD-006b / KIMI-DER-006,AUD / DIRECT CARRIER / DERIVED,SIDE24 Task-7 audit chain and blind d7 mechanism,"Landed all 13 Kimi reports as raw Drive carriers, created content-complete native mirrors for 006/006b, archived the received snapshot, froze a direct manifest and receipt, and reconciled Task 6 as d7 DERIVED.",DIRECT CARRIERS LANDED / APPROVE CHAIN CONFIRMED / d7 DERIVED / THEOREM STATUS UNCHANGED,https://drive.google.com/drive/folders/1QKutKeb7NugsKGbGYYR1YV8UqdtgmPWn,AO48-OPR-045 remains controlling; q0/P0.1 unchanged; raw reports control; 13/13 post-upload byte equality recorded in Drive 1GdMJAcOS_iGXkT1FlDRGg-jqKEVnJ51f.
2026-08-02T19:11:03Z,LS-CTL-003-v1.2 / AO48-AUD-049/050,CTL / AUD / BOOLEAN OVERLAY,q0 P0.1 Round 6 fold,"Flipped N1,D0,I0 TRUE; APPLICATION TRUE; FOUNDATION residual E0∧E2; preserved every other Boolean and the package HOLD.",APPLICATION TRUE / FOUNDATION FALSE / P0.1 HOLD,,
2026-08-02T19:11:03Z,S2-LS-TBG1-M1-ETA-ADJACENCY-AMENDMENT-v1.0 / AO48-AUD-051,DER / AMENDMENT / STATUS ANNOTATION,S2 Thm 5.1 Borel repair and typed-to-adjacent transfer,Replaced the failed wall-continuity step by indicator×continuous-atom Borel decomposition; registered mandatory eta_r with audited 14–24% mismatch.,AMENDMENT LANDED / AO48-OPR-045 NOT REOPENED,,
2026-08-02T19:11:03Z,ROUND67_ANNEX_SHA256SUMS / E2 conversion readiness,REC / BYTE ANNEX / HANDOFF,q0 E0/E2 exact bodies and replay material,"Published 25 hash-bound payload files plus checksum ledger; Drive fetchback matched 26/26; exact 13,797-byte GP-DER-197 and 8,928-byte LCR-DER-061 bodies landed.",BYTE IDENTITY PASS / E0-E2 STILL FALSE,,
2026-08-02T19:25:00Z,SIDE24_EIGENFLOOR_FROM_KERNEL_INDEPENDENT_2026-08-02,AUD / FROM-KERNEL DERIVATION / NEGATIVE PROVENANCE,SIDE24 contact eigenfloor and V3.3 carried dependency,"Derived exact contact pin floor and both generic/singular Schur laws from Gaussian moments; transferred the local side-24 floor; 29/29 fail-closed, normal/-O identical, mutation rejected; historical archive remains absent.",SUBSTANTIAL INDEPENDENT DERIVATION / ARCHIVE COMPLETENESS FENCED,,
2026-08-02T19:11:03Z,KIMI Round 6+7 verbatim-carrier availability,REC / NEGATIVE PROVENANCE,"KIMI-AUD-012/013/014, KIMI-DATA-015, KIMI-AUD-016",Confirmed 006/006b direct carriers; exact 012–016 report bytes were not present in the supplied snapshot or Drive; preserved AO48 summaries as summaries.,MISSING BYTES RECORDED / NO FABRICATED VERBATIM CARRIERS,,
2026-08-02T19:32:00Z,ROUND6_7_CONTROL_FOLD_RECEIPT / DRIVE_CARRIER_MANIFEST,REC / MANIFEST / NATIVE MIRRORS,Round 6+7 final handoff,Published byte-frozen receipt and 52-row carrier manifest; created native Doc/Sheet mirrors; raw receipt and manifest fetched back at exact hashes.,FROZEN / NATIVE READBACK PASS / P0.1 HOLD,,
2026-08-02T19:32:00Z,E2_CONVERSION_READINESS_LANDING_ADDENDUM,REC / POST-UPLOAD ADDENDUM,E2 exact-byte handoff,"Bound the landed 8,928-byte LCR-DER-061 body and exact GP-DATA-214 coefficient table to Drive IDs; synchronized the native readiness mirror.",CONVERSION-READY / E2 FALSE / NO PROMOTION,,
2026-08-03T23:18:34Z,LS-CTL-003-v1.3 / KIMI-AUD-020/021 / AO48-AUD-056/057,CTL / AUD / BOOLEAN OVERLAY,q0 P0.1 FOUNDATION fold,Flipped E0 and E2 TRUE at exact byte-bound scopes; FOUNDATION now TRUE; APPLICATION remains TRUE; every other Boolean preserved.,FOUNDATION TRUE / APPLICATION TRUE / INDEPENDENCE FALSE / P0.1 HOLD,https://drive.google.com/file/d/1W0Ta8KGdUmvNfzbm0S-8gzXON_cVawuQ/view,B0 evidence is assessed separately; no theorem promotion and no frozen proof-body edit.
2026-08-03T23:18:34Z,LS-B0-FOLD-ASSESSMENT-v1.0,CTL / REC / ASSESSMENT,q0 B0 third-family bundle,"Confirmed one Kimi lineage supplies affirmative PZ0, I0, and D0 verdicts and AO48 reconciliation; recorded the formal control boundary.",B0 EVIDENCE SATISFIED / BOOLEAN UNCHANGED / FOLD-READY,https://drive.google.com/file/d/1VYvgwgUBVJT4oSD1rdV2dyVPN5QkQjZm/view,Explicit LS-WO/CLWO binding acknowledgment and atomic overlay transition still required.
2026-08-03T23:18:34Z,S2-LS-C2-ADVISORY-v1.1 / run 28,DER / REC / ADVISORY,S2/LS adjacency-mark measurability,Routed the compact-open/rational-time repair route; separated M1 from C2 and preserved the missing typed generic crosswalk as an explicit obligation.,C2 ROUTED / CROSSWALK PENDING / NOT CLOSED,https://drive.google.com/file/d/1zp3_oArSUcn7T8_-3MR7p4rzDNSH0YjI/view,Frozen S2/LS bodies unchanged; AO48-OPR-045 not reopened.
2026-08-04T17:11:11.160Z,GP-LB-REC-001,REC / AUD / INTAKE,SIDE24 q0 LB-RATE,Landed and independently replayed the Kimi LB campaign; separated normalized/original identities and recorded load-bearing defects.,LOWER BOUND HOLD / NO BOOLEAN CHANGE / AO48-OPR-045 UNAFFECTED,https://drive.google.com/file/d/1FtRtsCKPaJcmWDjKakUJjN3u8QEq8RZO/view,Raw SHA e875ea17… controls native mirror
2026-08-04T17:11:11.160Z,GP-LB-ERR-001 / C031,ERR / APPEND-ONLY AMENDMENT,C031 LB-RATE ledger,"Registered the provisional R2 denominator correction, withdrew the zone-wide bare-value-kill language, and reopened WP.",FROZEN C031 BYTES UNCHANGED / AMENDMENT ACTIVE,https://drive.google.com/file/d/1lHZZpZuD9oODg0RxTW61224Fy3-j6j_R/view,Applies to both C031 lineage copies; no theorem closure
2026-08-04T17:11:11.160Z,GP-LB-WO-001,WO / RE-DERIVATION,WP rigidity-zone channel,Opened a uniform exact-object Kac-Rice re-derivation after the delivered subintegral exceeded the claimed total and the checker omitted a required square root.,OPEN / LOAD-BEARING / KIMI-THM-023 HOLD,https://drive.google.com/file/d/1GqOdLd4QLmvMvLi6IZmWBX8nmgyemWRo/view,No Boolean change; independent replay required
2026-08-04T17:16:02.907Z,GP-LB-REC-002,REC / READBACK,LB-RATE Drive landing,"Verified folder inventories, exact sizes for all raw carriers, exact SHA readback for seven key objects, native mirror and register readbacks.",DRIVE LANDING VERIFIED / NO CANONICAL IMPACT,https://drive.google.com/file/d/1BMcvQudjzoVmo7_pipVcw5HlOd6GJhZO/view,Closes landing-integrity step only; theorem remains HOLD.
2026-08-04T21:39:52.447Z,AO48-AUD-062 / KIMI 08-03 EXPORT / KIMI-AUD-022,REC / CUSTODY / BYTE LANDING,SIDE24 q0 LB-RATE,"Registered the complete 140,956-byte 08-03 Kimi concatenation as two verified parts, the actual KIMI-AUD-022 bytes, and AO48’s clean C030/C031 freeze check.",TRANSPORT GAPS CLOSED / LOWER BOUND HOLD,https://drive.google.com/file/d/171gZ6-zW__ysMb_WgWY9JW3xNyj4Kaw2/view,"Supersedes only export-outstanding, AUD-022-pending, and tamper-alert language; no Boolean or theorem change."
2026-08-04T22:05:32.959Z,GP-LB-STAT-001 / GP-RUN-031 / LB-RATE NATIVE MIRRORS,CTL / REC / NATIVE MIRRORS,LB-RATE status surfaces,"Published the additive status delta, run-31 receipt, and five native mirrors; corrected LB-3 replay availability to 8/9 exact objects recoverable.",P0.1 HOLD / THM-023 HOLD / AUD-023 AMEND / AUD-024 HOLD,https://drive.google.com/file/d/1Hf2daGyF4H9EQUG7kukEtvzPamniMuFF/view,C031/WP rows already existed at 566–567 and were not duplicated; frozen originals and AO48-OPR-045 unchanged.
2026-08-05T11:11:14.898Z,GP-LB-STAT-002 / WO-063 INDIVIDUAL LANDING,CTL / REC / NATIVE MIRRORS,SIDE24 q0 LB-RATE,Safely extracted the partial snapshot and landed 42 new meaningful files individually plus ten status-bannered native mirrors and a read-first index.,NO THEOREM OR BOOLEAN CHANGE / LOWER BOUND HOLD / WP OPEN,https://drive.google.com/file/d/1ecRS56ODLlfK3cFNvhPYx9OIMurG6j9L/view,"Raw status delta controls; opaque ZIP, .pyc caches, empty log and prior duplicates not uploaded"
2026-08-05T11:11:14.898Z,KIMI-DER-025 / KIMI-AUD-023-v1.1,AUD / AMEND REQUIRED,WP rigidity-zone channel,"Found the delivered CS expression still omits sqrt(min(Cantelli,P_window)); retained the numerical integral only as derived-on-grid evidence.",WP QUANTITATIVE CLOSURE OPEN / THM-023 HOLD,https://drive.google.com/file/d/1QqLjDhYopotMbDTQ52f3SJgAWHgCvGNa/view,"Invalidates claimed I_cs upper bound, rung envelope and theorem-constant assembly"
2026-08-05T11:11:14.898Z,KIMI-DER-026 / 027a / 027c,DER / SCOPED EVIDENCE,gamma-LOC and lower-bound channels,"Landed gamma-LOC conditional chain, farfield variance evidence, and the r=0.025 deterministic-mean ridge certificate at their exact scopes.",P-NMZ-gamma OPEN / NO GATE EFFECT,https://docs.google.com/document/d/1vtKTJbunykXqJtTYmKsw1HwkTaw3_c-jP5L5jnmp2xs/edit,027a partial/derived; 027c single-rung deterministic mean only
2026-08-05T11:11:14.898Z,KIMI-DER-027b / KIMI-THM-023-v1.1 / GP-LB-REC-004,DRAFT / INTEGRITY LEDGER,LB theorem assembly,Landed unfinished working files in a separate noncontrolling folder and published the exact 42-row ID/size/SHA ledger.,INCOMPLETE DRAFTS / NOT HASH-FROZEN / HOLD,https://docs.google.com/document/d/1Getpf3PLqafNhCH86uHsaqSg-4KPS_KqNPZnPGOZWxE/edit,027b lacks verdict and -O; THM body contains placeholders and verifier defect
2026-08-05T18:15:09.533Z,GP-LB-STAT-003,CTL / ADDITIVE STATUS DELTA,SIDE24 q0 LB-RATE,Reconciled the later AO48 session-state handoff against the independently confirmed missing-square-root defect; published an exact raw delta and readable native mirror; quarantined the old WP upper-bound chain.,WP OPEN / LOWER HOLD / NO THEOREM OR BOOLEAN CHANGE,https://drive.google.com/file/d/11-H0mx2obq_wN7YYH0tL0BABlS-Nxm6y/view,Supersedes only stale WP claims in AO48 handoff 1cj3voNE…; exact Kimi Phase-0 raw carriers remain pending.
2026-08-05T18:09:42.799Z,AO48-AUD-064,AUD / ADDITIVE ADJUDICATION,SIDE24 q0 LB-RATE WP,"Confirmed the missing-square-root defect from landed sources; decertified I_cs, the rung table, the r^1.6 envelope, and downstream WP theorem inputs while preserving the qualitative C030 kill at its graded scope.",WP OPEN / LOWER HOLD / NO THEOREM OR BOOLEAN CHANGE,https://drive.google.com/file/d/1wV_F3nW-pyN0N3X-IRGAYG4v8bAXLP3s/view,"Existing root carrier discovered during final readback; 25,860 B / SHA-256 406406fb…; independently corroborated by GP-LB-STAT-003."
2026-08-06T00:13:47Z,GP-LB-STAT-004 / K3 individual landing,CTL / HOSTILE ADJUDICATION + REC,SIDE24 q0 LB-RATE K3,Individually landed 243 new K3 raw files plus recognized two byte-exact preexisting roots; created 11 bannered native mirrors; independently refuted K3-THM-001 as written and AO48-AUD-065's WP/theorem promotion.,LOWER CAMPAIGN OPEN / K3 THM REFUTED AS WRITTEN / NO CONTROL CHANGE,https://drive.google.com/file/d/1lfH7g57LcshqpLfNbrx-H7gbJckpzPqr/view,Root landing 1T_q7jV…; ZIP b316369b… not controlling; manifest rows 174-441; exact readback ledger 1-tfvqx…
2026-08-06T00:13:47Z,SIDE24 pre-peer-review quarantine supplement,REC / ADDITIVE QUARANTINE LANDING,SIDE24 q0 LB-RATE manuscript,Landed the exact raw errata plus PDF/HTML/Markdown/source bundle individually and created two bannered native mirrors; quarantined manuscript claims consuming the invalid WP branch.,ERRATA ACTIVE / MANUSCRIPT QUARANTINED / LOWER OPEN / NO CONTROL CHANGE,https://drive.google.com/file/d/1fZLV77u5yv5cUxULKXgF2LRDFo3GqN0W/view,Folder 1dp75Z…; seven source/mirror carriers; GP-LB-REC-006 1Llaol…
2026-08-06T00:13:47Z,GP-LB-STAT-004A / W8 recovery,CTL / ADDITIVE CORRECTION + REC,SIDE24 q0 LB-RATE W8 Lambda,Recovered W8 v2 source and mutation driver outside the K3 subtree plus incomplete finisher/log traces; corrected GP-LB-STAT-004's script-presence sentence additively.,W8 NONCLOSED / H-B3 UNPROVED / RECEIPTS INCOMPLETE / NO CONTROL CHANGE,https://drive.google.com/file/d/1cdSyfIoV8WiHug7aJDv4Ng7Vq2GnRP_j/view,"Recovered folder 1v-JgJK…; no transcript_O, identity stamp, S6 excerpt or W8 HASHES anywhere in archive"
2026-09-13T03:05:00Z,LPW-OPR-R04-v1.0,OPR / SCOPED FOLD,LPW owner approval and Kimi intake,Owner authorization and two received-review-scope acceptances recorded; new LPW Current State tab.,Operator gate satisfied. Formal Class-3 technical HOLD remains; no frozen proof/control overwrite.,https://drive.google.com/file/d/1HnFJCUBLSBa6KgDUqhrzCGzon-BiXRC3/view,Current snapshot separate from historical LPW candidates.
2026-09-13T03:05:00Z,LPW-R04-OFFLINE-HANDOFF,SOURCE / WORK ORDER,Matching 2D upper and stronger constant,"Thirteen Drive sources retrieved and hashed; historical UB0/C020/C038 supplied for audit. Stronger constant recorded as reported, not locally certified.",No 3D-to-2D inference; H-B3 remains conditional; missing raw Kimi archive explicitly retained.,https://drive.google.com/file/d/13qNig9FMjW1cTU4TIWugs43qrLdfPX_l/view,Self-contained offline return for user relay to Kimi.
2026-09-13T04:02:50Z,LPW-R05-RAW-INTAKE,AUD / CUSTODY,Four actual Kimi archives,12 ZIP occurrences checked; 82/82 current payload manifest hashes match;14 selected replays match reference bytes.,RAW DELIVERY COMPLETE; one original-body rule mismatch remains; accepted qualitative/fallback review retained.,https://drive.google.com/drive/folders/1eIMYngrairJWxhL58qbEnjWik7VZ4jI3,Successor to R04 receipt-only state; no frozen source overwrite
2026-09-13T04:02:50Z,LPW-R05-CONSTANT-AUDIT,AUD / DER,Improved lower constant,Wrong reported decimal and false absolute-sum fourth moment isolated. Exact-rational headline and Rayleigh-amplitude repair supplied with directed intervals.,Received improved certificate AMEND REQUIRED; repaired6.238e-44 candidate ready for targeted review; radius unchanged.,https://drive.google.com/file/d/1dq7BE_BZyp9tnRcQE6mO9K6RRb_vwabe/view,Does not refute qualitative LPW or conservative fallback
2026-09-13T04:02:50Z,LPW-R05-W8-STAGES,AUD / STATUS,W8 v3 delivered transcripts,Rung gate PASS and conditional limit estimate preserved; actual final spacing/kill FAIL-CLOSED recorded.,No whole-run PASS or H-B3 closure; no W8 rerun claimed.,https://drive.google.com/file/d/1A6CDZXRJlbYgcI6DNCGOQCgKponqlsQq/view,Preserves v2 and v3 failures separately
2026-09-17T01:08:08Z,OP-RECON-20260916-v1.0,GOVERNANCE,All-model external reconnaissance,Raw policy+memo verified; native mirror; guarded additive notices in bootstrap and autorouter; registry bindings added.,Operational requirement active; scientific states unchanged by this deployment; final custody receipt follows.,https://drive.google.com/file/d/1OgBKoiBdxy4y7oDdjAsKPVgYmrM42M3P/view,OD-RECON-20260916; DQ-RECON-20260916; existing structure preserved
2026-09-17T01:11:54Z,OP-RECON-20260916-DEPLOYMENT-RECEIPT-v1.0,GOVERNANCE FINALIZATION,External reconnaissance installation,Receipt and both digest companions raw-readback PASS; all 5 main outputs bound; four new lineage flags normalized to existing TRUE/FALSE vocabulary.,Installation COMPLETE / claim released / lease OPEN; no science or release state changed.,https://drive.google.com/file/d/1rFlWn-qDgQLEuyZm0wJ2Jv123ooudl0d/view,DQ-RECON-20260916; GATE-RECON-20260916; CLAIM-RECON-20260916
2026-09-17T05:07:38.307Z,MATH-20260917-b9c2,DER / REPAIR / DATA,H5; RN-UNIF; finite-family covering,"Exact-torus band bounds, normalized pin invertibility, two source repairs, Gaussian C4 and zero-safe modulus, conditional core-palette proof",AUTHOR-SIDE ONLY; H5 odd-majorant falsifier; parent theorems OPEN,https://drive.google.com/file/d/1uRXt3Q7vPWajUxWDXLg4MkgxNTrDnNet/view?usp=drivesdk,https://drive.google.com/file/d/1TJr1awRjB0D9niq1Jyi6XGnJKuvW9Wmx/view?usp=drivesdk
2026-09-17T05:44:17.406Z,CLOSE-20260917-b9c2,DER / REPAIR / INVENTORY,Actual RN field; H5 impact; q verifier,"407 folders/2868 files inventoried; 13,604-box certificate; 255 RN checks; kernel and verifier repairs; stale tracker entries reconciled",AUTHOR-SIDE COMPLETION; external acceptance and parent theorem gates remain open,https://drive.google.com/file/d/1qtuFKUR0SsX3aeB_uI08b2sJw0DX2EOL/view?usp=drivesdk,https://drive.google.com/file/d/1WZfhLuZBEzvdUUkQw7v5JubmAiI1W4gt/view?usp=drivesdk
2026-09-17T11:17:13.998Z,RN3-20260917-b9c2,DER / INTERVAL CERTIFICATE / NAVIGATION,RN far region; P0.1 current routing,"kappa<0.12058; I_far<2.83312 r^3 at fixed r;13,604 boxes;294 checks;portable replay;R16/OQ009/DQ016 repaired",AUTHOR-SIDE FAR TARGET COMPLETE; near/all-small-r and independent acceptance OPEN,https://drive.google.com/file/d/1juGMtcASthEaKBMl8X95FGgrRLvF3465/view?usp=drivesdk,https://drive.google.com/file/d/1z_zNdgxtbs7XWxLu56HN8_QbVXxdmMMq/view?usp=drivesdk
2026-09-17T16:38:39.757Z,OPS4-20260917-b9c2,R17 OPERATIONS / SCOPED TECHNICAL REVIEW,"Drive navigation, quarantine and review pickup",2943 catalog entries;24 routes;28 history moves; exact duplicate quarantined;13 test groups normal/-O;LM009 technical pass,COMPLETE OPERATIONS / SCIENTIFIC GATES RETAINED,https://drive.google.com/file/d/19SrKwqCEh9v4HoDRFmAUrWCrCs12-SlM/view,https://drive.google.com/file/d/1XRecEnh5HxbJtZHmBYYfw1DeqVjG6SYs/view
2026-09-17T17:19:16.450Z,ROUND5-20260917-b9c2,MATH REPAIR / REVIEW ERRATUM,RN near-region; LM004 exact source,Wrong moment disproved; corrected 65 station caps and10 spatial boxes;66 checks;five scoped holds,AUTHOR CANDIDATE; full near cover and independent review remain open,https://drive.google.com/file/d/1LtnvNd0vAW-y3pzbyHLjgtF7Uw5sTph5/view,https://drive.google.com/file/d/1g5UP_KYlvPmx7LFwjGk6qK5QZLnL1hLj/view
