Drive ID,Title,Domain / observed branch,Routing status,Observed path / destination,Direct link,Modified UTC (observed),Coverage note
1HK9hoO4vD2lhE3wDXLPxPXhNBbJZJnNdA01Oh1FDeqA,HISTORICAL OP-PROT-011 — INDEPENDENCE GUIDANCE; TECHNICAL REVIEW NOW R17,AXIOM,HISTORY,AXIOM/00.1_GOVERNANCE_CANON,https://drive.google.com/file/d/1HK9hoO4vD2lhE3wDXLPxPXhNBbJZJnNdA01Oh1FDeqA/view,2026-07-25T15:25:22.118Z,Metadata inventoried; proof review only where explicitly recorded in the closure report; baseline active-tree inventory + bounded R17 updates; refresh target metadata before mutation
1dpinxQLBp3J8-Wu7TrvMiPn_9vmhVFEUKzIp3HQsQyc,GP-COR-184-v1.0 — Current No-Vote Directive Supersedes Concurrent OP-PROT-010 Governance Race,AXIOM,METADATA_ONLY,AXIOM/00.1_GOVERNANCE_CANON,https://drive.google.com/file/d/1dpinxQLBp3J8-Wu7TrvMiPn_9vmhVFEUKzIp3HQsQyc/view,2026-07-24T18:24:46.024Z,Metadata inventoried; proof review only where explicitly recorded in the closure report; baseline active-tree inventory + bounded R17 updates; refresh target metadata before mutation
1FwkOa06pccL_RmK63oI0oXBgGtFFRcN-MY63arzEeAA,"OP-CNS-001-R0.2 — Integrated Operational Architecture: Preservation, IDs, Automation, Closure, and Master Manifest",AXIOM,METADATA_ONLY,AXIOM/00.1_GOVERNANCE_CANON,https://drive.google.com/file/d/1FwkOa06pccL_RmK63oI0oXBgGtFFRcN-MY63arzEeAA/view,2026-07-24T18:26:29.548Z,Metadata inventoried; proof review only where explicitly recorded in the closure report; baseline active-tree inventory + bounded R17 updates; refresh target metadata before mutation
12IlGMxNSCV9YTO7hPITHRGLqOYvpy6Cy1Xyf9840fRk,OP-GDN-003 — Context-Window Freshness and Session Retirement Guidance,AXIOM,METADATA_ONLY,AXIOM/00.1_GOVERNANCE_CANON,https://drive.google.com/file/d/12IlGMxNSCV9YTO7hPITHRGLqOYvpy6Cy1Xyf9840fRk/view,2026-07-24T18:26:02.213Z,Metadata inventoried; proof review only where explicitly recorded in the closure report; baseline active-tree inventory + bounded R17 updates; refresh target metadata before mutation
1xh4LRn1q7UuW-qcky9S3PDhKKVXCExasTFM3NsuKDwU,OP-PROT-008-R0.1 — Safety-Hardened Graduated Autonomy Practice Framework — No-Vote Revision,AXIOM,METADATA_ONLY,AXIOM/00.1_GOVERNANCE_CANON,https://drive.google.com/file/d/1xh4LRn1q7UuW-qcky9S3PDhKKVXCExasTFM3NsuKDwU/view,2026-07-24T18:25:42.382Z,Metadata inventoried; proof review only where explicitly recorded in the closure report; baseline active-tree inventory + bounded R17 updates; refresh target metadata before mutation
1FF1u9WarpRd1RxG2XKS0qbYzHI2FocrPZ0vkG-KgAqM,"OP-RES-001 — Records-Integrity Decisions: CM Aliases, TRC Successor, and GP-DATA-114 Disposition",AXIOM,METADATA_ONLY,AXIOM/00.1_GOVERNANCE_CANON,https://drive.google.com/file/d/1FF1u9WarpRd1RxG2XKS0qbYzHI2FocrPZ0vkG-KgAqM/view,2026-07-24T19:13:48.000Z,Metadata inventoried; proof review only where explicitly recorded in the closure report; baseline active-tree inventory + bounded R17 updates; refresh target metadata before mutation
19vdTHxH0ZvRtT20R5U9DPeWLdHtH-vnJ,GATE_FRAMEWORK_MASTER — CURRENT-v1.2-RECONCILED — 30769B — SHAea3b0bce — ID19vdTHxH.md,AXIOM,METADATA_ONLY,AXIOM/00.1_GOVERNANCE_CANON/00_CURRENT_RECONCILED_SPECIFICATION,https://drive.google.com/file/d/19vdTHxH0ZvRtT20R5U9DPeWLdHtH-vnJ/view,2026-07-22T20:37:39.762Z,Metadata inventoried; proof review only where explicitly recorded in the closure report; baseline active-tree inventory + bounded R17 updates; refresh target metadata before mutation
1GShZef2a3ZQP7YwQiQUSuhYdvgNnES_-,GATE_FRAMEWORK_MASTER — v1.1-C095-EXECUTABLE-LINEAGE — 27996B — SHA2442dc38 — ID1GShZef2.md,AXIOM,METADATA_ONLY,AXIOM/00.1_GOVERNANCE_CANON/01_PRIOR_DIVERGENT_V1_1_LINEAGES,https://drive.google.com/file/d/1GShZef2a3ZQP7YwQiQUSuhYdvgNnES_-/view,2026-07-22T20:38:00.049Z,Metadata inventoried; proof review only where explicitly recorded in the closure report; baseline active-tree inventory + bounded R17 updates; refresh target metadata before mutation
1rVk5ShpplkZApTLMqP73WKDhDmX-d_sB,GATE_FRAMEWORK_MASTER — v1.1-UPLOADED-STANDALONE-LINEAGE — 62173B — SHAa16c44d5 — ID1rVk5Shp.md,AXIOM,METADATA_ONLY,AXIOM/00.1_GOVERNANCE_CANON/01_PRIOR_DIVERGENT_V1_1_LINEAGES,https://drive.google.com/file/d/1rVk5ShpplkZApTLMqP73WKDhDmX-d_sB/view,2026-07-22T20:37:48.989Z,Metadata inventoried; proof review only where explicitly recorded in the closure report; baseline active-tree inventory + bounded R17 updates; refresh target metadata before mutation
1nBgMT82BOUBAKO_xw-lSPn0-_HRzWNuD,GATE_FRAMEWORK_MASTER — CURRENT-v1.2-RECONCILED-PDF — 92754B — SHAe2a8b7d3 — ID1nBgMT82.pdf,AXIOM,METADATA_ONLY,AXIOM/00.1_GOVERNANCE_CANON/02_PDF_EXPORTS_AND_ORIGIN_DOCUMENTS,https://drive.google.com/file/d/1nBgMT82BOUBAKO_xw-lSPn0-_HRzWNuD/view,2026-07-22T20:38:14.518Z,Metadata inventoried; proof review only where explicitly recorded in the closure report; baseline active-tree inventory + bounded R17 updates; refresh target metadata before mutation
1tX2omUL6saHa5omzRi8LialKiRZWHov1,GATE_FRAMEWORK_MASTER — v1.0-ORIGIN-PDF — 77525B — SHAd933bcf4 — ID1tX2omUL.pdf,AXIOM,METADATA_ONLY,AXIOM/00.1_GOVERNANCE_CANON/02_PDF_EXPORTS_AND_ORIGIN_DOCUMENTS,https://drive.google.com/file/d/1tX2omUL6saHa5omzRi8LialKiRZWHov1/view,2026-07-22T20:38:31.669Z,Metadata inventoried; proof review only where explicitly recorded in the closure report; baseline active-tree inventory + bounded R17 updates; refresh target metadata before mutation
1enUo1aKmuK2RMvEmixGc3x8c2Ug-veku,AO48-OPR-022 - Operator guidance relayed verbatim - Coupled Mathematical-Architectural Advancement and Required Safeguards,AXIOM,METADATA_ONLY,AXIOM/00.1_GOVERNANCE_CANON/03_OPERATOR_GUIDANCE_AND_RECOVERY,https://drive.google.com/file/d/1enUo1aKmuK2RMvEmixGc3x8c2Ug-veku/view,2026-07-21T15:01:52.538Z,Metadata inventoried; proof review only where explicitly recorded in the closure report; baseline active-tree inventory + bounded R17 updates; refresh target metadata before mutation
1PjpcjsIk3SsNo8864FoLLxCvTjxI7grd_IWjvPn2QLg,"OP-DIR RECOVERY — Model Coordination and Approval Protocols (original + corrected), transcribed from root mobilebasic captures (CL-REC-038)",AXIOM,METADATA_ONLY,AXIOM/00.1_GOVERNANCE_CANON/03_OPERATOR_GUIDANCE_AND_RECOVERY,https://drive.google.com/file/d/1PjpcjsIk3SsNo8864FoLLxCvTjxI7grd_IWjvPn2QLg/view,2026-07-21T17:59:22.600Z,Metadata inventoried; proof review only where explicitly recorded in the closure report; baseline active-tree inventory + bounded R17 updates; refresh target metadata before mutation
1-9ePRpp28DN19YFbdsGqKVXfIAdnScyt8BpV0lEdY8A,OP-GDN-002 — Coupled Mathematical–Architectural Advancement and Required Safeguards,AXIOM,METADATA_ONLY,AXIOM/00.1_GOVERNANCE_CANON/03_OPERATOR_GUIDANCE_AND_RECOVERY,https://drive.google.com/file/d/1-9ePRpp28DN19YFbdsGqKVXfIAdnScyt8BpV0lEdY8A/view,2026-07-21T15:29:23.106Z,Metadata inventoried; proof review only where explicitly recorded in the closure report; baseline active-tree inventory + bounded R17 updates; refresh target metadata before mutation
1Ax53Pe77EeXM_9PU85rZGNaSvV9iXfkk_54i1RIZLIc,00_LEAF_CARD — 00.2 Canonical Master (CL-NAV-036.1),AXIOM,METADATA_ONLY,AXIOM/00.2_CANONICAL_MASTER/00_CANONICAL_MASTERS_AND_SOURCE,https://drive.google.com/file/d/1Ax53Pe77EeXM_9PU85rZGNaSvV9iXfkk_54i1RIZLIc/view,2026-07-21T17:53:29.875Z,Metadata inventoried; proof review only where explicitly recorded in the closure report; baseline active-tree inventory + bounded R17 updates; refresh target metadata before mutation
1TuczLPeGkSS1lwCPsWAJiyDTHmEV29Fk,Q0_C092_FINAL_MASTER.md,AXIOM,METADATA_ONLY,AXIOM/00.2_CANONICAL_MASTER/00_CANONICAL_MASTERS_AND_SOURCE,https://drive.google.com/file/d/1TuczLPeGkSS1lwCPsWAJiyDTHmEV29Fk/view,2026-07-20T18:33:25.678Z,Metadata inventoried; proof review only where explicitly recorded in the closure report; baseline active-tree inventory + bounded R17 updates; refresh target metadata before mutation
19nO3CU8B_YqGV9vTOwmvVe2Vyfeo0Jbz,Q0_MASTER.md,AXIOM,METADATA_ONLY,AXIOM/00.2_CANONICAL_MASTER/00_CANONICAL_MASTERS_AND_SOURCE,https://drive.google.com/file/d/19nO3CU8B_YqGV9vTOwmvVe2Vyfeo0Jbz/view,2026-07-20T18:35:22.978Z,Metadata inventoried; proof review only where explicitly recorded in the closure report; baseline active-tree inventory + bounded R17 updates; refresh target metadata before mutation
1Z63-2Wu_Se2vM6w5aK62qQC2zo4BfAUN,Q0_X_research_program.md,AXIOM,METADATA_ONLY,AXIOM/00.2_CANONICAL_MASTER/00_CANONICAL_MASTERS_AND_SOURCE,https://drive.google.com/file/d/1Z63-2Wu_Se2vM6w5aK62qQC2zo4BfAUN/view,2026-07-20T18:33:05.255Z,Metadata inventoried; proof review only where explicitly recorded in the closure report; baseline active-tree inventory + bounded R17 updates; refresh target metadata before mutation
1OcKtc6I9H0NhUv3KJZE6FWWv4J-qkp8f,Q0_X_research_program_v2.md,AXIOM,METADATA_ONLY,AXIOM/00.2_CANONICAL_MASTER/00_CANONICAL_MASTERS_AND_SOURCE,https://drive.google.com/file/d/1OcKtc6I9H0NhUv3KJZE6FWWv4J-qkp8f/view,2026-07-20T18:33:19.347Z,Metadata inventoried; proof review only where explicitly recorded in the closure report; baseline active-tree inventory + bounded R17 updates; refresh target metadata before mutation
1Hl7zSa33A3d7qd1ki6qpvXrfmPF0u7bG,Unified Master Source — Part 1.md,AXIOM,METADATA_ONLY,AXIOM/00.2_CANONICAL_MASTER/00_CANONICAL_MASTERS_AND_SOURCE,https://drive.google.com/file/d/1Hl7zSa33A3d7qd1ki6qpvXrfmPF0u7bG/view,2026-07-14T19:39:36.041Z,Metadata inventoried; proof review only where explicitly recorded in the closure report; baseline active-tree inventory + bounded R17 updates; refresh target metadata before mutation
1dXSbuwDwt2Ep5cCT2lqHQpMufd4n9lTL,Adjudication_C094_C108_vs_C024_C047 — WORKING-SOURCE — 9244B — SHAd39a0fa0 — ID1dXSbuwD.md,AXIOM,METADATA_ONLY,AXIOM/00.2_CANONICAL_MASTER/01_ADJUDICATIONS_AND_ERRATA,https://drive.google.com/file/d/1dXSbuwDwt2Ep5cCT2lqHQpMufd4n9lTL/view,2026-07-22T20:27:16.724Z,Metadata inventoried; proof review only where explicitly recorded in the closure report; baseline active-tree inventory + bounded R17 updates; refresh target metadata before mutation
1ZC2H_xRZa9XgaMeDnzPXffiHoemPiOIDrdvqUSQtqjg,CL-CLS-055 — TERMINAL CLOSURE OF EC-013 (operator-approved 2026-07-21): CLOSED — EXACT CONDITIONAL ELDER-RULE DEFECT DICHOTOMY; register append delegated to edit-capable line,AXIOM,METADATA_ONLY,AXIOM/00.2_CANONICAL_MASTER/01_ADJUDICATIONS_AND_ERRATA,https://drive.google.com/file/d/1ZC2H_xRZa9XgaMeDnzPXffiHoemPiOIDrdvqUSQtqjg/view,2026-07-21T21:12:08.377Z,Metadata inventoried; proof review only where explicitly recorded in the closure report; baseline active-tree inventory + bounded R17 updates; refresh target metadata before mutation
1TO2x7UbCCXTjq0M_pnCvdubbBzJ0EP9w,MASTER_SET_ERRATA — WORKING-SOURCE — 1572B — SHAacd8b11a — ID1TO2x7Ub.md,AXIOM,METADATA_ONLY,AXIOM/00.2_CANONICAL_MASTER/01_ADJUDICATIONS_AND_ERRATA,https://drive.google.com/file/d/1TO2x7UbCCXTjq0M_pnCvdubbBzJ0EP9w/view,2026-07-22T20:27:42.947Z,Metadata inventoried; proof review only where explicitly recorded in the closure report; baseline active-tree inventory + bounded R17 updates; refresh target metadata before mutation
1gN5lBhewCAKPIr1dCkHXAAuSg_55xvc7,Q0_C108_PORTFOLIO_CLOSE.md,AXIOM,METADATA_ONLY,AXIOM/00.2_CANONICAL_MASTER/01_ADJUDICATIONS_AND_ERRATA,https://drive.google.com/file/d/1gN5lBhewCAKPIr1dCkHXAAuSg_55xvc7/view,2026-07-20T18:32:30.238Z,Metadata inventoried; proof review only where explicitly recorded in the closure report; baseline active-tree inventory + bounded R17 updates; refresh target metadata before mutation
1_s2e2QNV-isRNzOb0qNEgEGPd0XxuaJ0,C095_REFEREE_FREEZE.json,AXIOM,METADATA_ONLY,AXIOM/00.2_CANONICAL_MASTER/02_FREEZES_AND_MACHINE_CONTRACTS,https://drive.google.com/file/d/1_s2e2QNV-isRNzOb0qNEgEGPd0XxuaJ0/view,2026-07-20T18:31:05.021Z,Metadata inventoried; proof review only where explicitly recorded in the closure report; baseline active-tree inventory + bounded R17 updates; refresh target metadata before mutation
1xD4jyHYWYIESt1aOElOhjDLDbbynnmU7,C095_REFEREE_FREEZE.md,AXIOM,METADATA_ONLY,AXIOM/00.2_CANONICAL_MASTER/02_FREEZES_AND_MACHINE_CONTRACTS,https://drive.google.com/file/d/1xD4jyHYWYIESt1aOElOhjDLDbbynnmU7/view,2026-07-20T18:30:12.854Z,Metadata inventoried; proof review only where explicitly recorded in the closure report; baseline active-tree inventory + bounded R17 updates; refresh target metadata before mutation
1l8d__HEG2MSK7TMf6wu0EOcABa7o7uzV,C095_SHARP_FREEZE.json,AXIOM,METADATA_ONLY,AXIOM/00.2_CANONICAL_MASTER/02_FREEZES_AND_MACHINE_CONTRACTS,https://drive.google.com/file/d/1l8d__HEG2MSK7TMf6wu0EOcABa7o7uzV/view,2026-07-20T18:31:23.965Z,Metadata inventoried; proof review only where explicitly recorded in the closure report; baseline active-tree inventory + bounded R17 updates; refresh target metadata before mutation
1l_ew7f_9E5rXM-ErQbz5aw-V4x4qnF4V,C095_SHARP_FREEZE.md,AXIOM,METADATA_ONLY,AXIOM/00.2_CANONICAL_MASTER/02_FREEZES_AND_MACHINE_CONTRACTS,https://drive.google.com/file/d/1l_ew7f_9E5rXM-ErQbz5aw-V4x4qnF4V/view,2026-07-20T18:30:16.816Z,Metadata inventoried; proof review only where explicitly recorded in the closure report; baseline active-tree inventory + bounded R17 updates; refresh target metadata before mutation
1vbDDpoDcNsjInMJXnWdKfuiSn1jehO93,C098_FREEZE.json,AXIOM,METADATA_ONLY,AXIOM/00.2_CANONICAL_MASTER/02_FREEZES_AND_MACHINE_CONTRACTS,https://drive.google.com/file/d/1vbDDpoDcNsjInMJXnWdKfuiSn1jehO93/view,2026-07-20T18:31:07.786Z,Metadata inventoried; proof review only where explicitly recorded in the closure report; baseline active-tree inventory + bounded R17 updates; refresh target metadata before mutation
1BTJ_8XCBTpFzLzd-yvfaRlMf4z2b4DBj,C102_FREEZE_v2.json,AXIOM,METADATA_ONLY,AXIOM/00.2_CANONICAL_MASTER/02_FREEZES_AND_MACHINE_CONTRACTS,https://drive.google.com/file/d/1BTJ_8XCBTpFzLzd-yvfaRlMf4z2b4DBj/view,2026-07-20T18:31:09.258Z,Metadata inventoried; proof review only where explicitly recorded in the closure report; baseline active-tree inventory + bounded R17 updates; refresh target metadata before mutation
1dWVU-na4irgAUAY8_9ZEdJjcosgR95Dm,C105_FREEZE.json,AXIOM,METADATA_ONLY,AXIOM/00.2_CANONICAL_MASTER/02_FREEZES_AND_MACHINE_CONTRACTS,https://drive.google.com/file/d/1dWVU-na4irgAUAY8_9ZEdJjcosgR95Dm/view,2026-07-20T18:32:05.986Z,Metadata inventoried; proof review only where explicitly recorded in the closure report; baseline active-tree inventory + bounded R17 updates; refresh target metadata before mutation
1d31u4MSJLNpB8R5qLop7PGG2F7TtZkfiLQgElQsPf2k,LS-REP-002-v1.0 — Lead Scientist Integrated Cycle Report — EC-019 and P0.1 G-D-T — 2026-07-24,CANON,METADATA_ONLY,CANON,https://drive.google.com/file/d/1d31u4MSJLNpB8R5qLop7PGG2F7TtZkfiLQgElQsPf2k/view,2026-07-24T22:46:49.948Z,Metadata inventoried; proof review only where explicitly recorded in the closure report; baseline active-tree inventory + bounded R17 updates; refresh target metadata before mutation
13ix3HD-AKBpxXKLydC1oMO9ask8SgreOOIOl7OeLMgI,Research Carry-Forward Canon v1.0,CANON,METADATA_ONLY,CANON,https://drive.google.com/file/d/13ix3HD-AKBpxXKLydC1oMO9ask8SgreOOIOl7OeLMgI/view,2026-07-20T20:53:42.668Z,Metadata inventoried; proof review only where explicitly recorded in the closure report; baseline active-tree inventory + bounded R17 updates; refresh target metadata before mutation
1W0t1fc83_wH1utVxr5SqZPh00f2Q4XcZjuVWbNvFDt8,00_READ_FIRST — Priority Open Mathematical Targets — Navigation and Requirements,CANON,METADATA_ONLY,CANON/00 — PRIORITY OPEN MATHEMATICAL TARGETS,https://drive.google.com/file/d/1W0t1fc83_wH1utVxr5SqZPh00f2Q4XcZjuVWbNvFDt8/view,2026-07-20T20:46:35.142Z,Metadata inventoried; proof review only where explicitly recorded in the closure report; baseline active-tree inventory + bounded R17 updates; refresh target metadata before mutation
10o4YRYOr8a2fB6rtnFnzMn7HkQMfv9-FZ5Mh0L-KF_o,FORMALIZATION BOARD — Active Parallel Claims and Proof States,CANON,METADATA_ONLY,CANON/00 — PRIORITY OPEN MATHEMATICAL TARGETS,https://drive.google.com/file/d/10o4YRYOr8a2fB6rtnFnzMn7HkQMfv9-FZ5Mh0L-KF_o/view,2026-07-26T03:05:39.335Z,Metadata inventoried; proof review only where explicitly recorded in the closure report; baseline active-tree inventory + bounded R17 updates; refresh target metadata before mutation
1Yifwna2ubGTUtpqmI_hOm76S_8zv4wAZjdaizc9niPI,"GP-FOR-001 — Initial q0 Formal Core: Tier-A Lean Drafts, Python Verifiers, and Proof-State Map",CANON,METADATA_ONLY,CANON/00 — PRIORITY OPEN MATHEMATICAL TARGETS,https://drive.google.com/file/d/1Yifwna2ubGTUtpqmI_hOm76S_8zv4wAZjdaizc9niPI/view,2026-07-24T21:37:51.267Z,Metadata inventoried; proof review only where explicitly recorded in the closure report; baseline active-tree inventory + bounded R17 updates; refresh target metadata before mutation
1Z5KLJ4qlIMWx8AYsXoIshJ1xq2hzM6kU38DXcCw8ALg,"GP-AUD-189-v1.0 — Formal-Core Source Identity, Statement-Scope, and Compilation Audit",CANON,METADATA_ONLY,CANON/00 — PRIORITY OPEN MATHEMATICAL TARGETS/GP-FOR-189 — Formal-Core Source-Recovery Bundle,https://drive.google.com/file/d/1Z5KLJ4qlIMWx8AYsXoIshJ1xq2hzM6kU38DXcCw8ALg/view,2026-07-24T21:37:09.730Z,Metadata inventoried; proof review only where explicitly recorded in the closure report; baseline active-tree inventory + bounded R17 updates; refresh target metadata before mutation
1k2JCPKAmd9SbhHMUkwNRE_AIcAeEA0od,GP-AUD-189-v1.0_static_audit_report.json,CANON,METADATA_ONLY,CANON/00 — PRIORITY OPEN MATHEMATICAL TARGETS/GP-FOR-189 — Formal-Core Source-Recovery Bundle,https://drive.google.com/file/d/1k2JCPKAmd9SbhHMUkwNRE_AIcAeEA0od/view,2026-07-24T21:34:36.225Z,Metadata inventoried; proof review only where explicitly recorded in the closure report; baseline active-tree inventory + bounded R17 updates; refresh target metadata before mutation
1ZQztzXzUiSC_AhMiPcibupSI5JRt5hS7,GP-FOR-189-v1.0_Algebra.lean,CANON,METADATA_ONLY,CANON/00 — PRIORITY OPEN MATHEMATICAL TARGETS/GP-FOR-189 — Formal-Core Source-Recovery Bundle,https://drive.google.com/file/d/1ZQztzXzUiSC_AhMiPcibupSI5JRt5hS7/view,2026-07-24T21:34:18.281Z,Metadata inventoried; proof review only where explicitly recorded in the closure report; baseline active-tree inventory + bounded R17 updates; refresh target metadata before mutation
1ThB9sKP5IQ6r_6iunBD80puC4Axn7nZF,GP-FOR-189-v1.0_SOURCE_MANIFEST.json,CANON,METADATA_ONLY,CANON/00 — PRIORITY OPEN MATHEMATICAL TARGETS/GP-FOR-189 — Formal-Core Source-Recovery Bundle,https://drive.google.com/file/d/1ThB9sKP5IQ6r_6iunBD80puC4Axn7nZF/view,2026-07-24T21:34:45.462Z,Metadata inventoried; proof review only where explicitly recorded in the closure report; baseline active-tree inventory + bounded R17 updates; refresh target metadata before mutation
1kJgGJ2A0nugONgPg-EfWOVknLIzw-31q,GP-FOR-189-v1.0_Status.lean,CANON,METADATA_ONLY,CANON/00 — PRIORITY OPEN MATHEMATICAL TARGETS/GP-FOR-189 — Formal-Core Source-Recovery Bundle,https://drive.google.com/file/d/1kJgGJ2A0nugONgPg-EfWOVknLIzw-31q/view,2026-07-24T21:34:28.179Z,Metadata inventoried; proof review only where explicitly recorded in the closure report; baseline active-tree inventory + bounded R17 updates; refresh target metadata before mutation
14SKjjD_c6CBEKWaXxX9W-Sm5blNxIRuN,GP-FOR-189-v1.0_research-formal-core-r1.zip,CANON,METADATA_ONLY,CANON/00 — PRIORITY OPEN MATHEMATICAL TARGETS/GP-FOR-189 — Formal-Core Source-Recovery Bundle,https://drive.google.com/file/d/14SKjjD_c6CBEKWaXxX9W-Sm5blNxIRuN/view,2026-07-24T21:34:10.162Z,Metadata inventoried; proof review only where explicitly recorded in the closure report; baseline active-tree inventory + bounded R17 updates; refresh target metadata before mutation
1jezXHT3VYCBxBZ9OE7SblKaHCoCTzpXtpOwDBTfaxqA,GP-AUD-195-v1.0 — Same-Line Mathlib API Audit of GP-FOR-192,CANON,METADATA_ONLY,CANON/00 — PRIORITY OPEN MATHEMATICAL TARGETS/GP-FOR-189 — Formal-Core Source-Recovery Bundle/64_FORMAL_CORE_R2_P02_LM008_LM009,https://drive.google.com/file/d/1jezXHT3VYCBxBZ9OE7SblKaHCoCTzpXtpOwDBTfaxqA/view,2026-07-25T21:03:30.273Z,Metadata inventoried; proof review only where explicitly recorded in the closure report; baseline active-tree inventory + bounded R17 updates; refresh target metadata before mutation
17jn42CVS8P3qWemAsRtbm6Hp9QwpI9ac_z5UEmZvIn4,GP-FOR-192-ZIP-CARRIER-v1.0 — Byte-Recoverable Formal Source Package,CANON,METADATA_ONLY,CANON/00 — PRIORITY OPEN MATHEMATICAL TARGETS/GP-FOR-189 — Formal-Core Source-Recovery Bundle/64_FORMAL_CORE_R2_P02_LM008_LM009,https://drive.google.com/file/d/17jn42CVS8P3qWemAsRtbm6Hp9QwpI9ac_z5UEmZvIn4/view,2026-07-26T00:06:30.589Z,Metadata inventoried; proof review only where explicitly recorded in the closure report; baseline active-tree inventory + bounded R17 updates; refresh target metadata before mutation
1tgJ8M_KRj-qZ2brMCAyISU5wzrHbxo128q9G8_gBEHo,GP-FOR-192-v1.0 — Formal Core r2 Source Transcription,CANON,METADATA_ONLY,CANON/00 — PRIORITY OPEN MATHEMATICAL TARGETS/GP-FOR-189 — Formal-Core Source-Recovery Bundle/64_FORMAL_CORE_R2_P02_LM008_LM009,https://drive.google.com/file/d/1tgJ8M_KRj-qZ2brMCAyISU5wzrHbxo128q9G8_gBEHo/view,2026-07-26T02:19:50.626Z,Metadata inventoried; proof review only where explicitly recorded in the closure report; baseline active-tree inventory + bounded R17 updates; refresh target metadata before mutation
1hTeWNKxLcmXEB2i5enAdmzXFknUxwTL6,GP-FOR-192-v1.0_research-formal-core-r2.zip,CANON,METADATA_ONLY,CANON/00 — PRIORITY OPEN MATHEMATICAL TARGETS/GP-FOR-189 — Formal-Core Source-Recovery Bundle/64_FORMAL_CORE_R2_P02_LM008_LM009,https://drive.google.com/file/d/1hTeWNKxLcmXEB2i5enAdmzXFknUxwTL6/view,2026-07-26T02:15:16.603Z,Metadata inventoried; proof review only where explicitly recorded in the closure report; baseline active-tree inventory + bounded R17 updates; refresh target metadata before mutation
1R_2m64dRXpfUOZQ9r9GES2pCZTeOX1A3hULbAH5m-JQ,GP-REC-193-v1.0 — GP-FOR-192 Static Audit and Local Package Receipt,CANON,METADATA_ONLY,CANON/00 — PRIORITY OPEN MATHEMATICAL TARGETS/GP-FOR-189 — Formal-Core Source-Recovery Bundle/64_FORMAL_CORE_R2_P02_LM008_LM009,https://drive.google.com/file/d/1R_2m64dRXpfUOZQ9r9GES2pCZTeOX1A3hULbAH5m-JQ/view,2026-07-26T02:19:22.807Z,Metadata inventoried; proof review only where explicitly recorded in the closure report; baseline active-tree inventory + bounded R17 updates; refresh target metadata before mutation
139NzUfVXV5-rW-pn_vIu6xFrqnwDcsHYPbWIn7FqOPs,GP-REQ-194-v1.0 — Independent Source Review and Clean Lean Build of GP-FOR-192,CANON,METADATA_ONLY,CANON/00 — PRIORITY OPEN MATHEMATICAL TARGETS/GP-FOR-189 — Formal-Core Source-Recovery Bundle/64_FORMAL_CORE_R2_P02_LM008_LM009,https://drive.google.com/file/d/139NzUfVXV5-rW-pn_vIu6xFrqnwDcsHYPbWIn7FqOPs/view,2026-07-26T02:20:15.346Z,Metadata inventoried; proof review only where explicitly recorded in the closure report; baseline active-tree inventory + bounded R17 updates; refresh target metadata before mutation
1_v8gEQ835HhZ18Nyfkk3i3w90jY_6CSCwu9hcD09wOU,00_READ_FIRST — P0.1 Uniform Adjacency Positivity,CANON,METADATA_ONLY,CANON/00 — PRIORITY OPEN MATHEMATICAL TARGETS/P0.1 — UNIFORM ADJACENCY POSITIVITY,https://drive.google.com/file/d/1_v8gEQ835HhZ18Nyfkk3i3w90jY_6CSCwu9hcD09wOU/view,2026-07-20T21:32:48.885Z,Metadata inventoried; proof review only where explicitly recorded in the closure report; baseline active-tree inventory + bounded R17 updates; refresh target metadata before mutation
1m_TJJH9ljAGSMaS6Myk0itcz5EcSGq_QQg7yNnIBuFs,00_OBJECT_CARD_STATUS — P0.1 source links and card-freeze tracker (CL-NAV-049),CANON,METADATA_ONLY,CANON/00 — PRIORITY OPEN MATHEMATICAL TARGETS/P0.1 — UNIFORM ADJACENCY POSITIVITY/01_SOURCE_LINKS_AND_OBJECT_CARD,https://drive.google.com/file/d/1m_TJJH9ljAGSMaS6Myk0itcz5EcSGq_QQg7yNnIBuFs/view,2026-07-22T05:57:40.524Z,Metadata inventoried; proof review only where explicitly recorded in the closure report; baseline active-tree inventory + bounded R17 updates; refresh target metadata before mutation
1LJy0VNEXAcbVwnOVJVoPDUroM5YiJOFV,"AO48-AUD-032 - GP-DER-204 base-mass certificate verified with exact receipts - reserve constant short by 2e10, immaterial by 70 orders - AMEND and advance",CANON,METADATA_ONLY,CANON/00 — PRIORITY OPEN MATHEMATICAL TARGETS/P0.1 — UNIFORM ADJACENCY POSITIVITY/02_ACTIVE_DERIVATIONS,https://drive.google.com/file/d/1LJy0VNEXAcbVwnOVJVoPDUroM5YiJOFV/view,2026-07-25T13:17:34.477Z,Metadata inventoried; proof review only where explicitly recorded in the closure report; baseline active-tree inventory + bounded R17 updates; refresh target metadata before mutation
1hxMWPHRDUNULJAsMCn3BwS6aP5mGjX97,AO48-DER-031 - The missing endpoint theorem for P0.1 - conditional endpoint divided-difference regularity with uniform moments - repair candidate for GP-DER-118 s5,CANON,METADATA_ONLY,CANON/00 — PRIORITY OPEN MATHEMATICAL TARGETS/P0.1 — UNIFORM ADJACENCY POSITIVITY/02_ACTIVE_DERIVATIONS,https://drive.google.com/file/d/1hxMWPHRDUNULJAsMCn3BwS6aP5mGjX97/view,2026-07-25T13:12:29.288Z,Metadata inventoried; proof review only where explicitly recorded in the closure report; baseline active-tree inventory + bounded R17 updates; refresh target metadata before mutation
1FQEsVXsop_D_H4S31q5YBerslToF9_EVUDCVqnR_vOI,"CL-DATA-204-v1.0 — Verification Capsule for CL-DER-204 (exact-rational identity tests, ALL PASS; receipts + verbatim output)",CANON,METADATA_ONLY,CANON/00 — PRIORITY OPEN MATHEMATICAL TARGETS/P0.1 — UNIFORM ADJACENCY POSITIVITY/02_ACTIVE_DERIVATIONS,https://drive.google.com/file/d/1FQEsVXsop_D_H4S31q5YBerslToF9_EVUDCVqnR_vOI/view,2026-07-25T13:18:40.852Z,Metadata inventoried; proof review only where explicitly recorded in the closure report; baseline active-tree inventory + bounded R17 updates; refresh target metadata before mutation
1XidxjRuE3fAo3-DTOcY8YpOxOD8pT4LilCt4wbwSWi0,"CL-DATA-207-v1.0 — Verification Capsule for CL-DER-207 (Hermite–Genocchi machinery, exact-rational; ALL PASS incl. two planted controls)",CANON,METADATA_ONLY,CANON/00 — PRIORITY OPEN MATHEMATICAL TARGETS/P0.1 — UNIFORM ADJACENCY POSITIVITY/02_ACTIVE_DERIVATIONS,https://drive.google.com/file/d/1XidxjRuE3fAo3-DTOcY8YpOxOD8pT4LilCt4wbwSWi0/view,2026-07-25T21:34:45.158Z,Metadata inventoried; proof review only where explicitly recorded in the closure report; baseline active-tree inventory + bounded R17 updates; refresh target metadata before mutation
1N9IAiyrlZ6wT3kS3NXlxYsC5y13U0BEqueRGXmZlv_g,CL-DER-204-v1.0 — Endpoint-Hessian Divided-Difference Regularity via Exact Pinned-Slice Interpolation (Candidate Closure of the GP-DER-118 §5 Gap),CANON,METADATA_ONLY,CANON/00 — PRIORITY OPEN MATHEMATICAL TARGETS/P0.1 — UNIFORM ADJACENCY POSITIVITY/02_ACTIVE_DERIVATIONS,https://drive.google.com/file/d/1N9IAiyrlZ6wT3kS3NXlxYsC5y13U0BEqueRGXmZlv_g/view,2026-07-25T13:17:27.826Z,Metadata inventoried; proof review only where explicitly recorded in the closure report; baseline active-tree inventory + bounded R17 updates; refresh target metadata before mutation
1_WeNnv4x4qEulmA8uRbbHy0dqL_qd_XcvSqUIhm2xUU,CL-DER-207-v1.0 — Uniform Moving-Point Cross-Covariance Regularity via Hermite–Genocchi (Candidate Closure of the GP-DER-046 Lemma 4.1 Gap),CANON,METADATA_ONLY,CANON/00 — PRIORITY OPEN MATHEMATICAL TARGETS/P0.1 — UNIFORM ADJACENCY POSITIVITY/02_ACTIVE_DERIVATIONS,https://drive.google.com/file/d/1_WeNnv4x4qEulmA8uRbbHy0dqL_qd_XcvSqUIhm2xUU/view,2026-07-25T21:33:51.515Z,Metadata inventoried; proof review only where explicitly recorded in the closure report; baseline active-tree inventory + bounded R17 updates; refresh target metadata before mutation
19w6z8GdlnYUtphojxtSvXDlQj9YQA2FBGgXKMTS1Ao8,"CL-DER-239-v1.0 — Frame-Free Conditional-Mean Bound for the Exact Six-Pin Conditioned Side-24 Field: M_5 ≤ 52.69 uniformly on 0\&lt;r≤r_D with NO GP-DATA-204 import (constructive closure of CL-AUD-234 finding F1) — DISTINCT-FAMILY REVIEW REQUIRED, NO PROMOTION",CANON,METADATA_ONLY,CANON/00 — PRIORITY OPEN MATHEMATICAL TARGETS/P0.1 — UNIFORM ADJACENCY POSITIVITY/02_ACTIVE_DERIVATIONS,https://drive.google.com/file/d/19w6z8GdlnYUtphojxtSvXDlQj9YQA2FBGgXKMTS1Ao8/view,2026-07-25T22:28:47.830Z,Metadata inventoried; proof review only where explicitly recorded in the closure report; baseline active-tree inventory + bounded R17 updates; refresh target metadata before mutation
1GSyUBkI-L3zI3gA6Zb42ImgNp7MfOPXd9zd1myr9Hfc,GP-COR-203-v1.0 — P0.1 Common-Radius Reduction After Corrected One-Sided Normalizer Bound,CANON,METADATA_ONLY,CANON/00 — PRIORITY OPEN MATHEMATICAL TARGETS/P0.1 — UNIFORM ADJACENCY POSITIVITY/02_ACTIVE_DERIVATIONS,https://drive.google.com/file/d/1GSyUBkI-L3zI3gA6Zb42ImgNp7MfOPXd9zd1myr9Hfc/view,2026-07-25T12:23:04.136Z,Metadata inventoried; proof review only where explicitly recorded in the closure report; baseline active-tree inventory + bounded R17 updates; refresh target metadata before mutation
1mmIwF4m7yoXw2DOnjmdfqiZg36xyYNZX_PuAhMsoT3E,GP-DATA-212-v1.0 — Full-Matrix Nine-Jet Base-Mass Result Carrier,CANON,METADATA_ONLY,CANON/00 — PRIORITY OPEN MATHEMATICAL TARGETS/P0.1 — UNIFORM ADJACENCY POSITIVITY/02_ACTIVE_DERIVATIONS,https://drive.google.com/file/d/1mmIwF4m7yoXw2DOnjmdfqiZg36xyYNZX_PuAhMsoT3E/view,2026-07-25T23:18:26.135Z,Metadata inventoried; proof review only where explicitly recorded in the closure report; baseline active-tree inventory + bounded R17 updates; refresh target metadata before mutation
1yaQ8R1OW1t-WJT7JGp3rVco3FQkIYXELshVI6Wt6vUY,GP-DATA-212-v1.0 — Full-Matrix Nine-Jet Base-Mass Source Carrier,CANON,METADATA_ONLY,CANON/00 — PRIORITY OPEN MATHEMATICAL TARGETS/P0.1 — UNIFORM ADJACENCY POSITIVITY/02_ACTIVE_DERIVATIONS,https://drive.google.com/file/d/1yaQ8R1OW1t-WJT7JGp3rVco3FQkIYXELshVI6Wt6vUY/view,2026-07-25T23:15:49.720Z,Metadata inventoried; proof review only where explicitly recorded in the closure report; baseline active-tree inventory + bounded R17 updates; refresh target metadata before mutation
1h_fCDDQU43NdUP-0l8YMpnca3OyRHdIIunyAV_h-b6k,GP-DATA-214-v1.0 — R-Uniform Exact Endpoint Normalizer Result Carrier,CANON,METADATA_ONLY,CANON/00 — PRIORITY OPEN MATHEMATICAL TARGETS/P0.1 — UNIFORM ADJACENCY POSITIVITY/02_ACTIVE_DERIVATIONS,https://drive.google.com/file/d/1h_fCDDQU43NdUP-0l8YMpnca3OyRHdIIunyAV_h-b6k/view,2026-07-25T23:45:40.163Z,Metadata inventoried; proof review only where explicitly recorded in the closure report; baseline active-tree inventory + bounded R17 updates; refresh target metadata before mutation
1ohTtnu7o2sbbcwTfoNTBte9TPLbC2vFlPd9raoDutE0,GP-DATA-214-v1.0 — R-Uniform Exact Endpoint Normalizer Source Carrier,CANON,METADATA_ONLY,CANON/00 — PRIORITY OPEN MATHEMATICAL TARGETS/P0.1 — UNIFORM ADJACENCY POSITIVITY/02_ACTIVE_DERIVATIONS,https://drive.google.com/file/d/1ohTtnu7o2sbbcwTfoNTBte9TPLbC2vFlPd9raoDutE0/view,2026-07-25T23:41:46.905Z,Metadata inventoried; proof review only where explicitly recorded in the closure report; baseline active-tree inventory + bounded R17 updates; refresh target metadata before mutation
1uIPWbqfvIiKoevSP4As2yyI4tcQ4p-SwheZE23Pqwk8,GP-DER-008-v1.0 — Uniform Adjacency Positivity via Anisotropic Trapping Corridor,CANON,METADATA_ONLY,CANON/00 — PRIORITY OPEN MATHEMATICAL TARGETS/P0.1 — UNIFORM ADJACENCY POSITIVITY/02_ACTIVE_DERIVATIONS,https://drive.google.com/file/d/1uIPWbqfvIiKoevSP4As2yyI4tcQ4p-SwheZE23Pqwk8/view,2026-07-20T21:29:40.478Z,Metadata inventoried; proof review only where explicitly recorded in the closure report; baseline active-tree inventory + bounded R17 updates; refresh target metadata before mutation
1ve_dMzQd8QvkPpu55oReGwSRnQRWuNsbLcKWzYStGtI,GP-DER-106-v1.0 — Full-Dimensional Interval-Certified Degree-Four Route-B Corridor Box,CANON,METADATA_ONLY,CANON/00 — PRIORITY OPEN MATHEMATICAL TARGETS/P0.1 — UNIFORM ADJACENCY POSITIVITY/02_ACTIVE_DERIVATIONS,https://drive.google.com/file/d/1ve_dMzQd8QvkPpu55oReGwSRnQRWuNsbLcKWzYStGtI/view,2026-07-22T03:25:53.521Z,Metadata inventoried; proof review only where explicitly recorded in the closure report; baseline active-tree inventory + bounded R17 updates; refresh target metadata before mutation
1KCSuyZuIZxLajefeg-u2cgEV77vIUqdxgE8_EAp61j8,GP-DER-108-v1.0 — Exact Positive Fixed-r Typed-Palm Mass of the Route-B Degree-Four Box,CANON,METADATA_ONLY,CANON/00 — PRIORITY OPEN MATHEMATICAL TARGETS/P0.1 — UNIFORM ADJACENCY POSITIVITY/02_ACTIVE_DERIVATIONS,https://drive.google.com/file/d/1KCSuyZuIZxLajefeg-u2cgEV77vIUqdxgE8_EAp61j8/view,2026-07-22T04:06:43.149Z,Metadata inventoried; proof review only where explicitly recorded in the closure report; baseline active-tree inventory + bounded R17 updates; refresh target metadata before mutation
1aQDmNdn8UZf8i44o5yNcfLOyJ-wEC4inuiVLfCoVnrs,GP-DER-110-v1.0 — Quantitative Exact-Torus Fixed-r Palm-Mass Lower Bound for the Route-B Box,CANON,METADATA_ONLY,CANON/00 — PRIORITY OPEN MATHEMATICAL TARGETS/P0.1 — UNIFORM ADJACENCY POSITIVITY/02_ACTIVE_DERIVATIONS,https://drive.google.com/file/d/1aQDmNdn8UZf8i44o5yNcfLOyJ-wEC4inuiVLfCoVnrs/view,2026-07-22T04:07:17.463Z,Metadata inventoried; proof review only where explicitly recorded in the closure report; baseline active-tree inventory + bounded R17 updates; refresh target metadata before mutation
1IKgJpRVd0xs095vgrCrxvc_K47QRyjNCrZkaAkXDvBs,GP-DER-112-v1.1 — Fixed-r Exact Full-Field Palm Positivity via Conditional Gaussian Support (C4/Scaled-Field Revision),CANON,METADATA_ONLY,CANON/00 — PRIORITY OPEN MATHEMATICAL TARGETS/P0.1 — UNIFORM ADJACENCY POSITIVITY/02_ACTIVE_DERIVATIONS,https://drive.google.com/file/d/1IKgJpRVd0xs095vgrCrxvc_K47QRyjNCrZkaAkXDvBs/view,2026-07-22T04:22:24.061Z,Metadata inventoried; proof review only where explicitly recorded in the closure report; baseline active-tree inventory + bounded R17 updates; refresh target metadata before mutation
1Dsr8bJ5LpCu5R0w3pLWYFY5RM1P0xzT1h4kYZAih4b4,GP-DER-114-v1.0 — Uniform-r Fixed-q Full-Dimensional Degree-Four Corridor for P0.1,CANON,METADATA_ONLY,CANON/00 — PRIORITY OPEN MATHEMATICAL TARGETS/P0.1 — UNIFORM ADJACENCY POSITIVITY/02_ACTIVE_DERIVATIONS,https://drive.google.com/file/d/1Dsr8bJ5LpCu5R0w3pLWYFY5RM1P0xzT1h4kYZAih4b4/view,2026-07-24T19:51:44.196Z,Metadata inventoried; proof review only where explicitly recorded in the closure report; baseline active-tree inventory + bounded R17 updates; refresh target metadata before mutation
1LFhBohVz6gtBSYXPPtApPt1tD2CgsoZMKrneBcAP58E,GP-DER-116-v1.0 — Uniform Positive Finite-Q4 Palm Mass of the Fixed-q Corridor,CANON,METADATA_ONLY,CANON/00 — PRIORITY OPEN MATHEMATICAL TARGETS/P0.1 — UNIFORM ADJACENCY POSITIVITY/02_ACTIVE_DERIVATIONS,https://drive.google.com/file/d/1LFhBohVz6gtBSYXPPtApPt1tD2CgsoZMKrneBcAP58E/view,2026-07-22T04:52:11.059Z,Metadata inventoried; proof review only where explicitly recorded in the closure report; baseline active-tree inventory + bounded R17 updates; refresh target metadata before mutation
1xvBOg4WeaHbEXk4uJqGQ-yvhkL1BG4XJ-XSvXZZxS-Y,GP-DER-118-v1.0 — Exact Full-Field Endpoint-Hessian Divided Differences and Palm Normalizer Scaling,CANON,METADATA_ONLY,CANON/00 — PRIORITY OPEN MATHEMATICAL TARGETS/P0.1 — UNIFORM ADJACENCY POSITIVITY/02_ACTIVE_DERIVATIONS,https://drive.google.com/file/d/1xvBOg4WeaHbEXk4uJqGQ-yvhkL1BG4XJ-XSvXZZxS-Y/view,2026-07-22T05:21:13.987Z,Metadata inventoried; proof review only where explicitly recorded in the closure report; baseline active-tree inventory + bounded R17 updates; refresh target metadata before mutation
1z5Dekkrh-Oahvu0mPsvXpwUDiFTC0-gRnwbER6UWXEM,GP-DER-118-v1.1 — Exact Full-Field Normalizer and Uniform P0.1 Positivity Synthesis,CANON,METADATA_ONLY,CANON/00 — PRIORITY OPEN MATHEMATICAL TARGETS/P0.1 — UNIFORM ADJACENCY POSITIVITY/02_ACTIVE_DERIVATIONS,https://drive.google.com/file/d/1z5Dekkrh-Oahvu0mPsvXpwUDiFTC0-gRnwbER6UWXEM/view,2026-07-22T05:15:07.310Z,Metadata inventoried; proof review only where explicitly recorded in the closure report; baseline active-tree inventory + bounded R17 updates; refresh target metadata before mutation
1JYo19Ws2ERYLIayxIhbxHWQKIGj4BKExpk1250TZ7Nc,GP-DER-118-v1.2 — Exact Full-Field Normalizer and Uniform P0.1 Positivity Synthesis (Weak-Convergence Revision),CANON,METADATA_ONLY,CANON/00 — PRIORITY OPEN MATHEMATICAL TARGETS/P0.1 — UNIFORM ADJACENCY POSITIVITY/02_ACTIVE_DERIVATIONS,https://drive.google.com/file/d/1JYo19Ws2ERYLIayxIhbxHWQKIGj4BKExpk1250TZ7Nc/view,2026-07-22T05:43:42.483Z,Metadata inventoried; proof review only where explicitly recorded in the closure report; baseline active-tree inventory + bounded R17 updates; refresh target metadata before mutation
1rDBs-tak2WVMRKNJOex8Cht9L_YmBy5H0FJWWZ1lsXU,GP-DER-118-v1.3 — Exact Full-Field Normalizer and Uniform P0.1 Positivity Synthesis (Clean Review Revision),CANON,METADATA_ONLY,CANON/00 — PRIORITY OPEN MATHEMATICAL TARGETS/P0.1 — UNIFORM ADJACENCY POSITIVITY/02_ACTIVE_DERIVATIONS,https://drive.google.com/file/d/1rDBs-tak2WVMRKNJOex8Cht9L_YmBy5H0FJWWZ1lsXU/view,2026-07-26T03:08:24.351Z,Metadata inventoried; proof review only where explicitly recorded in the closure report; baseline active-tree inventory + bounded R17 updates; refresh target metadata before mutation
1y6g3qdwNA081iFsWUNCKJ7lbPSgR6dbkYlNwTUmOoBY,"GP-DER-118-v1.6 — Exact Selected-Branch Positivity Synthesis with Complete Source Addressing, Coupling-Safe Limit, and Closed Radius Ledger",CANON,METADATA_ONLY,CANON/00 — PRIORITY OPEN MATHEMATICAL TARGETS/P0.1 — UNIFORM ADJACENCY POSITIVITY/02_ACTIVE_DERIVATIONS,https://drive.google.com/file/d/1y6g3qdwNA081iFsWUNCKJ7lbPSgR6dbkYlNwTUmOoBY/view,2026-07-26T02:59:38.545Z,Metadata inventoried; proof review only where explicitly recorded in the closure report; baseline active-tree inventory + bounded R17 updates; refresh target metadata before mutation
1Ey625P0qxjCnmbakpDURN3nB_ZN3j4tSji3eyvNZMns,GP-DER-119-v1.0 — Uniform Exact Full-Field P0.1 Positivity from the Fixed-q Corridor,CANON,METADATA_ONLY,CANON/00 — PRIORITY OPEN MATHEMATICAL TARGETS/P0.1 — UNIFORM ADJACENCY POSITIVITY/02_ACTIVE_DERIVATIONS,https://drive.google.com/file/d/1Ey625P0qxjCnmbakpDURN3nB_ZN3j4tSji3eyvNZMns/view,2026-07-22T05:21:35.578Z,Metadata inventoried; proof review only where explicitly recorded in the closure report; baseline active-tree inventory + bounded R17 updates; refresh target metadata before mutation
1Ud3dXlYGMCkIOAdYGdMAAKO6xWn-f_2o1pUGlp1G3Ao,GP-DER-143-v1.0 — Compact-Parameter Conditional Small-Ball Reduction for Uniform Exact-Field Adjacency Positivity,CANON,METADATA_ONLY,CANON/00 — PRIORITY OPEN MATHEMATICAL TARGETS/P0.1 — UNIFORM ADJACENCY POSITIVITY/02_ACTIVE_DERIVATIONS,https://drive.google.com/file/d/1Ud3dXlYGMCkIOAdYGdMAAKO6xWn-f_2o1pUGlp1G3Ao/view,2026-07-22T23:39:32.230Z,Metadata inventoried; proof review only where explicitly recorded in the closure report; baseline active-tree inventory + bounded R17 updates; refresh target metadata before mutation
1jEqiyb3ifvF1SS2kee36Q949KTUqR_N9on-uITC5KPc,GP-DER-143-v1.1 — Corrected Compact Small-Ball Lemma and Alternate U1 Route,CANON,METADATA_ONLY,CANON/00 — PRIORITY OPEN MATHEMATICAL TARGETS/P0.1 — UNIFORM ADJACENCY POSITIVITY/02_ACTIVE_DERIVATIONS,https://drive.google.com/file/d/1jEqiyb3ifvF1SS2kee36Q949KTUqR_N9on-uITC5KPc/view,2026-07-22T23:35:03.365Z,Metadata inventoried; proof review only where explicitly recorded in the closure report; baseline active-tree inventory + bounded R17 updates; refresh target metadata before mutation
1PmE1_DJ0YERvMCYjgqi9pDX6fe6x2mbn66zGoBMYbYk,GP-DER-146-v1.0 — Uniform Fifteen-Constraint High-Jet Tail and Direct Small-Ball Substitute for U1,CANON,METADATA_ONLY,CANON/00 — PRIORITY OPEN MATHEMATICAL TARGETS/P0.1 — UNIFORM ADJACENCY POSITIVITY/02_ACTIVE_DERIVATIONS,https://drive.google.com/file/d/1PmE1_DJ0YERvMCYjgqi9pDX6fe6x2mbn66zGoBMYbYk/view,2026-07-23T00:02:54.926Z,Metadata inventoried; proof review only where explicitly recorded in the closure report; baseline active-tree inventory + bounded R17 updates; refresh target metadata before mutation
1Vom-SmByypl4jPBVGOI0xSqOV01Gyk01z5rCFBl7qVk,GP-DER-204-v1.0 — Explicit Small-r Nine-Jet Base-Mass Certificate for P0.1,CANON,METADATA_ONLY,CANON/00 — PRIORITY OPEN MATHEMATICAL TARGETS/P0.1 — UNIFORM ADJACENCY POSITIVITY/02_ACTIVE_DERIVATIONS,https://drive.google.com/file/d/1Vom-SmByypl4jPBVGOI0xSqOV01Gyk01z5rCFBl7qVk/view,2026-07-25T23:22:36.231Z,Metadata inventoried; proof review only where explicitly recorded in the closure report; baseline active-tree inventory + bounded R17 updates; refresh target metadata before mutation
1vuzGBPeTHoGGFhjqMXpIhfRtY8IVmCmxaQ2yo84A2cg,GP-DER-206-v1.0 — Explicit Conditioned Fifth-Derivative Tail Radius for P0.1 Domain T,CANON,METADATA_ONLY,CANON/00 — PRIORITY OPEN MATHEMATICAL TARGETS/P0.1 — UNIFORM ADJACENCY POSITIVITY/02_ACTIVE_DERIVATIONS,https://drive.google.com/file/d/1vuzGBPeTHoGGFhjqMXpIhfRtY8IVmCmxaQ2yo84A2cg/view,2026-07-25T22:27:38.420Z,Metadata inventoried; proof review only where explicitly recorded in the closure report; baseline active-tree inventory + bounded R17 updates; refresh target metadata before mutation
1Ibo-wkDU6yt0TILgs722vIMqHonbB56E5FR2bV_Vkyo,GP-DER-208-v1.0 — Exact Endpoint Normalizer Upper Bound for P0.1,CANON,METADATA_ONLY,CANON/00 — PRIORITY OPEN MATHEMATICAL TARGETS/P0.1 — UNIFORM ADJACENCY POSITIVITY/02_ACTIVE_DERIVATIONS,https://drive.google.com/file/d/1Ibo-wkDU6yt0TILgs722vIMqHonbB56E5FR2bV_Vkyo/view,2026-07-25T23:52:15.348Z,Metadata inventoried; proof review only where explicitly recorded in the closure report; baseline active-tree inventory + bounded R17 updates; refresh target metadata before mutation
1XPukFF2usb9WyA2bRVvxwKebOxtHakZGJlfRSf7ewds,GP-DER-212-v1.0 — Full-Matrix and Explicit-Geometry Repair of the P0.1 Nine-Jet Base-Mass Certificate,CANON,METADATA_ONLY,CANON/00 — PRIORITY OPEN MATHEMATICAL TARGETS/P0.1 — UNIFORM ADJACENCY POSITIVITY/02_ACTIVE_DERIVATIONS,https://drive.google.com/file/d/1XPukFF2usb9WyA2bRVvxwKebOxtHakZGJlfRSf7ewds/view,2026-07-25T23:20:33.418Z,Metadata inventoried; proof review only where explicitly recorded in the closure report; baseline active-tree inventory + bounded R17 updates; refresh target metadata before mutation
1GvbQcyNRxUbR-nqvWXWIU3LmwiqStZd_8mKFzmykSkM,GP-DER-214-v1.0 — R-Uniform Exact Endpoint Normalizer Upper-Bound Successor,CANON,METADATA_ONLY,CANON/00 — PRIORITY OPEN MATHEMATICAL TARGETS/P0.1 — UNIFORM ADJACENCY POSITIVITY/02_ACTIVE_DERIVATIONS,https://drive.google.com/file/d/1GvbQcyNRxUbR-nqvWXWIU3LmwiqStZd_8mKFzmykSkM/view,2026-07-26T16:10:17.230Z,Metadata inventoried; proof review only where explicitly recorded in the closure report; baseline active-tree inventory + bounded R17 updates; refresh target metadata before mutation
1X9nr7tRhGrudpTdS-4QVsGxGoEAjt0OxLI7SEt592kg,GP-REQ-213-v1.0 — Independent Review of GP-DATA-212 Full-Matrix Nine-Jet Base-Mass Successor,CANON,METADATA_ONLY,CANON/00 — PRIORITY OPEN MATHEMATICAL TARGETS/P0.1 — UNIFORM ADJACENCY POSITIVITY/02_ACTIVE_DERIVATIONS,https://drive.google.com/file/d/1X9nr7tRhGrudpTdS-4QVsGxGoEAjt0OxLI7SEt592kg/view,2026-07-26T02:54:36.697Z,Metadata inventoried; proof review only where explicitly recorded in the closure report; baseline active-tree inventory + bounded R17 updates; refresh target metadata before mutation
1YbajsrLANYEGPtk5oKJzeVVuK7WU9Ce9Pi_3Gx9Nv3U,GP-REQ-215-v1.0 — Independent Review of GP-DATA-214 R-Uniform Exact Upper Normalizer Successor,CANON,METADATA_ONLY,CANON/00 — PRIORITY OPEN MATHEMATICAL TARGETS/P0.1 — UNIFORM ADJACENCY POSITIVITY/02_ACTIVE_DERIVATIONS,https://drive.google.com/file/d/1YbajsrLANYEGPtk5oKJzeVVuK7WU9Ce9Pi_3Gx9Nv3U/view,2026-07-26T02:58:57.206Z,Metadata inventoried; proof review only where explicitly recorded in the closure report; baseline active-tree inventory + bounded R17 updates; refresh target metadata before mutation
11BoGn054LHON8F9stoB_OtfeeMqYEHxAQU02cIqWwJE,LCR-COR-060-v1.0 — Reconciliation of P0.1 Normalizer Radius and Conditional One-Sided Reduction,CANON,METADATA_ONLY,CANON/00 — PRIORITY OPEN MATHEMATICAL TARGETS/P0.1 — UNIFORM ADJACENCY POSITIVITY/02_ACTIVE_DERIVATIONS,https://drive.google.com/file/d/11BoGn054LHON8F9stoB_OtfeeMqYEHxAQU02cIqWwJE/view,2026-07-25T13:38:32.068Z,Metadata inventoried; proof review only where explicitly recorded in the closure report; baseline active-tree inventory + bounded R17 updates; refresh target metadata before mutation
1GbZajOphtKmnmK7Iwgf2XdxYvz0YcDJ64KB65Ze-dNs,LS-DER-004-v1.0 — Explicit D+ Chart-Coverage Lemma for P0.1 Domain D,CANON,METADATA_ONLY,CANON/00 — PRIORITY OPEN MATHEMATICAL TARGETS/P0.1 — UNIFORM ADJACENCY POSITIVITY/02_ACTIVE_DERIVATIONS,https://drive.google.com/file/d/1GbZajOphtKmnmK7Iwgf2XdxYvz0YcDJ64KB65Ze-dNs/view,2026-07-24T23:00:49.001Z,Metadata inventoried; proof review only where explicitly recorded in the closure report; baseline active-tree inventory + bounded R17 updates; refresh target metadata before mutation
1744xIkPdn3Uqf5EcopksMoEL56-4LkbhKzKRP2A98i8,"LS-DER-005-v1.0 — Exact Law, Event, Weight, and Palm-Quotient Object Crosswalk for P0.1",CANON,METADATA_ONLY,CANON/00 — PRIORITY OPEN MATHEMATICAL TARGETS/P0.1 — UNIFORM ADJACENCY POSITIVITY/02_ACTIVE_DERIVATIONS,https://drive.google.com/file/d/1744xIkPdn3Uqf5EcopksMoEL56-4LkbhKzKRP2A98i8/view,2026-07-24T23:43:48.372Z,Metadata inventoried; proof review only where explicitly recorded in the closure report; baseline active-tree inventory + bounded R17 updates; refresh target metadata before mutation
1LynvLLrTqLlI24_GQIMuMcqPkDd3uLmV91QBqgq-Frw,LS-DER-007-v1.0 — P0.1 Common-Radius Dependency Ledger and Quantitative Bottleneck Theorem,CANON,METADATA_ONLY,CANON/00 — PRIORITY OPEN MATHEMATICAL TARGETS/P0.1 — UNIFORM ADJACENCY POSITIVITY/02_ACTIVE_DERIVATIONS,https://drive.google.com/file/d/1LynvLLrTqLlI24_GQIMuMcqPkDd3uLmV91QBqgq-Frw/view,2026-07-25T13:39:00.913Z,Metadata inventoried; proof review only where explicitly recorded in the closure report; baseline active-tree inventory + bounded R17 updates; refresh target metadata before mutation
1tFNnZkzPtoTDjmQQrYP2qwvHQRIJRiOfVYLgy52uY0s,LS-DER-008-v1.0 — Explicit Exact Nine-Jet Density and Fixed-Box Mass Certificate on the P0.1 Radius,CANON,METADATA_ONLY,CANON/00 — PRIORITY OPEN MATHEMATICAL TARGETS/P0.1 — UNIFORM ADJACENCY POSITIVITY/02_ACTIVE_DERIVATIONS,https://drive.google.com/file/d/1tFNnZkzPtoTDjmQQrYP2qwvHQRIJRiOfVYLgy52uY0s/view,2026-07-25T12:07:18.693Z,Metadata inventoried; proof review only where explicitly recorded in the closure report; baseline active-tree inventory + bounded R17 updates; refresh target metadata before mutation
1Mb5aMFyjX_6vxqIUcHYRwuQE3AsfBoyv,"CL-DATA-051_p01_jetbox.py — RAW SOURCE (5,760 bytes; SHA-256 f2083e1571e2f7d2de259981dfc9233ae519a318872c90b8015105dfaff4651c)",CANON,METADATA_ONLY,CANON/00 — PRIORITY OPEN MATHEMATICAL TARGETS/P0.1 — UNIFORM ADJACENCY POSITIVITY/03_COMPUTATION_AND_TESTS,https://drive.google.com/file/d/1Mb5aMFyjX_6vxqIUcHYRwuQE3AsfBoyv/view,2026-07-22T02:05:45.948Z,Metadata inventoried; proof review only where explicitly recorded in the closure report; baseline active-tree inventory + bounded R17 updates; refresh target metadata before mutation
1V-F9DGhqW1qNET2v9wzugEeVXqJrHMqA,"CL-DATA-051_p01_results.json — RAW RESULTS, a_r and capture jet-box (1,185 bytes; SHA-256 d31cd2797c9adfdd7073c48ee110cd34a6d1588ab79c8d7884f5d5f4caa25244)",CANON,METADATA_ONLY,CANON/00 — PRIORITY OPEN MATHEMATICAL TARGETS/P0.1 — UNIFORM ADJACENCY POSITIVITY/03_COMPUTATION_AND_TESTS,https://drive.google.com/file/d/1V-F9DGhqW1qNET2v9wzugEeVXqJrHMqA/view,2026-07-22T02:05:53.524Z,Metadata inventoried; proof review only where explicitly recorded in the closure report; baseline active-tree inventory + bounded R17 updates; refresh target metadata before mutation
1SiKxJoq1OGnEDFsdtunRP8Uf0J_Y6i3Davgyh89xIbw,GP-DATA-104-v1.0 — Byte-Exact Source Capsule for the P0.1 Jet-Box Adversarial Audit,CANON,METADATA_ONLY,CANON/00 — PRIORITY OPEN MATHEMATICAL TARGETS/P0.1 — UNIFORM ADJACENCY POSITIVITY/03_COMPUTATION_AND_TESTS,https://drive.google.com/file/d/1SiKxJoq1OGnEDFsdtunRP8Uf0J_Y6i3Davgyh89xIbw/view,2026-07-22T03:02:47.873Z,Metadata inventoried; proof review only where explicitly recorded in the closure report; baseline active-tree inventory + bounded R17 updates; refresh target metadata before mutation
1sAbtS40ioX91gxiYRpbTZVg2hmqDqQu-z5HklYMibe4,GP-DATA-106-v1.0 — Byte-Exact Capsule for the Full-Dimensional Route-B Degree-Four Box,CANON,METADATA_ONLY,CANON/00 — PRIORITY OPEN MATHEMATICAL TARGETS/P0.1 — UNIFORM ADJACENCY POSITIVITY/03_COMPUTATION_AND_TESTS,https://drive.google.com/file/d/1sAbtS40ioX91gxiYRpbTZVg2hmqDqQu-z5HklYMibe4/view,2026-07-22T03:23:11.473Z,Metadata inventoried; proof review only where explicitly recorded in the closure report; baseline active-tree inventory + bounded R17 updates; refresh target metadata before mutation
18uw_WMQnxJttvwzoQd_UwohKwwPO09rJBKyUyrDiDkM,GP-DATA-110-v1.0 — Byte-Exact Capsule for the Fixed-r Exact-Torus Palm-Mass Lower Bound,CANON,METADATA_ONLY,CANON/00 — PRIORITY OPEN MATHEMATICAL TARGETS/P0.1 — UNIFORM ADJACENCY POSITIVITY/03_COMPUTATION_AND_TESTS,https://drive.google.com/file/d/18uw_WMQnxJttvwzoQd_UwohKwwPO09rJBKyUyrDiDkM/view,2026-07-22T04:07:53.365Z,Metadata inventoried; proof review only where explicitly recorded in the closure report; baseline active-tree inventory + bounded R17 updates; refresh target metadata before mutation
1f__v4_Nn61G0yRzJgDSJymMIT7iMB3hUI6kc6qGtU9U,GP-DATA-114-v1.1 — Verified Byte-Exact Capsule for the Uniform-r Fixed-q Degree-Four Corridor Box,CANON,METADATA_ONLY,CANON/00 — PRIORITY OPEN MATHEMATICAL TARGETS/P0.1 — UNIFORM ADJACENCY POSITIVITY/03_COMPUTATION_AND_TESTS,https://drive.google.com/file/d/1f__v4_Nn61G0yRzJgDSJymMIT7iMB3hUI6kc6qGtU9U/view,2026-07-25T23:29:00.132Z,Metadata inventoried; proof review only where explicitly recorded in the closure report; baseline active-tree inventory + bounded R17 updates; refresh target metadata before mutation
1NuxlEngfFjqnM7HZ2347v-Y6zLeWM9v6kyUGCcM3YT0,GP-DATA-123-v1.0 — Frozen Content-Addressed Snapshot of GP-DER-118-v1.3,CANON,METADATA_ONLY,CANON/00 — PRIORITY OPEN MATHEMATICAL TARGETS/P0.1 — UNIFORM ADJACENCY POSITIVITY/03_COMPUTATION_AND_TESTS,https://drive.google.com/file/d/1NuxlEngfFjqnM7HZ2347v-Y6zLeWM9v6kyUGCcM3YT0/view,2026-07-26T03:08:55.158Z,Metadata inventoried; proof review only where explicitly recorded in the closure report; baseline active-tree inventory + bounded R17 updates; refresh target metadata before mutation
1gjFJb0t6jlCLSRptYZx86ftRb-YjKa6oay_qAFI2j-E,LS-DATA-008-v1.0 — Explicit Nine-Jet Density Certificate Source and Result Manifest,CANON,METADATA_ONLY,CANON/00 — PRIORITY OPEN MATHEMATICAL TARGETS/P0.1 — UNIFORM ADJACENCY POSITIVITY/03_COMPUTATION_AND_TESTS,https://drive.google.com/file/d/1gjFJb0t6jlCLSRptYZx86ftRb-YjKa6oay_qAFI2j-E/view,2026-07-25T12:07:33.329Z,Metadata inventoried; proof review only where explicitly recorded in the closure report; baseline active-tree inventory + bounded R17 updates; refresh target metadata before mutation
1hUdMdoRf6a6072BvCyl-7RCQKSGbKUe-DJ_PmMsQbi4,LS-DATA-010-v1.0 — Exact-Torus Envelope Source for P0.1 Normalizer,CANON,METADATA_ONLY,CANON/00 — PRIORITY OPEN MATHEMATICAL TARGETS/P0.1 — UNIFORM ADJACENCY POSITIVITY/03_COMPUTATION_AND_TESTS,https://drive.google.com/file/d/1hUdMdoRf6a6072BvCyl-7RCQKSGbKUe-DJ_PmMsQbi4/view,2026-07-25T13:41:55.626Z,Metadata inventoried; proof review only where explicitly recorded in the closure report; baseline active-tree inventory + bounded R17 updates; refresh target metadata before mutation
1kV9H-CJCNlN3nu4OC8NAo1oGitVsSJbg5qjGcdlokZM,GP-DATA-178-v1.0 — Byte-Exact Corrected Uniform-r Fixed-q Interval Capsule,CANON,METADATA_ONLY,CANON/00 — PRIORITY OPEN MATHEMATICAL TARGETS/P0.1 — UNIFORM ADJACENCY POSITIVITY/03_COMPUTATION_AND_TESTS/P0.1 — 2026-07-24 SUPPORTING DATA AND INTERVAL CAPSULES,https://drive.google.com/file/d/1kV9H-CJCNlN3nu4OC8NAo1oGitVsSJbg5qjGcdlokZM/view,2026-07-24T19:56:40.880Z,Metadata inventoried; proof review only where explicitly recorded in the closure report; baseline active-tree inventory + bounded R17 updates; refresh target metadata before mutation
1Ha5KEZblAWINKI4OKnak88oR9fFGl-jtntrT_gFMxQw,GP-DATA-181-v1.0 — P0.1 Domain-G Exact Symbolic Companion and Frozen-Hash Receipt,CANON,METADATA_ONLY,CANON/00 — PRIORITY OPEN MATHEMATICAL TARGETS/P0.1 — UNIFORM ADJACENCY POSITIVITY/03_COMPUTATION_AND_TESTS/P0.1 — 2026-07-24 SUPPORTING DATA AND INTERVAL CAPSULES,https://drive.google.com/file/d/1Ha5KEZblAWINKI4OKnak88oR9fFGl-jtntrT_gFMxQw/view,2026-07-24T20:19:44.704Z,Metadata inventoried; proof review only where explicitly recorded in the closure report; baseline active-tree inventory + bounded R17 updates; refresh target metadata before mutation
1-TQ5qj7AVx99jc-bnB7Otq1AMiIyjRYF,GP-DATA-228-v1.0 — GP-DER-118-v1.6 Frozen Theorem Body.txt,CANON,METADATA_ONLY,CANON/00 — PRIORITY OPEN MATHEMATICAL TARGETS/P0.1 — UNIFORM ADJACENCY POSITIVITY/03_COMPUTATION_AND_TESTS/P0.1 — 2026-07-24 SUPPORTING DATA AND INTERVAL CAPSULES,https://drive.google.com/file/d/1-TQ5qj7AVx99jc-bnB7Otq1AMiIyjRYF/view,2026-07-26T02:57:54.997Z,Metadata inventoried; proof review only where explicitly recorded in the closure report; baseline active-tree inventory + bounded R17 updates; refresh target metadata before mutation
1M9lVO7FYuZcf-NzJQTo2VaFg2xmnXIC3,"AO48-AUD-030 - APPROVE GP-DER-161 exact fixed-r nondegeneracy proof - Vandermonde route, exact integer receipt, spectral premise re-derived - EC-019 T1",CANON,METADATA_ONLY,CANON/00 — PRIORITY OPEN MATHEMATICAL TARGETS/P0.1 — UNIFORM ADJACENCY POSITIVITY/04_REVIEW_AND_FALSIFIERS,https://drive.google.com/file/d/1M9lVO7FYuZcf-NzJQTo2VaFg2xmnXIC3/view,2026-07-25T13:08:06.402Z,Metadata inventoried; proof review only where explicitly recorded in the closure report; baseline active-tree inventory + bounded R17 updates; refresh target metadata before mutation
113-d9J0Ese2GwPYJw_I5Kb9yx5zSAw8X7yXU2Tqef-0,"CL-AUD-051 — First substantive P0.1 evidence: a_r ≥ 0.99999992 uniformly across accessible rungs, AND an explicit open capture jet-box with r-stable exact-law mass P_MS ≈ 0.71 (72/72 verified) — the positive-probability corridor P0.1 / GP-DER-034 §7.5 requested",CANON,METADATA_ONLY,CANON/00 — PRIORITY OPEN MATHEMATICAL TARGETS/P0.1 — UNIFORM ADJACENCY POSITIVITY/04_REVIEW_AND_FALSIFIERS,https://drive.google.com/file/d/113-d9J0Ese2GwPYJw_I5Kb9yx5zSAw8X7yXU2Tqef-0/view,2026-07-22T03:12:16.853Z,Metadata inventoried; proof review only where explicitly recorded in the closure report; baseline active-tree inventory + bounded R17 updates; refresh target metadata before mutation
1OxiomTxFK5bAxR1gA8YuACev0xT6tHae,CL-AUD-061 — CL review of GP-DER-112-v1.1 (assigned LB-ARCH comparison): STRUCTURE AGREES with the closed OBL-LB-ARCH mechanism; drop the unneeded uniform ε*; load isolated to GP-DER-106 capture-openness (interior saddle NOT frozen — sharpest difference),CANON,METADATA_ONLY,CANON/00 — PRIORITY OPEN MATHEMATICAL TARGETS/P0.1 — UNIFORM ADJACENCY POSITIVITY/04_REVIEW_AND_FALSIFIERS,https://drive.google.com/file/d/1OxiomTxFK5bAxR1gA8YuACev0xT6tHae/view,2026-07-22T04:27:38.436Z,Metadata inventoried; proof review only where explicitly recorded in the closure report; baseline active-tree inventory + bounded R17 updates; refresh target metadata before mutation
1XwZbAFmBTqPOswf68bVE9cvrtKF7oio9,"CL-AUD-062 — GP-DER-106 capture IS open-condition-certified (resolves CL-AUD-061's key question); box-def fidelity + binding-margin consistency verified; byte-exact rerun needs raw file; CL-AUD-051 vs 106 are complementary (mass vs continuum), different normalizations",CANON,METADATA_ONLY,CANON/00 — PRIORITY OPEN MATHEMATICAL TARGETS/P0.1 — UNIFORM ADJACENCY POSITIVITY/04_REVIEW_AND_FALSIFIERS,https://drive.google.com/file/d/1XwZbAFmBTqPOswf68bVE9cvrtKF7oio9/view,2026-07-22T04:43:45.359Z,Metadata inventoried; proof review only where explicitly recorded in the closure report; baseline active-tree inventory + bounded R17 updates; refresh target metadata before mutation
1rdsSGhM9_0JWy8htSgBtpRCBjxYx4ku978uY8fsfIfM,CL-AUD-070-v1.0 — Independent CL review of GP-CLS-PROP-020-v1.1 (EC-017 finite-Q4 Palm mass): APPROVE EXACT SCOPE; numerical lower bound also verified,CANON,METADATA_ONLY,CANON/00 — PRIORITY OPEN MATHEMATICAL TARGETS/P0.1 — UNIFORM ADJACENCY POSITIVITY/04_REVIEW_AND_FALSIFIERS,https://drive.google.com/file/d/1rdsSGhM9_0JWy8htSgBtpRCBjxYx4ku978uY8fsfIfM/view,2026-07-22T07:26:20.161Z,Metadata inventoried; proof review only where explicitly recorded in the closure report; baseline active-tree inventory + bounded R17 updates; refresh target metadata before mutation
1dPENA49b8OYp-a9wF4-CFaoCvMK_pCS9A9QUwlBd77k,CL-AUD-070-v1.1 ADDENDUM — EC-017 residual DISCHARGED: independent from-scratch λmin(Σr) recompute = 0.4332852748… matches GP-DER-108 to 61 digits,CANON,METADATA_ONLY,CANON/00 — PRIORITY OPEN MATHEMATICAL TARGETS/P0.1 — UNIFORM ADJACENCY POSITIVITY/04_REVIEW_AND_FALSIFIERS,https://drive.google.com/file/d/1dPENA49b8OYp-a9wF4-CFaoCvMK_pCS9A9QUwlBd77k/view,2026-07-22T07:53:43.730Z,Metadata inventoried; proof review only where explicitly recorded in the closure report; baseline active-tree inventory + bounded R17 updates; refresh target metadata before mutation
1R4rn9BE8mdSQ_PUW7FBvfPu0ePoaaLOiUnXrCuiIu4w,"CL-AUD-071-v1.0 — Independent CL interval/scope review of GP-DATA-106 (EC-018 Route-B degree-four interval box): PASS, byte-exact reproduction",CANON,METADATA_ONLY,CANON/00 — PRIORITY OPEN MATHEMATICAL TARGETS/P0.1 — UNIFORM ADJACENCY POSITIVITY/04_REVIEW_AND_FALSIFIERS,https://drive.google.com/file/d/1R4rn9BE8mdSQ_PUW7FBvfPu0ePoaaLOiUnXrCuiIu4w/view,2026-07-22T07:26:39.948Z,Metadata inventoried; proof review only where explicitly recorded in the closure report; baseline active-tree inventory + bounded R17 updates; refresh target metadata before mutation
1mso1nqkIBjgRiQ985eEwh2lbe-HhnKwz3nXfqWIQfS0,"CL-AUD-072-v1.0 — Independent CL R1–R10 review of EC-019 (GP-CLS-PROP-023 / GP-DER-112-v1.1): SUPPORT ON THE MERITS (9 PASS, 1 cosmetic AMEND); NON-TERMINAL (organizational-independence gate)",CANON,METADATA_ONLY,CANON/00 — PRIORITY OPEN MATHEMATICAL TARGETS/P0.1 — UNIFORM ADJACENCY POSITIVITY/04_REVIEW_AND_FALSIFIERS,https://drive.google.com/file/d/1mso1nqkIBjgRiQ985eEwh2lbe-HhnKwz3nXfqWIQfS0/view,2026-07-22T23:12:01.619Z,Metadata inventoried; proof review only where explicitly recorded in the closure report; baseline active-tree inventory + bounded R17 updates; refresh target metadata before mutation
13y52S48vIpZEO29BJw7RhXyZaZB6BTCiwTFDLQ_6-l8,CL-AUD-073-v1.0 — Independent CL interval/monotonicity review of EC-020 (GP-DER-114 / GP-DATA-114-v1.1): APPROVE EXACT INTERVAL AND MONOTONICITY SCOPE,CANON,METADATA_ONLY,CANON/00 — PRIORITY OPEN MATHEMATICAL TARGETS/P0.1 — UNIFORM ADJACENCY POSITIVITY/04_REVIEW_AND_FALSIFIERS,https://drive.google.com/file/d/13y52S48vIpZEO29BJw7RhXyZaZB6BTCiwTFDLQ_6-l8/view,2026-07-22T16:08:10.286Z,Metadata inventoried; proof review only where explicitly recorded in the closure report; baseline active-tree inventory + bounded R17 updates; refresh target metadata before mutation
1dqPo81PbLBofWYbJXYi6q_gc9XzkLgo26ibC1vv9GlM,"CL-AUD-074-v1.0 — Independent CL Q1–Q10 review of EC-021 (GP-DER-116 uniform finite-Q4 Palm mass): APPROVE EXACT UNIFORM FINITE-Q4 SCOPE (conditional on EC-020, reviewed concurrently in CL-AUD-073)",CANON,METADATA_ONLY,CANON/00 — PRIORITY OPEN MATHEMATICAL TARGETS/P0.1 — UNIFORM ADJACENCY POSITIVITY/04_REVIEW_AND_FALSIFIERS,https://drive.google.com/file/d/1dqPo81PbLBofWYbJXYi6q_gc9XzkLgo26ibC1vv9GlM/view,2026-07-22T16:09:00.834Z,Metadata inventoried; proof review only where explicitly recorded in the closure report; baseline active-tree inventory + bounded R17 updates; refresh target metadata before mutation
1kK3Kw2Kve9Wc2qlDTM6PN2QTpTDr6Rvv8mM2vSpW8_M,CL-AUD-081-v1.0 — Independent re-execution of EC-019's load-bearing claims: dynamical capture core CONFIRMED robust (generic model); nondegeneracy + GP-DER-106 exact margins NOT independently reproduced; NON-TERMINAL,CANON,METADATA_ONLY,CANON/00 — PRIORITY OPEN MATHEMATICAL TARGETS/P0.1 — UNIFORM ADJACENCY POSITIVITY/04_REVIEW_AND_FALSIFIERS,https://drive.google.com/file/d/1kK3Kw2Kve9Wc2qlDTM6PN2QTpTDr6Rvv8mM2vSpW8_M/view,2026-07-23T17:38:56.402Z,Metadata inventoried; proof review only where explicitly recorded in the closure report; baseline active-tree inventory + bounded R17 updates; refresh target metadata before mutation
1giN6IbjB35_TTBInVEpzSE84nkBqfG6K,CL-AUD-082-v1.0 — ACTIVE A-LINE — T1 SYMBOLIC PASS + HIGH-PRECISION CLAIM (SOURCE PUBLICATION PENDING),CANON,METADATA_ONLY,CANON/00 — PRIORITY OPEN MATHEMATICAL TARGETS/P0.1 — UNIFORM ADJACENCY POSITIVITY/04_REVIEW_AND_FALSIFIERS,https://drive.google.com/file/d/1giN6IbjB35_TTBInVEpzSE84nkBqfG6K/view,2026-07-23T17:48:41.126Z,Metadata inventoried; proof review only where explicitly recorded in the closure report; baseline active-tree inventory + bounded R17 updates; refresh target metadata before mutation
1mPeTE_r-xy0x3kA1b-CDijcZ301M1sKV,"CL-AUD-084 RAW — cl_ec019_t2_verifier.py.gz (v1.0, pre-comparison freeze 2026-07-24T20:10:16Z) — gunzip yields 19311B source, raw sha256 181358f9a8209c8be51a5cc1cee0310a17317c5255c5e3f73e22bedfc0636fb5 (gzip 5974B sha256 fb1a92226cf553a6893f75e7a878160bc3ccbf5f3697fa1cc58be9b475c76d2b)",CANON,METADATA_ONLY,CANON/00 — PRIORITY OPEN MATHEMATICAL TARGETS/P0.1 — UNIFORM ADJACENCY POSITIVITY/04_REVIEW_AND_FALSIFIERS,https://drive.google.com/file/d/1mPeTE_r-xy0x3kA1b-CDijcZ301M1sKV/view,2026-07-25T12:32:33.884Z,Metadata inventoried; proof review only where explicitly recorded in the closure report; baseline active-tree inventory + bounded R17 updates; refresh target metadata before mutation
1QkiikCRZqdA2dzF0K4o09-8BhCUCPkwJ,"CL-AUD-084 RAW — cl_ec019_t2_verifier_v11.py.gz — gunzip yields 16024B source, raw sha256 7f007125204096d43200ba22c6e86712a10061b88db30d8b2d857915a21ea010 (gzip 5206B sha256 75bc55c532df223178ff99cca44ba7729ca3c0a155a5be586e7af2cdeec05a7c)",CANON,METADATA_ONLY,CANON/00 — PRIORITY OPEN MATHEMATICAL TARGETS/P0.1 — UNIFORM ADJACENCY POSITIVITY/04_REVIEW_AND_FALSIFIERS,https://drive.google.com/file/d/1QkiikCRZqdA2dzF0K4o09-8BhCUCPkwJ/view,2026-07-25T12:26:32.907Z,Metadata inventoried; proof review only where explicitly recorded in the closure report; baseline active-tree inventory + bounded R17 updates; refresh target metadata before mutation
1YPCGXTgn1r1OSeb33bhEUHNVpgD8XJwq,"CL-AUD-084 RAW — cl_result.json (v1.0, pre-comparison freeze 2026-07-24T20:10:16Z) — 5815B — sha256 1fa61b5196cd76d273cb30fa60daab34fb66ab784ce4f9db2991e82011a5b6bc",CANON,METADATA_ONLY,CANON/00 — PRIORITY OPEN MATHEMATICAL TARGETS/P0.1 — UNIFORM ADJACENCY POSITIVITY/04_REVIEW_AND_FALSIFIERS,https://drive.google.com/file/d/1YPCGXTgn1r1OSeb33bhEUHNVpgD8XJwq/view,2026-07-25T12:34:28.421Z,Metadata inventoried; proof review only where explicitly recorded in the closure report; baseline active-tree inventory + bounded R17 updates; refresh target metadata before mutation
1vcQ8sc95ZiWv3OxEN3xBEe5Bkd_xYa8S,"CL-AUD-084 RAW — cl_result.json.gz (v1.0 result, REPLACES the corrupt 5814-byte plain-json upload id 1YPCGXTgn1r1OSeb33bhEUHNVpgD8XJwq, which is VOID — transport error) — gunzip yields 5815B, raw sha256 1fa61b5196cd76d273cb30fa60daab34fb66ab784ce4f9db2991e82011a5b6bc (gzip 1915B sha256 18bcf3be733922eea919805db518a4e760ce95fdd65c29282e2ce65a8d8d8353)",CANON,METADATA_ONLY,CANON/00 — PRIORITY OPEN MATHEMATICAL TARGETS/P0.1 — UNIFORM ADJACENCY POSITIVITY/04_REVIEW_AND_FALSIFIERS,https://drive.google.com/file/d/1vcQ8sc95ZiWv3OxEN3xBEe5Bkd_xYa8S/view,2026-07-25T12:45:28.112Z,Metadata inventoried; proof review only where explicitly recorded in the closure report; baseline active-tree inventory + bounded R17 updates; refresh target metadata before mutation
1BOGbOKtIeBrp1EIE6HCDnHVVP-kD5WzJ,"CL-AUD-084 RAW — cl_result_v10.json.gz (v1.0 result, attempt 3 — SUPERSEDES void uploads 1YPCGXTgn1r1OSeb33bhEUHNVpgD8XJwq and 1vcQ8sc95ZiWv3OxEN3xBEe5Bkd_xYa8S) — gunzip yields 5815B, raw sha256 1fa61b5196cd76d273cb30fa60daab34fb66ab784ce4f9db2991e82011a5b6bc (gzip 1915B sha256 18bcf3be733922eea919805db518a4e760ce95fdd65c29282e2ce65a8d8d8353)",CANON,METADATA_ONLY,CANON/00 — PRIORITY OPEN MATHEMATICAL TARGETS/P0.1 — UNIFORM ADJACENCY POSITIVITY/04_REVIEW_AND_FALSIFIERS,https://drive.google.com/file/d/1BOGbOKtIeBrp1EIE6HCDnHVVP-kD5WzJ/view,2026-07-25T12:55:29.976Z,Metadata inventoried; proof review only where explicitly recorded in the closure report; baseline active-tree inventory + bounded R17 updates; refresh target metadata before mutation
1Q5Nbz2e0KCF6i0aGsbMWGLRW9kgUm6zK,"CL-AUD-084 RAW — cl_result_v11.json — 5841B — sha256 529942b72a4c9e0116310e11c1943aa296ff99fc3a5515dcdcc046a260541ca2 (v1.1 primary result record, frozen 2026-07-24T20:36:38Z)",CANON,METADATA_ONLY,CANON/00 — PRIORITY OPEN MATHEMATICAL TARGETS/P0.1 — UNIFORM ADJACENCY POSITIVITY/04_REVIEW_AND_FALSIFIERS,https://drive.google.com/file/d/1Q5Nbz2e0KCF6i0aGsbMWGLRW9kgUm6zK/view,2026-07-25T12:28:28.079Z,Metadata inventoried; proof review only where explicitly recorded in the closure report; baseline active-tree inventory + bounded R17 updates; refresh target metadata before mutation
1fPcQVK8ELz3uSbbJG6RyJtiexLNo_9waTgZgDWiX-R8,CL-AUD-084-v1.0 — Blinded Source-Independent EC-019 T2 Clean-Room Verdict — T2 PASS (19/19 margins rigorously positive; 5/5 controls executed and fire; 9/9 zero-radius mutations rejected; hashes frozen pre-comparison; byte-exact source capsule embedded),CANON,METADATA_ONLY,CANON/00 — PRIORITY OPEN MATHEMATICAL TARGETS/P0.1 — UNIFORM ADJACENCY POSITIVITY/04_REVIEW_AND_FALSIFIERS,https://drive.google.com/file/d/1fPcQVK8ELz3uSbbJG6RyJtiexLNo_9waTgZgDWiX-R8/view,2026-07-25T12:52:23.088Z,Metadata inventoried; proof review only where explicitly recorded in the closure report; baseline active-tree inventory + bounded R17 updates; refresh target metadata before mutation
1JilLbIMYnuoB3wbEDLVG6YMWzDRVad7y,"CL-AUD-084/219 RAW — cl219_results.json.gz — gunzip yields 30800B result, raw sha256 90cad61f0f9412ad9218f301fa3eb78a99230f03e5e81947f6e933a962b611dc (gzip 6262B sha256 6c58814a4e838641f16690b29af73356fe4b36f1eda24fd806cc64917a7dd38d) — REPLACES void 30347B upload id 16DuTZny5obWtbEgni_hZ4It4OsBbbc23",CANON,METADATA_ONLY,CANON/00 — PRIORITY OPEN MATHEMATICAL TARGETS/P0.1 — UNIFORM ADJACENCY POSITIVITY/04_REVIEW_AND_FALSIFIERS,https://drive.google.com/file/d/1JilLbIMYnuoB3wbEDLVG6YMWzDRVad7y/view,2026-07-25T20:26:44.406Z,Metadata inventoried; proof review only where explicitly recorded in the closure report; baseline active-tree inventory + bounded R17 updates; refresh target metadata before mutation
16qywYy9uxJL-3WdaqJM0WdXlXA0ESMcobHDWJZgTQy0,CL-AUD-201-v1.0 — Independent CL Verification of GP-DATA-178 Uniform-r Corridor (19/19 gates confirmed to 80 digits) + Monotonicity Audit + GP-DER-118-v1.3 Structural Review,CANON,METADATA_ONLY,CANON/00 — PRIORITY OPEN MATHEMATICAL TARGETS/P0.1 — UNIFORM ADJACENCY POSITIVITY/04_REVIEW_AND_FALSIFIERS,https://drive.google.com/file/d/16qywYy9uxJL-3WdaqJM0WdXlXA0ESMcobHDWJZgTQy0/view,2026-07-25T12:23:25.434Z,Metadata inventoried; proof review only where explicitly recorded in the closure report; baseline active-tree inventory + bounded R17 updates; refresh target metadata before mutation
1QfBwljs_j2ehbf3e2tGW7Nh5IbPHyNx9qo1DQ7IBxEo,CL-AUD-202-v1.0 — GP-DATA-106 Byte-Exact Reconstruction PASS via Raw Path; Float-Finalization Defect Confirmed (one stored bound overshoots exact by 6e-20); 18/19 Bounds Validated Against Exact Arithmetic,CANON,METADATA_ONLY,CANON/00 — PRIORITY OPEN MATHEMATICAL TARGETS/P0.1 — UNIFORM ADJACENCY POSITIVITY/04_REVIEW_AND_FALSIFIERS,https://drive.google.com/file/d/1QfBwljs_j2ehbf3e2tGW7Nh5IbPHyNx9qo1DQ7IBxEo/view,2026-07-25T12:43:43.123Z,Metadata inventoried; proof review only where explicitly recorded in the closure report; baseline active-tree inventory + bounded R17 updates; refresh target metadata before mutation
1mcUXHktxbLgipCfmJNhdIK0yGyNnX0VskEx3DRkm5aM,CL-AUD-203-v1.0 — P0.1 Proof-Stack Multi-Lens Review: 045/046/LS-COR-001 Deliver; Principal Confirmed Gap = GP-DER-118 §5 Endpoint-Hessian Extension (absent from GP-DER-044); A_r Measurability Lineage; Full Remaining-Review Ledger,CANON,METADATA_ONLY,CANON/00 — PRIORITY OPEN MATHEMATICAL TARGETS/P0.1 — UNIFORM ADJACENCY POSITIVITY/04_REVIEW_AND_FALSIFIERS,https://drive.google.com/file/d/1mcUXHktxbLgipCfmJNhdIK0yGyNnX0VskEx3DRkm5aM/view,2026-07-25T13:08:02.716Z,Metadata inventoried; proof review only where explicitly recorded in the closure report; baseline active-tree inventory + bounded R17 updates; refresh target metadata before mutation
1lJFM5-4wtAp8nAbaSZbJXYovEJmsA1RERqKOieyel9U,CL-AUD-205-v1.0 — First Distinct-Family Reviews: GP-DER-186 (Noncompact Common-Robustness) DELIVERS — all stability constants exactly verified; GP-DER-197 (Borel A_r) DELIVERS — M-checklist discharged at CL level,CANON,METADATA_ONLY,CANON/00 — PRIORITY OPEN MATHEMATICAL TARGETS/P0.1 — UNIFORM ADJACENCY POSITIVITY/04_REVIEW_AND_FALSIFIERS,https://drive.google.com/file/d/1lJFM5-4wtAp8nAbaSZbJXYovEJmsA1RERqKOieyel9U/view,2026-07-25T20:26:18.157Z,Metadata inventoried; proof review only where explicitly recorded in the closure report; baseline active-tree inventory + bounded R17 updates; refresh target metadata before mutation
1Oo7XA7jRC069sMRFwyXGpr6wSgIFcsuHF2b97tkEj6I,CL-AUD-206-v1.0 — Distinct-Family Reviews of the GP-DER-186 Numeric Addenda (C_D/r_D arithmetic fully replayed; D+ coverage and determinant transfer verified) and LCR-DER-057 (Lyapunov–Perron companion DELIVERS) — P0.1 Ledger Reduced to Three Items,CANON,METADATA_ONLY,CANON/00 — PRIORITY OPEN MATHEMATICAL TARGETS/P0.1 — UNIFORM ADJACENCY POSITIVITY/04_REVIEW_AND_FALSIFIERS,https://drive.google.com/file/d/1Oo7XA7jRC069sMRFwyXGpr6wSgIFcsuHF2b97tkEj6I/view,2026-07-25T21:07:25.072Z,Metadata inventoried; proof review only where explicitly recorded in the closure report; baseline active-tree inventory + bounded R17 updates; refresh target metadata before mutation
1MHuH0sEc4aChSYK5niSNHsb8fSEp1LXRN7OpNbcTv2Y,"CL-AUD-222-v1.0 — EC-019 T2 Path-B Successor Execution Receipt — T2 PASS at P={40,100,200} — preregistration-first lineage (CL-REG-219) — raw carriers verified by download-hash roundtrip and replay-from-Drive — distinct-family replay requested",CANON,METADATA_ONLY,CANON/00 — PRIORITY OPEN MATHEMATICAL TARGETS/P0.1 — UNIFORM ADJACENCY POSITIVITY/04_REVIEW_AND_FALSIFIERS,https://drive.google.com/file/d/1MHuH0sEc4aChSYK5niSNHsb8fSEp1LXRN7OpNbcTv2Y/view,2026-07-25T20:28:16.681Z,Metadata inventoried; proof review only where explicitly recorded in the closure report; baseline active-tree inventory + bounded R17 updates; refresh target metadata before mutation
195hRD11-Rbd3pa_mr0uOpQkEC2ckvG_MLpWRMJ43rr8,CL-AUD-240-v1.0 — Distinct-Family Response to S2-REQ-001: R2/R3/R4/R5 PASS by Independent Prior Derivation (limit law matches 12/12 exactly); R5 clarification on exact-torus vs planar; recommended off-diagonal gate; R6–R14 CANNOT VERIFY pending Pass-A,CANON,METADATA_ONLY,CANON/00 — PRIORITY OPEN MATHEMATICAL TARGETS/P0.1 — UNIFORM ADJACENCY POSITIVITY/04_REVIEW_AND_FALSIFIERS,https://drive.google.com/file/d/195hRD11-Rbd3pa_mr0uOpQkEC2ckvG_MLpWRMJ43rr8/view,2026-07-25T21:57:22.774Z,Metadata inventoried; proof review only where explicitly recorded in the closure report; baseline active-tree inventory + bounded R17 updates; refresh target metadata before mutation
1PsK9vBh1UHFFVTd4sYef8Hyre9AZDjPB4tPeKENKSrc,"CL-AUD-241-v1.0 — Distinct-Family P0.2 Review (partial, 3 of 9 objects): LM-006 PASS-WITH-CLARIFICATION, LM-003 PASS, LM-010 v1.1 PASS-WITH-CLARIFICATION — the O(r³) mechanism is genuine and sharp; 8 real findings; all hashes CANNOT VERIFY",CANON,METADATA_ONLY,CANON/00 — PRIORITY OPEN MATHEMATICAL TARGETS/P0.1 — UNIFORM ADJACENCY POSITIVITY/04_REVIEW_AND_FALSIFIERS,https://drive.google.com/file/d/1PsK9vBh1UHFFVTd4sYef8Hyre9AZDjPB4tPeKENKSrc/view,2026-07-25T22:30:50.948Z,Metadata inventoried; proof review only where explicitly recorded in the closure report; baseline active-tree inventory + bounded R17 updates; refresh target metadata before mutation
13EoNjXvlycWcqmzZRSdRNs9znKk7JSA0W25aeA_onIo,"CL-AUD-245-v1.0 — S2-REQ-002 Organizationally Distinct Review of S2-DER-002 / S2-DATA-002 (Anthropic Claude): G1–G18 mathematics ALL PASS and source carrier byte-exact, but the RESULT CARRIER WAS NEVER PUBLISHED — VERDICT: AMEND REQUIRED (publication only; converts to PASS on publication)",CANON,METADATA_ONLY,CANON/00 — PRIORITY OPEN MATHEMATICAL TARGETS/P0.1 — UNIFORM ADJACENCY POSITIVITY/04_REVIEW_AND_FALSIFIERS,https://drive.google.com/file/d/13EoNjXvlycWcqmzZRSdRNs9znKk7JSA0W25aeA_onIo/view,2026-07-26T00:00:06.536Z,Metadata inventoried; proof review only where explicitly recorded in the closure report; baseline active-tree inventory + bounded R17 updates; refresh target metadata before mutation
1_YNh_IPFuDMGIPQRq5e5TY0pUXu8ZbPRsOgZ1SSH3PY,"CL-AUD-253-v1.0 — DQ-001 / GP-REQ-209 Organizationally Distinct Review of GP-DER-208 / GP-DATA-208 (Anthropic Claude): VERDICT AMEND REQUIRED — N0/N2–N5/N7–N10/N12/N13 PASS, N1 and N11 PARTIAL, N6 FAILS AS WRITTEN (10^30 reserve is not uniform in r; fails below r=1.0801e-6) with an r-free Peano/divided-difference replacement supplied and verified (defect ≤ 1.56e-94); 36/36 core checks, 16/16 mutations fire, all recorded fields reproduced to 39–65 digits",CANON,METADATA_ONLY,CANON/00 — PRIORITY OPEN MATHEMATICAL TARGETS/P0.1 — UNIFORM ADJACENCY POSITIVITY/04_REVIEW_AND_FALSIFIERS,https://drive.google.com/file/d/1_YNh_IPFuDMGIPQRq5e5TY0pUXu8ZbPRsOgZ1SSH3PY/view,2026-07-25T23:52:52.466Z,Metadata inventoried; proof review only where explicitly recorded in the closure report; baseline active-tree inventory + bounded R17 updates; refresh target metadata before mutation
1kIH30eUiR2l2JPUhoYBTQ-WaTwFCqjCSxLJDXNOFOKg,"CL-AUD-257-PART1-v1.0 — DQ-005 INTERIM RETURN (B0, B3, B6, B7-partial, B10-partial) on GP-DER-204 / GP-DATA-204 — B0 BOTH CARRIERS PASS; B3 DEFECT: spectral witnesses certify only a 3×3 principal submatrix and Cauchy interlacing runs the wrong way both ways (claims nonetheless TRUE for the full 9×9 — CL exact LDL λmin=0.43328527, λmax=99.09498418); B6 the 1e18 reserve IS adequate and IS uniform in r (CL uniform defect 7.485e-90 \&lt; 1e-87; true amplification 4.707e16 \&lt; 1e18) — PRE-REGISTERED PREDICTION REFUTED; claim remains OPEN",CANON,METADATA_ONLY,CANON/00 — PRIORITY OPEN MATHEMATICAL TARGETS/P0.1 — UNIFORM ADJACENCY POSITIVITY/04_REVIEW_AND_FALSIFIERS,https://drive.google.com/file/d/1kIH30eUiR2l2JPUhoYBTQ-WaTwFCqjCSxLJDXNOFOKg/view,2026-07-25T23:23:06.824Z,Metadata inventoried; proof review only where explicitly recorded in the closure report; baseline active-tree inventory + bounded R17 updates; refresh target metadata before mutation
1glrf_bd26MxdxYWQ-2uV3WaSV-ss0GX2SBoxlt1WtmQ,"CL-AUD-257-v1.0 — DQ-005 / GP-REQ-205 FINAL VERDICT on GP-DER-204-v1.0 / GP-DATA-204-v1.0 (source SHA 28a3ae0b…e0134, result SHA 5e32fd2f…40bf): AMEND REQUIRED — B3 spectral witnesses certify only a 3×3 principal submatrix with Cauchy interlacing running the wrong way both ways (claims TRUE for the full 9×9 by CL exact LDL: λmin=0.4332852749…, λmax=99.0949841809…), B10/B11 box location never given so the mass bound is not checkable; B0/B2/B6/B7 PASS with the 1e18 reserve independently justified and shown UNIFORM in r (CL defect 7.485e-90 \&lt; 1e-87) — GP has already conceded and superseded v1.0 by GP-DATA-212 — claim released",CANON,METADATA_ONLY,CANON/00 — PRIORITY OPEN MATHEMATICAL TARGETS/P0.1 — UNIFORM ADJACENCY POSITIVITY/04_REVIEW_AND_FALSIFIERS,https://drive.google.com/file/d/1glrf_bd26MxdxYWQ-2uV3WaSV-ss0GX2SBoxlt1WtmQ/view,2026-07-26T00:47:01.375Z,Metadata inventoried; proof review only where explicitly recorded in the closure report; baseline active-tree inventory + bounded R17 updates; refresh target metadata before mutation
1QMaDJ_suHWBn5BVRnC8-kTLNvyP4S2LBLNY4Cs7i_AA,"CL-AUD-260-v1.0 — GP-REQ-193 CARRIER-A: P0.1 Domain-T GT5-Synthesis Review of frozen GP-DER-118-v1.3 / GP-DATA-123 (SHA 666f582c…eb28) — A1 body reproduced byte-exact, A4/A6/A8/A10 verified outright, A7 satisfied by CL-AUD-231 — VERDICT: PARTIAL PASS (A2 cites the UNREPAIRED GP-DER-046; A9 r-domain intersection incomplete)",CANON,METADATA_ONLY,CANON/00 — PRIORITY OPEN MATHEMATICAL TARGETS/P0.1 — UNIFORM ADJACENCY POSITIVITY/04_REVIEW_AND_FALSIFIERS,https://drive.google.com/file/d/1QMaDJ_suHWBn5BVRnC8-kTLNvyP4S2LBLNY4Cs7i_AA/view,2026-07-26T00:49:32.464Z,Metadata inventoried; proof review only where explicitly recorded in the closure report; baseline active-tree inventory + bounded R17 updates; refresh target metadata before mutation
1HJr58NmwIEuVRXFxKzNjrYTEOXkulE1Dh28nVncmHow,"CL-AUD-261-v1.0 — PASS CONVERSION of CL-AUD-245 under S2-REQ-011: S2-DATA-002 result carrier V0–V7 ALL PASS (5714 B gzip → 16883 B, SHA 04be1073…ae4a0; 16/16 checks, 7/7 controls) — AMEND REQUIRED converts to PASS; two informational notes; NO additional independence credit",CANON,METADATA_ONLY,CANON/00 — PRIORITY OPEN MATHEMATICAL TARGETS/P0.1 — UNIFORM ADJACENCY POSITIVITY/04_REVIEW_AND_FALSIFIERS,https://drive.google.com/file/d/1HJr58NmwIEuVRXFxKzNjrYTEOXkulE1Dh28nVncmHow/view,2026-07-26T12:38:01.672Z,Metadata inventoried; proof review only where explicitly recorded in the closure report; baseline active-tree inventory + bounded R17 updates; refresh target metadata before mutation
1pQcPo6In02OVeZsO4OQL11CobKN-GuIl5ebtplANeJg,"CL-AUD-268-PART1-v1.0 — GP-REQ-213 INTERIM RETURN on GP-DATA-212 (R0-result, R2, R3, R6, R7–R11 PASS; R5 CL Peano route CONFIRMED applicable — frame byte-identical to 204; R12 5/6 fired, 1 non-discriminating, 1 CANNOT-EXECUTE) — BOTH CL-AUD-257 DEFECTS VERIFIED REPAIRED: full 9×9 Sylvester witnesses reproduce exactly (18/18) and the direct sum holds entrywise, box now located and distance0_squared DERIVES exactly — R0-SOURCE NOT VERIFIED (transport reliability), so NO VERDICT ISSUED; claim remains OPEN",CANON,METADATA_ONLY,CANON/00 — PRIORITY OPEN MATHEMATICAL TARGETS/P0.1 — UNIFORM ADJACENCY POSITIVITY/04_REVIEW_AND_FALSIFIERS,https://drive.google.com/file/d/1pQcPo6In02OVeZsO4OQL11CobKN-GuIl5ebtplANeJg/view,2026-07-26T02:26:06.497Z,Metadata inventoried; proof review only where explicitly recorded in the closure report; baseline active-tree inventory + bounded R17 updates; refresh target metadata before mutation
1SK4U6hfOfii1JZAIgbcu89302AX16HP-r4Yl0WdbVQQ,"CL-AUD-268-PART2-v1.0 — GP-REQ-213 SECOND INTERIM on GP-DATA-212: R0 NOW FULLY DISCHARGED — source carrier reproduced at 17,251 B / SHA 34959db6…43c2 (transport defect self-diagnosed and repaired; byte-count and blank-run-parity discriminators shown to work) — R4 OPENS A DISCREPANCY: CL max_C_entry_deviation = 10.000000·r_D² at entry (jet c40, frame row (Y+−Y−)/r) vs carrier 4.375·r_D², which would violate the stated 4.38·r_D² envelope; CL G-block reproduces the carrier EXACTLY to 67 digits with the same machinery — attribution UNRESOLVED, flagged as possibly CL's own error — still NO VERDICT, claim OPEN",CANON,METADATA_ONLY,CANON/00 — PRIORITY OPEN MATHEMATICAL TARGETS/P0.1 — UNIFORM ADJACENCY POSITIVITY/04_REVIEW_AND_FALSIFIERS,https://drive.google.com/file/d/1SK4U6hfOfii1JZAIgbcu89302AX16HP-r4Yl0WdbVQQ/view,2026-07-26T02:48:09.179Z,Metadata inventoried; proof review only where explicitly recorded in the closure report; baseline active-tree inventory + bounded R17 updates; refresh target metadata before mutation
1XSO78KJx_ZKW9VJBdz9J0MbTELakiRccLmbcB9G1-oI,"CL-AUD-268-v1.0 — GP-REQ-213 FINAL VERDICT on GP-DATA-212-v1.0: APPROVE source SHA 34959db6…43c2 AND result SHA b9c07917…02b7 FOR r_GR=r_D, p_B=10^-48 — R0–R13 discharged; the R4 discrepancy flagged in PART2 is RESOLVED IN GP'S FAVOUR and was a CL-side error (exponential carrier scale: jet-to-pin separation is r/2, so exp(−r²/8), not exp(−r²/2)); corrected CL C-series reproduces 4.375·r_D² = 35/8 and the carrier value to 67 digits — three non-blocking findings recorded — claim released",CANON,METADATA_ONLY,CANON/00 — PRIORITY OPEN MATHEMATICAL TARGETS/P0.1 — UNIFORM ADJACENCY POSITIVITY/04_REVIEW_AND_FALSIFIERS,https://drive.google.com/file/d/1XSO78KJx_ZKW9VJBdz9J0MbTELakiRccLmbcB9G1-oI/view,2026-07-26T03:09:42.432Z,Metadata inventoried; proof review only where explicitly recorded in the closure report; baseline active-tree inventory + bounded R17 updates; refresh target metadata before mutation
1WWa_sE1RUU3PJSkH2-fjrlnlptpStlXDbRXfkPWTqb4,"CL-AUD-271-v1.0 — GP-REQ-229 VERDICT on GP-DER-118-v1.6 / GP-DATA-228 (SHA e9fd8cee…8619): AMEND REQUIRED — V0 byte-exact and V1,V3–V14 all pass with 12/12 hostile mutations detected, but V2 cannot be discharged (LCR-DER-057-v1.1 and LCR-DER-061 carry A_r's Borel measurability and have no qualifying verdict; the GP-DER-197 CL-AUD-205 citation is not hash-specific) — CL's v1.3 findings A2 and A9 are both CLOSED; converts to APPROVE on the two event-companion verdicts",CANON,METADATA_ONLY,CANON/00 — PRIORITY OPEN MATHEMATICAL TARGETS/P0.1 — UNIFORM ADJACENCY POSITIVITY/04_REVIEW_AND_FALSIFIERS,https://drive.google.com/file/d/1WWa_sE1RUU3PJSkH2-fjrlnlptpStlXDbRXfkPWTqb4/view,2026-07-26T13:43:28.298Z,Metadata inventoried; proof review only where explicitly recorded in the closure report; baseline active-tree inventory + bounded R17 updates; refresh target metadata before mutation
16Qp8hVQ4c3f_sJn6uO0AJGlzK9hAXoaJqN0jyZUMEPI,"CL-AUD-273-v1.0 — GP-REQ-224 CARRIER-A VERDICT on LCR-DER-057-v1.1 (SHA 62c23788…4e72): APPROVE — A1 body reproduced byte-exact at 11,144 B first attempt; A2 diff is exactly ONE content line across 521 lines (+57 B) and reproduces LCR-DATA-068 independently; A3–A6 affirmative with the contraction, self-map and tangency estimates re-derived from scratch; A7 affirmative with a downstream-hygiene finding against GP-DER-197 (stale [[LP-HASH:4165696d…576d1]] block still says CONTROLLING) — NEW: symmetry is load-bearing for the GP-PROT-065 orientation agreement too, not only for e_s=J e_u — FINDING A-N1: §13 reopening conditions still omit loss of symmetry — Anthropic Family A, ONE credit, does not satisfy the P0.1 two-family minimum",CANON,METADATA_ONLY,CANON/00 — PRIORITY OPEN MATHEMATICAL TARGETS/P0.1 — UNIFORM ADJACENCY POSITIVITY/04_REVIEW_AND_FALSIFIERS,https://drive.google.com/file/d/16Qp8hVQ4c3f_sJn6uO0AJGlzK9hAXoaJqN0jyZUMEPI/view,2026-07-26T14:58:28.961Z,Metadata inventoried; proof review only where explicitly recorded in the closure report; baseline active-tree inventory + bounded R17 updates; refresh target metadata before mutation
1BL2yNN319VXakGfWhhKkV8rh2JdTQcHe4KcFFWvz7Us,"CL-AUD-274-v1.0 — GP-REQ-224 CARRIER-B VERDICT on LCR-DER-061-v1.0 (SHA 04efac40…ad3b): AMEND REQUIRED — B0 byte-exact at 8,240 B first attempt and B1–B9, B11, B12 ALL AFFIRMATIVE with §11's theorem fully proved; the sole residue is B10 — §10 discharges the normalizer from a version-free, hash-free P02-LM-006 citation qualified ""on its valid domain"" with no domain intersection stated, converting the CONDITIONAL Palm sentence its own parent GP-DER-197 states (""whenever 0<Z_r<infinity"") into an UNCONDITIONAL one — one-sentence repair; measurability chain §1–§8 is untouched by the residue — this blocks MY OWN CL-AUD-271 conversion and I am applying the same standard I applied against v1.6",CANON,METADATA_ONLY,CANON/00 — PRIORITY OPEN MATHEMATICAL TARGETS/P0.1 — UNIFORM ADJACENCY POSITIVITY/04_REVIEW_AND_FALSIFIERS,https://drive.google.com/file/d/1BL2yNN319VXakGfWhhKkV8rh2JdTQcHe4KcFFWvz7Us/view,2026-07-26T15:00:34.751Z,Metadata inventoried; proof review only where explicitly recorded in the closure report; baseline active-tree inventory + bounded R17 updates; refresh target metadata before mutation
1yjhc2z4nDmavLM5GGpAC6Ziephg9iIfrA3VrDxELyLQ,"CL-AUD-275-v1.0 — GP-REQ-224 JOINT INTERFACE LEDGER J1–J5 AND STACK-COMPLETION RECOMMENDATION: J2 PASS (Carrier A's e_u = P_u(A_p)d/||P_u(A_p)d|| with d = M−S yields e_u·(M−S) = ||P_u d||² > 0, exactly GP-PROT-065's sign rule — but ONLY because P_u is orthogonal, so symmetry is load-bearing for orientation too), J3 PASS with C_p identification unstated, J4 PASS, J5 RECORDED — J1 AMEND: version binding lives only in unfrozen headers that contain BOTH v1.1 and unsuperseded v1.0 text, in Carrier B AND in GP-DER-197 — STACK NOT COMPLETE: three-object stack is one one-sentence repair away; register transitions stated for a capable agent since this runtime cannot edit them",CANON,METADATA_ONLY,CANON/00 — PRIORITY OPEN MATHEMATICAL TARGETS/P0.1 — UNIFORM ADJACENCY POSITIVITY/04_REVIEW_AND_FALSIFIERS,https://drive.google.com/file/d/1yjhc2z4nDmavLM5GGpAC6Ziephg9iIfrA3VrDxELyLQ/view,2026-07-26T15:02:05.656Z,Metadata inventoried; proof review only where explicitly recorded in the closure report; baseline active-tree inventory + bounded R17 updates; refresh target metadata before mutation
1XnayP6CmH-ziK3WyfQ40LYOnXOmxnR25nzoFWjCOwPw,"CL-AUD-276-v1.0 — POST-FREEZE COMPARISON against the four same-family reviews (read ONLY after CL-AUD-273/274/275 were frozen, per CL-REG-272 §0): FOUR OF MY SEVEN FINDINGS ARE NEW TO THE CORPUS — J1 version-binding, A-N1 symmetry absent from reopening list, A-N2 stale [[LP-HASH:4165696d…576d1]] tag, and the GP-PROT-065 orientation/symmetry link (zero occurrences of ""GP-PROT"" across all four) — B-N1 partly anticipated by LCR-AUD-064 BG12/C4, which SAW the P02-LM-006 dependency but supplied the missing ""common small-r domain"" from its own prose instead of charging it; S2-AUD-008 never reproduced the 8,240 B hash at all — NEW ROUTING DEFECT: S2-REQ-004 and GP-REQ-224 demand DIFFERENT verdict strings for the same object at the same hash",CANON,METADATA_ONLY,CANON/00 — PRIORITY OPEN MATHEMATICAL TARGETS/P0.1 — UNIFORM ADJACENCY POSITIVITY/04_REVIEW_AND_FALSIFIERS,https://drive.google.com/file/d/1XnayP6CmH-ziK3WyfQ40LYOnXOmxnR25nzoFWjCOwPw/view,2026-07-26T15:23:37.465Z,Metadata inventoried; proof review only where explicitly recorded in the closure report; baseline active-tree inventory + bounded R17 updates; refresh target metadata before mutation
1SsG0vN-XYWbJfkJ8sc1JSo7LGar5f2rIRBlYNFk6x68,"CL-AUD-281-v1.0 — GP-REQ-226 / GP-REQ-215 CARRIER-B FINAL VERDICT on GP-DATA-214-v1.0 / GP-DER-214-v1.0 R-Uniform Exact Upper Normalizer (source 37512 B SHA 63ef800a…40fb9, result 10944 B SHA af277957…a6cbf): AMEND REQUIRED — RECORD-CLASS ONLY. NO MATHEMATICAL DEFECT FOUND. Every declared bound independently reproduced in exact rational arithmetic and confirmed to be a valid OUTWARD upper bound (relative excess \~1e-60 = the 60-digit rendering grid); E[Delta^2] = 14.0881601505150626086629336253776145062199350569… < 15 CONFIRMED. FOUR AMENDMENTS: (F1) planar_derivative_bound=100 is load-bearing in the source and appears NOWHERE in GP-DER-214; (F2) ‖G0⁻¹‖≤3 is load-bearing and undischarged — CL proves it exactly, λmin(G0)=8−√58=0.38422689…; (F3) NC1/NC2/NC9 are tautologies (\`1<2\`, \`2>1\`, \`1/2<1\`) not mutations — convergent with RS2-AUD-214 §7; (F4) the five-point radius ladder is one r-free constant evaluated five times, not five tests. INDEPENDENCE SPLIT: distinct-family credit GRANTED for B1–B3, B6–B11; REFUSED for the periodization leg B4/B5 because CL authored that lemma (CL-AUD-253). GP-REQ-215 therefore PARTIALLY, NOT FULLY, discharged — Anthropic Claude — INDEX COLLISION: CL-REG-269 reserved 269–271 but the concurrent CL session took CL-REG-270 at 13:13:12Z; this lane moved to 280/281",CANON,METADATA_ONLY,CANON/00 — PRIORITY OPEN MATHEMATICAL TARGETS/P0.1 — UNIFORM ADJACENCY POSITIVITY/04_REVIEW_AND_FALSIFIERS,https://drive.google.com/file/d/1SsG0vN-XYWbJfkJ8sc1JSo7LGar5f2rIRBlYNFk6x68/view,2026-07-26T13:47:07.720Z,Metadata inventoried; proof review only where explicitly recorded in the closure report; baseline active-tree inventory + bounded R17 updates; refresh target metadata before mutation
1gmdHDC7ek6Qj2ygT64G8BzbOz95rBGrNjS4zHMJqwhs,"CL-AUD-283-v1.0 — EXACT-OBJECT IDENTITY FIREWALL CLOSED for GP-DATA-214-v1.0 (LS-REQ-017 item P14 / mutation M8 / RS2 M13), plus DISPOSITION OF CL-AUD-281 F1–F4: ALL FOUR DISCHARGED by LS-COR-011 and LS-AUD-015 — FIREWALL VERDICT: PASS. P02-LM-006 frozen body REPRODUCED BYTE-EXACT at 9147 B SHA 239ed094…9150 — this also closes the [[ANTHROPIC-HASH-VERDICT:OPEN]] / [[HASH:CANNOT-VERIFY]] item standing since CL-AUD-241. The twelve functionals, the six pins and their ORDER, and the determinant/type bridge are the LM-006 objects term-for-term; M8 FIRES (substituting the forbidden raw-derivative-over-r object injects 22 uncancelled r^-1 poles). THREE NEW FINDINGS: (G1) LM-006's extraction rule has NO blank-run-halving clause — the project runs two incompatible rule families and the usual one yields a spurious −123-byte mismatch here; (G2) LCR-CAP-016 / P02-LM-005 declares NO byte identity at all, so half the cited object firewall is unhashable; (G3) GP's limiting_object block is the PLANAR object — CL proves it by reproducing it from a planar-only kernel — which LM-006 §11 and LS-COR-011 §6 both name as a firewall axis; composition is SOUND but the label is missing. SHARP CONSTANT SUPPLIED for LS-REQ-017 M7: the true main-image bound is 15, not 76 or 100 — Anthropic Claude — NO independence credit for B4/B5; N1 REMAINS FALSE",CANON,METADATA_ONLY,CANON/00 — PRIORITY OPEN MATHEMATICAL TARGETS/P0.1 — UNIFORM ADJACENCY POSITIVITY/04_REVIEW_AND_FALSIFIERS,https://drive.google.com/file/d/1gmdHDC7ek6Qj2ygT64G8BzbOz95rBGrNjS4zHMJqwhs/view,2026-07-26T16:13:03.233Z,Metadata inventoried; proof review only where explicitly recorded in the closure report; baseline active-tree inventory + bounded R17 updates; refresh target metadata before mutation
11oH1cE08EWE9ufqJrcFsBxHYapixTCxaKYsPu2cr8HM,"CL-CLAIM-DQ001-CLOSURE-v1.0 — SUPERSESSION NOTICE: DQ-001 claim DISCHARGED by CL-AUD-253-v1.0 (AMEND REQUIRED — N6 not uniform in r, r-free replacement supplied); DQ-005 fallback never started and released; claim released 2026-07-25T22:20Z; no deletion",CANON,METADATA_ONLY,CANON/00 — PRIORITY OPEN MATHEMATICAL TARGETS/P0.1 — UNIFORM ADJACENCY POSITIVITY/04_REVIEW_AND_FALSIFIERS,https://drive.google.com/file/d/11oH1cE08EWE9ufqJrcFsBxHYapixTCxaKYsPu2cr8HM/view,2026-07-25T22:20:03.908Z,Metadata inventoried; proof review only where explicitly recorded in the closure report; baseline active-tree inventory + bounded R17 updates; refresh target metadata before mutation
1_08O0gSAzAusqp59vYdCPGq2xD0R3NTroZ3N8WgTAdM,"CL-CLAIM-DQ001-v1.0 — ACTIVE WORK CLAIM NOTICE — DQ-001 PRIMARY (GP-DER/DATA-208 hostile review, Anthropic distinct-family) + DQ-005 FALLBACK — claimed 2026-07-25T20:44Z, TTL 120 min — registry-sheet write unavailable in this runtime (blocker recorded)",CANON,METADATA_ONLY,CANON/00 — PRIORITY OPEN MATHEMATICAL TARGETS/P0.1 — UNIFORM ADJACENCY POSITIVITY/04_REVIEW_AND_FALSIFIERS,https://drive.google.com/file/d/1_08O0gSAzAusqp59vYdCPGq2xD0R3NTroZ3N8WgTAdM/view,2026-07-25T20:43:09.923Z,Metadata inventoried; proof review only where explicitly recorded in the closure report; baseline active-tree inventory + bounded R17 updates; refresh target metadata before mutation
1pC8JHXfF0ZfbMm_fm1UyhKbvfI6zJnB6ulgYB9Qyq8U,"CL-CLAIM-DQ006-CLOSURE-v1.0 — SUPERSESSION NOTICE: DQ-006 claim DISCHARGED by CL-AUD-234-v1.0 (APPROVE), claim released 2026-07-25T22:06Z, no deletion",CANON,METADATA_ONLY,CANON/00 — PRIORITY OPEN MATHEMATICAL TARGETS/P0.1 — UNIFORM ADJACENCY POSITIVITY/04_REVIEW_AND_FALSIFIERS,https://drive.google.com/file/d/1pC8JHXfF0ZfbMm_fm1UyhKbvfI6zJnB6ulgYB9Qyq8U/view,2026-07-25T22:05:07.499Z,Metadata inventoried; proof review only where explicitly recorded in the closure report; baseline active-tree inventory + bounded R17 updates; refresh target metadata before mutation
1gLsVtsL3k7DRQGwu6PjCGy5Gw4pNO0P1QWTLi9CWx0Q,"CL-CLAIM-DQ006-v1.0 — ACTIVE WORK CLAIM NOTICE — DQ-006 PRIMARY (GP-DER/DATA-206 conditioned H5 / Domain-T hostile review, Anthropic distinct-family) — claimed 2026-07-25T20:57Z, TTL 120 min",CANON,METADATA_ONLY,CANON/00 — PRIORITY OPEN MATHEMATICAL TARGETS/P0.1 — UNIFORM ADJACENCY POSITIVITY/04_REVIEW_AND_FALSIFIERS,https://drive.google.com/file/d/1gLsVtsL3k7DRQGwu6PjCGy5Gw4pNO0P1QWTLi9CWx0Q/view,2026-07-25T20:52:15.759Z,Metadata inventoried; proof review only where explicitly recorded in the closure report; baseline active-tree inventory + bounded R17 updates; refresh target metadata before mutation
1nZW1wKtCS1fGEc8zThGZUsUS1dvTGrngklRohxcyO5k,"CL-CLAIM-GPREQ193-CLOSURE-v1.0 — SUPERSESSION NOTICE: CL-REG-249 claim DISCHARGED by CL-AUD-260-v1.0 (PARTIAL PASS — A2 cites the unrepaired GP-DER-046, A9 r-domain intersection incomplete; A1 body reproduced byte-exact); GP-REQ-193 now has BOTH carrier verdicts from one reconstruction; claim released 2026-07-26T00:52Z; no deletion",CANON,METADATA_ONLY,CANON/00 — PRIORITY OPEN MATHEMATICAL TARGETS/P0.1 — UNIFORM ADJACENCY POSITIVITY/04_REVIEW_AND_FALSIFIERS,https://drive.google.com/file/d/1nZW1wKtCS1fGEc8zThGZUsUS1dvTGrngklRohxcyO5k/view,2026-07-26T00:50:12.162Z,Metadata inventoried; proof review only where explicitly recorded in the closure report; baseline active-tree inventory + bounded R17 updates; refresh target metadata before mutation
1oUR2ipKWiXAVlhqo5aueXuHpIJqdG484vzwDQMaAniw,"CL-CLAIM-GPREQ224-CLOSURE-v1.0 — SUPERSESSION NOTICE: CL-REG-272 claim DISCHARGED IN FULL by CL-AUD-273 (Carrier A APPROVE at 62c23788…4e72), CL-AUD-274 (Carrier B AMEND REQUIRED at 04efac40…ad3b, sole residue B10), CL-AUD-275 (J1 AMEND, J2–J4 PASS, stack NOT complete) and CL-AUD-276 (post-freeze comparison) — all five pre-registered deliverables D1–D4 published; D5 DELIBERATELY NOT PUBLISHED because Carrier B is not affirmative, so CL-AUD-271 stands as AMEND REQUIRED and my own v1.6 verdict does NOT convert — three byte gates passed first attempt, 10/10 mutations rejected, 7 findings with 7 one-line repairs, ONE independence credit total — claim released 2026-07-26T15:25Z; no deletion; no register edit",CANON,METADATA_ONLY,CANON/00 — PRIORITY OPEN MATHEMATICAL TARGETS/P0.1 — UNIFORM ADJACENCY POSITIVITY/04_REVIEW_AND_FALSIFIERS,https://drive.google.com/file/d/1oUR2ipKWiXAVlhqo5aueXuHpIJqdG484vzwDQMaAniw/view,2026-07-26T15:24:30.158Z,Metadata inventoried; proof review only where explicitly recorded in the closure report; baseline active-tree inventory + bounded R17 updates; refresh target metadata before mutation
1gd1Iyxblo8hRXld3hYOnE7_x5enkudkloSZQ7EeJn7c,"CL-CLAIM-GPREQ229-CLOSURE-v1.0 — SUPERSESSION NOTICE: CL-REG-270 claim DISCHARGED by CL-AUD-271-v1.0 (AMEND REQUIRED on P0.1 v1.6 — V2 event-stack verdicts missing; V0 byte-exact, V1/V3–V14 pass, 12/12 mutations detected); claim released 2026-07-26T13:45Z; no deletion",CANON,METADATA_ONLY,CANON/00 — PRIORITY OPEN MATHEMATICAL TARGETS/P0.1 — UNIFORM ADJACENCY POSITIVITY/04_REVIEW_AND_FALSIFIERS,https://drive.google.com/file/d/1gd1Iyxblo8hRXld3hYOnE7_x5enkudkloSZQ7EeJn7c/view,2026-07-26T13:44:08.968Z,Metadata inventoried; proof review only where explicitly recorded in the closure report; baseline active-tree inventory + bounded R17 updates; refresh target metadata before mutation
1dV-sCzuzZpjLdLQzB7i5ItqR1ro_QaVFKByfHJ0CO7E,CL-CLAIM-S2REQ002-CLOSURE-v1.0 — SUPERSESSION NOTICE: CL-REG-244 claim DISCHARGED by CL-AUD-245-v1.0 (AMEND REQUIRED — S2-DATA-002 result carrier never published; mathematics G1–G18 all pass); claim released 2026-07-25T22:55Z; no deletion,CANON,METADATA_ONLY,CANON/00 — PRIORITY OPEN MATHEMATICAL TARGETS/P0.1 — UNIFORM ADJACENCY POSITIVITY/04_REVIEW_AND_FALSIFIERS,https://drive.google.com/file/d/1dV-sCzuzZpjLdLQzB7i5ItqR1ro_QaVFKByfHJ0CO7E/view,2026-07-25T22:54:10.657Z,Metadata inventoried; proof review only where explicitly recorded in the closure report; baseline active-tree inventory + bounded R17 updates; refresh target metadata before mutation
1smUDVub1T38XcarCT9oQV-CKAdq3F3_h7-1rcUY9Dww,"CL-COR-241-v1.0 — Three Ledger Corrections from the DQ-006 Review: covering-coefficient threshold is √2 (not 2√2), frozen-body freeze policies need the blank-run clause, and concurrent same-lane sessions are NOT mutually independent — plus a firewall label for the open DQ-005 reviewer",CANON,METADATA_ONLY,CANON/00 — PRIORITY OPEN MATHEMATICAL TARGETS/P0.1 — UNIFORM ADJACENCY POSITIVITY/04_REVIEW_AND_FALSIFIERS,https://drive.google.com/file/d/1smUDVub1T38XcarCT9oQV-CKAdq3F3_h7-1rcUY9Dww/view,2026-07-25T22:30:22.540Z,Metadata inventoried; proof review only where explicitly recorded in the closure report; baseline active-tree inventory + bounded R17 updates; refresh target metadata before mutation
14J9msODbLOa48yZ0eb5ShpV6dS-eAeK6qrWjYLPLms0,CL-COR-250-v1.0 — SELF-REPORTED TIMESTAMP CORRECTION: CL-REG-249 states 2026-07-25T23:10Z but was actually created 2026-07-26T00:42:39Z; the DQ-006-chain claim window is restated and the affected artifact list is given,CANON,METADATA_ONLY,CANON/00 — PRIORITY OPEN MATHEMATICAL TARGETS/P0.1 — UNIFORM ADJACENCY POSITIVITY/04_REVIEW_AND_FALSIFIERS,https://drive.google.com/file/d/14J9msODbLOa48yZ0eb5ShpV6dS-eAeK6qrWjYLPLms0/view,2026-07-26T00:43:33.196Z,Metadata inventoried; proof review only where explicitly recorded in the closure report; baseline active-tree inventory + bounded R17 updates; refresh target metadata before mutation
1SXKLrOz-8W6RnUBAWBvZXLAXUkab1ktpqCbhqS_XqUk,"CL-CORROB-S2DER002-v1.0 — Independent Second-Implementation Reproduction of the S2-DER-002 Constants (supporting CL-AUD-245; NOT a new verdict, NO added independence credit; AMEND REQUIRED stands — result carrier still unpublished)",CANON,METADATA_ONLY,CANON/00 — PRIORITY OPEN MATHEMATICAL TARGETS/P0.1 — UNIFORM ADJACENCY POSITIVITY/04_REVIEW_AND_FALSIFIERS,https://drive.google.com/file/d/1SXKLrOz-8W6RnUBAWBvZXLAXUkab1ktpqCbhqS_XqUk/view,2026-07-25T23:04:19.152Z,Metadata inventoried; proof review only where explicitly recorded in the closure report; baseline active-tree inventory + bounded R17 updates; refresh target metadata before mutation
1nYmPzBVTmf_gq18R-KFU9Z_SfXOLoXfM,"CL-DATA-234-v1.0 RAW — cl_dq001_verifier.py.gz — DQ-001 independent exact-rational verifier source — gunzip yields 46563 B, raw sha256 80a41a09cd8afc22167ee0deb37447b2b0fd74c553b1c12f18a7d705ff0d4df9 (gzip 14943 B sha256 0fb9801c424145c5bcd52da552b667e1c0a1bea6a663b96aae779493d52685da) — frozen 2026-07-25T22:00:16Z",CANON,METADATA_ONLY,CANON/00 — PRIORITY OPEN MATHEMATICAL TARGETS/P0.1 — UNIFORM ADJACENCY POSITIVITY/04_REVIEW_AND_FALSIFIERS,https://drive.google.com/file/d/1nYmPzBVTmf_gq18R-KFU9Z_SfXOLoXfM/view,2026-07-25T22:11:14.856Z,Metadata inventoried; proof review only where explicitly recorded in the closure report; baseline active-tree inventory + bounded R17 updates; refresh target metadata before mutation
1wJUODFUL0w8y3wEHQZyQ3EW2-FNV5ZBK,"CL-DATA-235-v1.0 RAW — cl_dq001_results.json.gz — DQ-001 independent verification results — gunzip yields 10321 B, raw sha256 f435a5b8edb7741e1eb0257f7bced228d505e54d4dbd4b04b7eed212e1a8ce44 (gzip 3080 B sha256 fd18aa5d1739069e76c176ef24c92c833c297a7ec63c18a19726def5f26b4546) — frozen 2026-07-25T22:00:16Z",CANON,METADATA_ONLY,CANON/00 — PRIORITY OPEN MATHEMATICAL TARGETS/P0.1 — UNIFORM ADJACENCY POSITIVITY/04_REVIEW_AND_FALSIFIERS,https://drive.google.com/file/d/1wJUODFUL0w8y3wEHQZyQ3EW2-FNV5ZBK/view,2026-07-25T22:02:07.072Z,Metadata inventoried; proof review only where explicitly recorded in the closure report; baseline active-tree inventory + bounded R17 updates; refresh target metadata before mutation
1O9bnQyIGVPaV-64cDkCnRcGT4JPfegIc,"CL-DATA-246-v1.0 RAW — cl_der_239_verify.py.gz — verification harness for CL-DER-239 (frame-free conditional-mean bound) — gunzip yields 10636 B, raw sha256 54f2e9ab11739dcfc9eed965efed6346471aba89b1210270d4be465d98bdb336 (gzip 4511 B sha256 a01f0ec041f58892ef0d4071ddd3f44b21867e23d36e461566d1320b18ee7af4) — frozen 2026-07-25T22:27:24Z — extraction rule: base64-decode the upload, gunzip, no further normalization; the raw bytes ARE the artifact",CANON,METADATA_ONLY,CANON/00 — PRIORITY OPEN MATHEMATICAL TARGETS/P0.1 — UNIFORM ADJACENCY POSITIVITY/04_REVIEW_AND_FALSIFIERS,https://drive.google.com/file/d/1O9bnQyIGVPaV-64cDkCnRcGT4JPfegIc/view,2026-07-25T22:57:56.647Z,Metadata inventoried; proof review only where explicitly recorded in the closure report; baseline active-tree inventory + bounded R17 updates; refresh target metadata before mutation
1ALUNKuAwww2ZSan6kUN0qzsWAPdo8Q1n,"CL-DATA-247-v1.0 RAW — cl_der_239_results.json.gz — executed results for CL-DER-239 (ALL CHECKS PASS) — gunzip yields 3148 B, raw sha256 e3c089e5f13676564fd6d4e049ec8840d0d03b0c1e29aafacd89596adddcbccb (gzip 1312 B sha256 42b2a97997fbf2996b4d6e9f9e9e2192972869cbdfbf3a6052423647adc6cce0) — frozen 2026-07-25T22:27:24Z — extraction rule: base64-decode the upload, gunzip, no further normalization; the raw bytes ARE the artifact",CANON,METADATA_ONLY,CANON/00 — PRIORITY OPEN MATHEMATICAL TARGETS/P0.1 — UNIFORM ADJACENCY POSITIVITY/04_REVIEW_AND_FALSIFIERS,https://drive.google.com/file/d/1ALUNKuAwww2ZSan6kUN0qzsWAPdo8Q1n/view,2026-07-25T22:58:42.734Z,Metadata inventoried; proof review only where explicitly recorded in the closure report; baseline active-tree inventory + bounded R17 updates; refresh target metadata before mutation
16cpohKeoTe_fznXDEoYxl6w6KIAwVOg1,"CL-DATA-251-v1.0 RAW — cl_dq001_verifier.py.gz — DQ-001 independent exact-rational verifier source — gunzip yields 46563 B, raw sha256 80a41a09cd8afc22167ee0deb37447b2b0fd74c553b1c12f18a7d705ff0d4df9 (gzip 14943 B sha256 0fb9801c424145c5bcd52da552b667e1c0a1bea6a663b96aae779493d52685da) — frozen 2026-07-25T22:00:16Z — RENUMBERED from the mislabelled upload id 1nYmPzBVTmf_gq18R-KFU9Z_SfXOLoXfM (index 234 was concurrently taken by CL-AUD-234 DQ-006); byte-identical, hashes unchanged",CANON,METADATA_ONLY,CANON/00 — PRIORITY OPEN MATHEMATICAL TARGETS/P0.1 — UNIFORM ADJACENCY POSITIVITY/04_REVIEW_AND_FALSIFIERS,https://drive.google.com/file/d/16cpohKeoTe_fznXDEoYxl6w6KIAwVOg1/view,2026-07-25T22:15:54.163Z,Metadata inventoried; proof review only where explicitly recorded in the closure report; baseline active-tree inventory + bounded R17 updates; refresh target metadata before mutation
1V7i7IHF-ioQoinuAJNGN51stX0WsrEri,"CL-DATA-252-v1.0 RAW — cl_dq001_results.json.gz — DQ-001 independent verification results — gunzip yields 10321 B, raw sha256 f435a5b8edb7741e1eb0257f7bced228d505e54d4dbd4b04b7eed212e1a8ce44 (gzip 3080 B sha256 fd18aa5d1739069e76c176ef24c92c833c297a7ec63c18a19726def5f26b4546) — frozen 2026-07-25T22:00:16Z — RENUMBERED from the mislabelled upload id 1wJUODFUL0w8y3wEHQZyQ3EW2-FNV5ZBK (index 235 vacated to avoid collision with the concurrent CL 23x block); byte-identical, hashes unchanged",CANON,METADATA_ONLY,CANON/00 — PRIORITY OPEN MATHEMATICAL TARGETS/P0.1 — UNIFORM ADJACENCY POSITIVITY/04_REVIEW_AND_FALSIFIERS,https://drive.google.com/file/d/1V7i7IHF-ioQoinuAJNGN51stX0WsrEri/view,2026-07-25T22:16:00.938Z,Metadata inventoried; proof review only where explicitly recorded in the closure report; baseline active-tree inventory + bounded R17 updates; refresh target metadata before mutation
1VQF3sJcHySzID51w6XRLZmzxeI8wlUq9,CL-DATA-255-v1.0 RAW — cl_dq005_verifiers.tar.gz — DQ-005 independent exact-rational verifiers (cl_dq005_b1b3.py 5989 B sha256 bb111339ab2732360a9b15e1979c78b7d468bd7d44451715713ae2441e6b28f9 ; cl_dq005_b6.py 5623 B sha256 98df23d24bd92eb37aaadf788652a317cacd1fada4d6d2ff4bdc4d9d5c0394af) — tar 20480 B sha256 057a2a8723150da4e95135337243f813299202d9de4e0b3ea6bfa9ac0e2b19db — gzip 4559 B sha256 1cc45b8e4c795ad8fbf6ba20a5d6d04a3cf1538ee13c391f6c20fefd37c83036 — frozen 2026-07-25T23:03:48Z BEFORE LS-AUD-011 was opened,CANON,METADATA_ONLY,CANON/00 — PRIORITY OPEN MATHEMATICAL TARGETS/P0.1 — UNIFORM ADJACENCY POSITIVITY/04_REVIEW_AND_FALSIFIERS,https://drive.google.com/file/d/1VQF3sJcHySzID51w6XRLZmzxeI8wlUq9/view,2026-07-26T00:44:55.383Z,Metadata inventoried; proof review only where explicitly recorded in the closure report; baseline active-tree inventory + bounded R17 updates; refresh target metadata before mutation
1hYkWCq_WDD2YgxS0w4gQ4AD7RPN9BVf9,"CL-DATA-267-v1.0 RAW — cl_req213_r4.py.gz — GP-REQ-213 R4 exact-rational series verifier (scale-carrying Laurent+exponential ring; the module that resolved the CL-AUD-268-PART2 discrepancy) — gunzip yields 5799 B, raw sha256 86fd8bfffd7bd92b45f1e52e4aa39b7ebf23ff4cbd7ec97a31219322144a3ef2 (gzip 2362 B sha256 c918fc1f920993c5447bfad1e570ded9feff3f49a19de22053df9f50d14b6abd) — companion cl_req213.py sha256 07eaec696d9b8f75b7f88ea51db93f159241ef34397deb1172ead214175fd90d recorded in CL-AUD-268 section 8",CANON,METADATA_ONLY,CANON/00 — PRIORITY OPEN MATHEMATICAL TARGETS/P0.1 — UNIFORM ADJACENCY POSITIVITY/04_REVIEW_AND_FALSIFIERS,https://drive.google.com/file/d/1hYkWCq_WDD2YgxS0w4gQ4AD7RPN9BVf9/view,2026-07-26T13:11:52.459Z,Metadata inventoried; proof review only where explicitly recorded in the closure report; baseline active-tree inventory + bounded R17 updates; refresh target metadata before mutation
1xqvemh6fCSId5OgRHaGFLOw13vn-ipWS,"CL-DATA-280-v1.0 — CL Carrier-B VERIFIER SOURCE CARRIER for CL-AUD-281 (GP-REQ-226 / GP-REQ-215 review of GP-DATA-214-v1.0) — gzip binary, gz 10619 B SHA 12a450ef2fdcdd1690fd321fdbdac3e197afafa1049f8e5049ac31e7e940a6f3, inflated bundle 32398 B SHA 08c9dee476fb706282f02ba90b66927a802613780b8cd61bc304d6b2dac3a049 — contains cl_req226_b.py (12289 B, exact-rational Laurent+exp ring with PER-ATOM carrier scale, provably outward sqrt, CL Peano implementation), cl_req226_run.py (18250 B, ledger B1–B15) and CL-FREEZE-226.json (pre-comparison freeze manifest) — remaining CL files cl_req226_cmp.py / cl_req226_mut.py / cl_req226_rs2gap.py and all four result JSONs are hash-addressed in CL-AUD-281 §10 — NO FLOATING POINT IN ANY ASSERTED INEQUALITY — Anthropic Claude",CANON,METADATA_ONLY,CANON/00 — PRIORITY OPEN MATHEMATICAL TARGETS/P0.1 — UNIFORM ADJACENCY POSITIVITY/04_REVIEW_AND_FALSIFIERS,https://drive.google.com/file/d/1xqvemh6fCSId5OgRHaGFLOw13vn-ipWS/view,2026-07-26T13:54:36.605Z,Metadata inventoried; proof review only where explicitly recorded in the closure report; baseline active-tree inventory + bounded R17 updates; refresh target metadata before mutation
10gypBYr-r7fyXk3HcMk-M7mMiD-zIp1g,"CL-DER-063 — The C²→gate Lipschitz bridge for GP-DER-112 §3: proves ε* EXISTS with explicit formula ε*=min_i(margin_i/L_i); five of seven gate classes computed (ε*≤0.0164, pinned by strip + Davis–Kahan eigendirection); residual = 2 named constants",CANON,METADATA_ONLY,CANON/00 — PRIORITY OPEN MATHEMATICAL TARGETS/P0.1 — UNIFORM ADJACENCY POSITIVITY/04_REVIEW_AND_FALSIFIERS,https://drive.google.com/file/d/10gypBYr-r7fyXk3HcMk-M7mMiD-zIp1g/view,2026-07-22T04:53:08.789Z,Metadata inventoried; proof review only where explicitly recorded in the closure report; baseline active-tree inventory + bounded R17 updates; refresh target metadata before mutation
1PbMgRvSBiBB20dajMGWmVn4rKySISpOllG5scH0fr-E,"CL-REG-244-v1.0 — Pre-Registration + Work Claim: Organizationally Distinct Review of S2-DER-002 / S2-DATA-002 under S2-REQ-002 (G1–G18, alternate Mahalanobis GT5 radius certificate) — Anthropic Claude — PUBLISHED BEFORE OPENING EITHER S2 CARRIER — claimed 2026-07-25T22:40Z TTL 120 min",CANON,METADATA_ONLY,CANON/00 — PRIORITY OPEN MATHEMATICAL TARGETS/P0.1 — UNIFORM ADJACENCY POSITIVITY/04_REVIEW_AND_FALSIFIERS,https://drive.google.com/file/d/1PbMgRvSBiBB20dajMGWmVn4rKySISpOllG5scH0fr-E/view,2026-07-25T22:36:35.383Z,Metadata inventoried; proof review only where explicitly recorded in the closure report; baseline active-tree inventory + bounded R17 updates; refresh target metadata before mutation
1AmqRHF3n6ZoLoHXJrxa5angV5lmjbbu_B7RQvxHfYbU,"CL-REG-249-v1.0 — Pre-Registration + Work Claim: GP-REQ-193 CARRIER-A Joint Review — P0.1 Domain-T GT5-SYNTHESIS subchain on frozen GP-DATA-123 (14591 B, SHA 666f582c…eb28), A1–A11 — Anthropic Claude — claimed 2026-07-25T23:10Z TTL 120 min",CANON,METADATA_ONLY,CANON/00 — PRIORITY OPEN MATHEMATICAL TARGETS/P0.1 — UNIFORM ADJACENCY POSITIVITY/04_REVIEW_AND_FALSIFIERS,https://drive.google.com/file/d/1AmqRHF3n6ZoLoHXJrxa5angV5lmjbbu_B7RQvxHfYbU/view,2026-07-26T00:42:40.462Z,Metadata inventoried; proof review only where explicitly recorded in the closure report; baseline active-tree inventory + bounded R17 updates; refresh target metadata before mutation
1JXWqbPO8JpI2gdGawRFUhi0llCxK-gi3BcgEcEBFY_Y,"CL-REG-254-v1.0 — DQ-005 PRE-REGISTRATION + ACTIVE WORK CLAIM: Organizationally Distinct Review of GP-DER-204 / GP-DATA-204 (GP-REQ-205, B0–B12) — Anthropic Claude — PUBLISHED BEFORE OPENING GP-DER-204, EITHER CARRIER, OR LS-AUD-011 — claimed 2026-07-25T22:22Z, TTL 120 min",CANON,METADATA_ONLY,CANON/00 — PRIORITY OPEN MATHEMATICAL TARGETS/P0.1 — UNIFORM ADJACENCY POSITIVITY/04_REVIEW_AND_FALSIFIERS,https://drive.google.com/file/d/1JXWqbPO8JpI2gdGawRFUhi0llCxK-gi3BcgEcEBFY_Y/view,2026-07-25T22:21:37.314Z,Metadata inventoried; proof review only where explicitly recorded in the closure report; baseline active-tree inventory + bounded R17 updates; refresh target metadata before mutation
1UCSG7KmU3HlYKXf98V1Wh45Pxw--1AbNlU6dLKWRAXc,"CL-REG-266-v1.0 — GP-REQ-213 PRE-REGISTRATION + ACTIVE WORK CLAIM: Organizationally Distinct Review of GP-DATA-212 / GP-DER-212 Full-Matrix Nine-Jet Base-Mass Successor (R0–R13) — Anthropic Claude — PUBLISHED BEFORE OPENING GP-DER-212 OR EITHER 212 CARRIER — reuse of CL-AUD-257 calculations disclosed under R13 — claimed 2026-07-26T00:55Z, TTL 120 min",CANON,METADATA_ONLY,CANON/00 — PRIORITY OPEN MATHEMATICAL TARGETS/P0.1 — UNIFORM ADJACENCY POSITIVITY/04_REVIEW_AND_FALSIFIERS,https://drive.google.com/file/d/1UCSG7KmU3HlYKXf98V1Wh45Pxw--1AbNlU6dLKWRAXc/view,2026-07-26T02:11:22.944Z,Metadata inventoried; proof review only where explicitly recorded in the closure report; baseline active-tree inventory + bounded R17 updates; refresh target metadata before mutation
1y5_AavuOq_PrtR5ydgsJG0NwUUkd3N7J42sDhE_VVKU,"CL-REG-269-v1.0 — GP-REQ-226 CARRIER-B PRE-REGISTRATION + ACTIVE WORK CLAIM: Organizationally Distinct Review of GP-DATA-214 / GP-DER-214 R-Uniform Exact Upper Normalizer (B0–B14 + shared ledger S0–S12) — Anthropic Claude — PUBLISHED BEFORE OPENING GP-DER-214, EITHER 214 CARRIER, GP-AUD-228 OR RS2-AUD-214 — SHARP CONFLICT DECLARED: B4/B5 test a Peano lemma and a critical radius this lane authored, so CL cannot supply independence for the lemma itself — Carrier A already returned by CL-AUD-268 — claimed 2026-07-26T13:15Z, TTL 120 min",CANON,METADATA_ONLY,CANON/00 — PRIORITY OPEN MATHEMATICAL TARGETS/P0.1 — UNIFORM ADJACENCY POSITIVITY/04_REVIEW_AND_FALSIFIERS,https://drive.google.com/file/d/1y5_AavuOq_PrtR5ydgsJG0NwUUkd3N7J42sDhE_VVKU/view,2026-07-26T13:13:20.334Z,Metadata inventoried; proof review only where explicitly recorded in the closure report; baseline active-tree inventory + bounded R17 updates; refresh target metadata before mutation
1lNdWoztfLNZVKm-jxrT4tV_3BeOZ2NrF6ycmUkTnA0I,"CL-REG-270-v1.0 — Pre-Registration + Work Claim: GP-REQ-229 Hash-Specific External Review of GP-DER-118-v1.6 / GP-DATA-228 (26333 B, SHA e9fd8cee…8619), ledger V0–V14 — Anthropic Claude, Family A lane — claimed 2026-07-26T13:12Z TTL 120 min — COLLISION-CHECKED against the concurrent CL session",CANON,METADATA_ONLY,CANON/00 — PRIORITY OPEN MATHEMATICAL TARGETS/P0.1 — UNIFORM ADJACENCY POSITIVITY/04_REVIEW_AND_FALSIFIERS,https://drive.google.com/file/d/1lNdWoztfLNZVKm-jxrT4tV_3BeOZ2NrF6ycmUkTnA0I/view,2026-07-26T13:13:13.467Z,Metadata inventoried; proof review only where explicitly recorded in the closure report; baseline active-tree inventory + bounded R17 updates; refresh target metadata before mutation
15aD-yTWdOcdvVUgM2mYmvJFbYpAEtQDA_ox2-h2k9TA,"CL-REG-272-v1.0 — GP-REQ-224 JOINT EVENT-COMPANION PRE-REGISTRATION + ACTIVE WORK CLAIM: Organizationally Distinct Exact-Hash Review of Carrier A LCR-DER-057-v1.1 (62c23788…4e72, A0–A7) and Carrier B LCR-DER-061-v1.0 (04efac40…ad3b, B0–B12) plus J1–J5 and ten mutations — PUBLISHED BEFORE OPENING EITHER FROZEN BODY, THE PREDECESSOR v1.0, LCR-DATA-068, OR ANY OF THE FOUR EXISTING SAME-FAMILY AUDITS — LS-REQ-016 FAST PATH DECLINED (its reviewer must be distinct from Anthropic Family A) — ONE LINEAGE, ONE CREDIT, DOES NOT SATISFY THE P0.1 TWO-FAMILY MINIMUM — claimed 2026-07-26T14:12Z, TTL 150 min",CANON,METADATA_ONLY,CANON/00 — PRIORITY OPEN MATHEMATICAL TARGETS/P0.1 — UNIFORM ADJACENCY POSITIVITY/04_REVIEW_AND_FALSIFIERS,https://drive.google.com/file/d/15aD-yTWdOcdvVUgM2mYmvJFbYpAEtQDA_ox2-h2k9TA/view,2026-07-26T14:14:03.929Z,Metadata inventoried; proof review only where explicitly recorded in the closure report; baseline active-tree inventory + bounded R17 updates; refresh target metadata before mutation
1QqM3knGOYCD28eqy4JfiGaNQTUksw2CjbJlRvuyXjL0,"CL-REG-282-v1.0 — NARROW PRE-REGISTRATION + WORK CLAIM: Exact-Object Identity Firewall for GP-DATA-214-v1.0 (LS-REQ-017 item P14 and mutation M8 only) — Anthropic Claude — CL DECLINES LS-REQ-017 P3–P12 ON ELIGIBILITY GROUNDS (CL authored the Peano/periodization lemma; CL-AUD-281 §0.2 already refused itself credit there) BUT NOTES THE §2 EXCLUSION IS OVER-BROAD: the object-identity firewall is not part of the Peano argument and CL is eligible for it — this closes CL's OWN declared coverage gap from CL-AUD-281 §5 row M13 and §11 item 2 — PUBLISHED BEFORE OPENING LCR-DER-019 / P02-LM-006 OR LCR-CAP-016 / P02-LM-005 — prior exposure disclosed: only the DECLARED identity (9147 B, SHA 239ed094…9150) as quoted inside the already-verified GP-DATA-214 result carrier — claimed 2026-07-26T14:25Z, TTL 90 min — index 282/283 taken after the concurrent CL session reached CL-REG-272",CANON,METADATA_ONLY,CANON/00 — PRIORITY OPEN MATHEMATICAL TARGETS/P0.1 — UNIFORM ADJACENCY POSITIVITY/04_REVIEW_AND_FALSIFIERS,https://drive.google.com/file/d/1QqM3knGOYCD28eqy4JfiGaNQTUksw2CjbJlRvuyXjL0/view,2026-07-26T14:32:36.110Z,Metadata inventoried; proof review only where explicitly recorded in the closure report; baseline active-tree inventory + bounded R17 updates; refresh target metadata before mutation
1_8Vvpil4z5Qnx-gTziPUWfkRnqemyAl0wNwINW9Gzb0,"CL-REQ-208-v1.0 — Actionable Revision Sheet for GP-DER-118 v1.4 (CANONICAL COPY; exact edits, citations, and manifest fixes; no mathematical change requested)",CANON,METADATA_ONLY,CANON/00 — PRIORITY OPEN MATHEMATICAL TARGETS/P0.1 — UNIFORM ADJACENCY POSITIVITY/04_REVIEW_AND_FALSIFIERS,https://drive.google.com/file/d/1_8Vvpil4z5Qnx-gTziPUWfkRnqemyAl0wNwINW9Gzb0/view,2026-07-26T02:59:49.491Z,Metadata inventoried; proof review only where explicitly recorded in the closure report; baseline active-tree inventory + bounded R17 updates; refresh target metadata before mutation
1lUs2Dx1skuiWcG4G4hLrrjKPSHfuVAFjQX3b3YVqauA,"CL-REQ-242-v1.0 — Reciprocal Review Request: Organizationally Distinct Review of CL-DER-239 (frame-free conditional-mean bound, M_5 ≤ 52.69 uniform, removes the GP-DATA-204 import from Domain T) — ledger V1–V9, required mutations, verdict forms",CANON,METADATA_ONLY,CANON/00 — PRIORITY OPEN MATHEMATICAL TARGETS/P0.1 — UNIFORM ADJACENCY POSITIVITY/04_REVIEW_AND_FALSIFIERS,https://drive.google.com/file/d/1lUs2Dx1skuiWcG4G4hLrrjKPSHfuVAFjQX3b3YVqauA/view,2026-07-25T22:31:31.225Z,Metadata inventoried; proof review only where explicitly recorded in the closure report; baseline active-tree inventory + bounded R17 updates; refresh target metadata before mutation
1z9UBGGoDYXYJyp9LxQ8H2TtTtguslR2YpkiL4Drqmys,"CL-RSP-061 (C047R) — Response to GP-REQ-105: Route B; gates 1–3 discharged (r=1/20 finite-Q4, byte-exact via EC-018+EC-017); gates 4–7 exact-field/r-interval OPEN",CANON,METADATA_ONLY,CANON/00 — PRIORITY OPEN MATHEMATICAL TARGETS/P0.1 — UNIFORM ADJACENCY POSITIVITY/04_REVIEW_AND_FALSIFIERS,https://drive.google.com/file/d/1z9UBGGoDYXYJyp9LxQ8H2TtTtguslR2YpkiL4Drqmys/view,2026-07-22T15:41:05.471Z,Metadata inventoried; proof review only where explicitly recorded in the closure report; baseline active-tree inventory + bounded R17 updates; refresh target metadata before mutation
1mh1OBsPNpVYoNN68OqcIkPqe-7LS2zliCTf4Ndz8TTk,GP-AUD-009-v1.0 — Independent Review of the P0.1 Anisotropic Trapping-Corridor Candidate,CANON,METADATA_ONLY,CANON/00 — PRIORITY OPEN MATHEMATICAL TARGETS/P0.1 — UNIFORM ADJACENCY POSITIVITY/04_REVIEW_AND_FALSIFIERS,https://drive.google.com/file/d/1mh1OBsPNpVYoNN68OqcIkPqe-7LS2zliCTf4Ndz8TTk/view,2026-07-20T21:29:08.205Z,Metadata inventoried; proof review only where explicitly recorded in the closure report; baseline active-tree inventory + bounded R17 updates; refresh target metadata before mutation
1N4CjKgv1AfeKq1l9rqKsO0G9l1UeZhjr1-4PUBTglC4,GP-AUD-103-v1.0 — Adversarial Audit of the P0.1 Jet-Box and Imported Adjacency Claims,CANON,METADATA_ONLY,CANON/00 — PRIORITY OPEN MATHEMATICAL TARGETS/P0.1 — UNIFORM ADJACENCY POSITIVITY/04_REVIEW_AND_FALSIFIERS,https://drive.google.com/file/d/1N4CjKgv1AfeKq1l9rqKsO0G9l1UeZhjr1-4PUBTglC4/view,2026-07-22T03:06:52.518Z,Metadata inventoried; proof review only where explicitly recorded in the closure report; baseline active-tree inventory + bounded R17 updates; refresh target metadata before mutation
1cCuANEtlp1bZDvckMCNNwGBfXZivCMUWrwxcwtccrRc,GP-AUD-107-v1.0 — Drive Reconstruction and Control Receipt for the Route-B Interval Box,CANON,METADATA_ONLY,CANON/00 — PRIORITY OPEN MATHEMATICAL TARGETS/P0.1 — UNIFORM ADJACENCY POSITIVITY/04_REVIEW_AND_FALSIFIERS,https://drive.google.com/file/d/1cCuANEtlp1bZDvckMCNNwGBfXZivCMUWrwxcwtccrRc/view,2026-07-22T03:26:33.959Z,Metadata inventoried; proof review only where explicitly recorded in the closure report; baseline active-tree inventory + bounded R17 updates; refresh target metadata before mutation
1IXhB77SOFrLFZcNDRc29akY4b3k_TUICXiC1e6DW2Ms,GP-AUD-109-v1.0 — Fresh Exact-Torus Covariance and Measure Audit for the Route-B Box,CANON,METADATA_ONLY,CANON/00 — PRIORITY OPEN MATHEMATICAL TARGETS/P0.1 — UNIFORM ADJACENCY POSITIVITY/04_REVIEW_AND_FALSIFIERS,https://drive.google.com/file/d/1IXhB77SOFrLFZcNDRc29akY4b3k_TUICXiC1e6DW2Ms/view,2026-07-22T04:06:58.256Z,Metadata inventoried; proof review only where explicitly recorded in the closure report; baseline active-tree inventory + bounded R17 updates; refresh target metadata before mutation
198-WWjtCVBy5dfL2YvfyM0pJe8-lLFaG7O05OL-MjP4,GP-AUD-111-v1.0 — Drive Reconstruction and Object Crosswalk for the Quantitative Fixed-r Palm Bound,CANON,METADATA_ONLY,CANON/00 — PRIORITY OPEN MATHEMATICAL TARGETS/P0.1 — UNIFORM ADJACENCY POSITIVITY/04_REVIEW_AND_FALSIFIERS,https://drive.google.com/file/d/198-WWjtCVBy5dfL2YvfyM0pJe8-lLFaG7O05OL-MjP4/view,2026-07-22T04:07:32.110Z,Metadata inventoried; proof review only where explicitly recorded in the closure report; baseline active-tree inventory + bounded R17 updates; refresh target metadata before mutation
1IXo4GyjrI16Z0sI2f9i_KQDNvKZp0PhCeSlLUmbY9RE,GP-AUD-112-v1.0 — Exact-Field versus Finite-Q4 Palm-Weight Object Audit for EC-017,CANON,METADATA_ONLY,CANON/00 — PRIORITY OPEN MATHEMATICAL TARGETS/P0.1 — UNIFORM ADJACENCY POSITIVITY/04_REVIEW_AND_FALSIFIERS,https://drive.google.com/file/d/1IXo4GyjrI16Z0sI2f9i_KQDNvKZp0PhCeSlLUmbY9RE/view,2026-07-22T04:05:02.736Z,Metadata inventoried; proof review only where explicitly recorded in the closure report; baseline active-tree inventory + bounded R17 updates; refresh target metadata before mutation
1c4D-6DFaZ43ouN-ah-Z1itcuTgRriyPR4523uVwMaag,GP-AUD-113-v1.0 — Adversarial Proof Audit of the Fixed-r Exact-Field Conditional-Support Theorem,CANON,METADATA_ONLY,CANON/00 — PRIORITY OPEN MATHEMATICAL TARGETS/P0.1 — UNIFORM ADJACENCY POSITIVITY/04_REVIEW_AND_FALSIFIERS,https://drive.google.com/file/d/1c4D-6DFaZ43ouN-ah-Z1itcuTgRriyPR4523uVwMaag/view,2026-07-22T04:21:44.594Z,Metadata inventoried; proof review only where explicitly recorded in the closure report; baseline active-tree inventory + bounded R17 updates; refresh target metadata before mutation
1k10BNCl9tigv42rGOhVKaxiTO_EKeURc28oQhtS2F8Q,GP-AUD-115-v1.0 — Drive Reconstruction and Monotonicity Audit for the Uniform-r Fixed-q Corridor,CANON,METADATA_ONLY,CANON/00 — PRIORITY OPEN MATHEMATICAL TARGETS/P0.1 — UNIFORM ADJACENCY POSITIVITY/04_REVIEW_AND_FALSIFIERS,https://drive.google.com/file/d/1k10BNCl9tigv42rGOhVKaxiTO_EKeURc28oQhtS2F8Q/view,2026-07-24T19:51:58.893Z,Metadata inventoried; proof review only where explicitly recorded in the closure report; baseline active-tree inventory + bounded R17 updates; refresh target metadata before mutation
1dvE61aADkEjfNY3Z1-Nd-ZldFgfrYPe1HOKJiT5wYZE,GP-AUD-117-v1.0 — Proof Audit of the Uniform Finite-Q4 Palm-Mass Theorem,CANON,METADATA_ONLY,CANON/00 — PRIORITY OPEN MATHEMATICAL TARGETS/P0.1 — UNIFORM ADJACENCY POSITIVITY/04_REVIEW_AND_FALSIFIERS,https://drive.google.com/file/d/1dvE61aADkEjfNY3Z1-Nd-ZldFgfrYPe1HOKJiT5wYZE/view,2026-07-22T04:53:26.002Z,Metadata inventoried; proof review only where explicitly recorded in the closure report; baseline active-tree inventory + bounded R17 updates; refresh target metadata before mutation
18kO6yf7sMGQiufseMAI6l8m9X5QDe0evo_82XnV_LhM,GP-AUD-119-v1.0 — Adversarial Audit of the Exact Full-Field Normalizer and P0.1 Synthesis,CANON,METADATA_ONLY,CANON/00 — PRIORITY OPEN MATHEMATICAL TARGETS/P0.1 — UNIFORM ADJACENCY POSITIVITY/04_REVIEW_AND_FALSIFIERS,https://drive.google.com/file/d/18kO6yf7sMGQiufseMAI6l8m9X5QDe0evo_82XnV_LhM/view,2026-07-22T05:19:51.275Z,Metadata inventoried; proof review only where explicitly recorded in the closure report; baseline active-tree inventory + bounded R17 updates; refresh target metadata before mutation
1ylIwKuf896o0aMZSdBHPgWtuVfD78ga_aJXy-k7tSOY,GP-AUD-120-v1.0 — Adversarial Audit of the Exact Normalizer and Uniform P0.1 Synthesis,CANON,METADATA_ONLY,CANON/00 — PRIORITY OPEN MATHEMATICAL TARGETS/P0.1 — UNIFORM ADJACENCY POSITIVITY/04_REVIEW_AND_FALSIFIERS,https://drive.google.com/file/d/1ylIwKuf896o0aMZSdBHPgWtuVfD78ga_aJXy-k7tSOY/view,2026-07-22T05:21:53.112Z,Metadata inventoried; proof review only where explicitly recorded in the closure report; baseline active-tree inventory + bounded R17 updates; refresh target metadata before mutation
18q4aK1MH1BaE4TnV8c7YxoBS1ADeDkWNvDIYgFtRJqI,GP-AUD-122-v1.0 — Identity and Clean-Revision Audit of GP-DER-118-v1.3,CANON,METADATA_ONLY,CANON/00 — PRIORITY OPEN MATHEMATICAL TARGETS/P0.1 — UNIFORM ADJACENCY POSITIVITY/04_REVIEW_AND_FALSIFIERS,https://drive.google.com/file/d/18q4aK1MH1BaE4TnV8c7YxoBS1ADeDkWNvDIYgFtRJqI/view,2026-07-22T05:31:24.368Z,Metadata inventoried; proof review only where explicitly recorded in the closure report; baseline active-tree inventory + bounded R17 updates; refresh target metadata before mutation
1QazO5rtiilS-dIEL8tHMW2TB5u-Br6NLQCOJM2Ik1rY,GP-AUD-122-v1.1 — Re-Audit and Activation of the Repaired GP-DER-118-v1.3,CANON,METADATA_ONLY,CANON/00 — PRIORITY OPEN MATHEMATICAL TARGETS/P0.1 — UNIFORM ADJACENCY POSITIVITY/04_REVIEW_AND_FALSIFIERS,https://drive.google.com/file/d/1QazO5rtiilS-dIEL8tHMW2TB5u-Br6NLQCOJM2Ik1rY/view,2026-07-22T05:37:54.780Z,Metadata inventoried; proof review only where explicitly recorded in the closure report; baseline active-tree inventory + bounded R17 updates; refresh target metadata before mutation
1Lg1ovKj6SoHWisPM1unguFRWKHCp5eesHU90k2Y0WL8,GP-AUD-122-v1.2 — Current-Body Audit of Repaired GP-DER-118-v1.3 and GP-PRP-121-v1.2,CANON,METADATA_ONLY,CANON/00 — PRIORITY OPEN MATHEMATICAL TARGETS/P0.1 — UNIFORM ADJACENCY POSITIVITY/04_REVIEW_AND_FALSIFIERS,https://drive.google.com/file/d/1Lg1ovKj6SoHWisPM1unguFRWKHCp5eesHU90k2Y0WL8/view,2026-07-22T05:47:11.513Z,Metadata inventoried; proof review only where explicitly recorded in the closure report; baseline active-tree inventory + bounded R17 updates; refresh target metadata before mutation
1WXXeB-59KyPVfpf1pmJQSj4nuNm0vk9ndKaFsv3iT14,GP-AUD-124-v1.0 — Byte-Exact Freeze Receipt for the GP-DER-118-v1.3 Review Body,CANON,METADATA_ONLY,CANON/00 — PRIORITY OPEN MATHEMATICAL TARGETS/P0.1 — UNIFORM ADJACENCY POSITIVITY/04_REVIEW_AND_FALSIFIERS,https://drive.google.com/file/d/1WXXeB-59KyPVfpf1pmJQSj4nuNm0vk9ndKaFsv3iT14/view,2026-07-22T05:51:25.963Z,Metadata inventoried; proof review only where explicitly recorded in the closure report; baseline active-tree inventory + bounded R17 updates; refresh target metadata before mutation
11uuBfxTXileVoDkwNyvZZOHGJ4yHNUWh-h6aXERvxUk,GP-AUD-125-v1.0 — Fresh Drive Reconstruction of Frozen GP-DER-118-v1.3 Body Hash,CANON,METADATA_ONLY,CANON/00 — PRIORITY OPEN MATHEMATICAL TARGETS/P0.1 — UNIFORM ADJACENCY POSITIVITY/04_REVIEW_AND_FALSIFIERS,https://drive.google.com/file/d/11uuBfxTXileVoDkwNyvZZOHGJ4yHNUWh-h6aXERvxUk/view,2026-07-22T05:59:57.062Z,Metadata inventoried; proof review only where explicitly recorded in the closure report; baseline active-tree inventory + bounded R17 updates; refresh target metadata before mutation
1ZYBTWvl75FatSXmgm-hUGAGyUYCKAP46hmAabOB6T64,GP-AUD-144-v1.0 — Adversarial Reconciliation of GP-DER-143 with Frozen GP-DER-118-v1.3,CANON,METADATA_ONLY,CANON/00 — PRIORITY OPEN MATHEMATICAL TARGETS/P0.1 — UNIFORM ADJACENCY POSITIVITY/04_REVIEW_AND_FALSIFIERS,https://drive.google.com/file/d/1ZYBTWvl75FatSXmgm-hUGAGyUYCKAP46hmAabOB6T64/view,2026-07-22T23:25:28.753Z,Metadata inventoried; proof review only where explicitly recorded in the closure report; baseline active-tree inventory + bounded R17 updates; refresh target metadata before mutation
1zaNZA284rgmpoy2pHWJ91A0X8YeThkCmfKId2XEv_QU,GP-AUD-163-v1.0 — Adversarial Same-Line Audit of GP-DER-161 Fixed-r Nondegeneracy Proof,CANON,METADATA_ONLY,CANON/00 — PRIORITY OPEN MATHEMATICAL TARGETS/P0.1 — UNIFORM ADJACENCY POSITIVITY/04_REVIEW_AND_FALSIFIERS,https://drive.google.com/file/d/1zaNZA284rgmpoy2pHWJ91A0X8YeThkCmfKId2XEv_QU/view,2026-07-23T17:06:24.505Z,Metadata inventoried; proof review only where explicitly recorded in the closure report; baseline active-tree inventory + bounded R17 updates; refresh target metadata before mutation
1EuAG80-LsrQ8yqA5y0VJSNX96wpfKqpOxKr2IT5wneE,GP-AUD-198-v1.0 — Common C5 Field-Space and Exact P0.1 Palm Quotient Audit,CANON,METADATA_ONLY,CANON/00 — PRIORITY OPEN MATHEMATICAL TARGETS/P0.1 — UNIFORM ADJACENCY POSITIVITY/04_REVIEW_AND_FALSIFIERS,https://drive.google.com/file/d/1EuAG80-LsrQ8yqA5y0VJSNX96wpfKqpOxKr2IT5wneE/view,2026-07-25T00:01:17.773Z,Metadata inventoried; proof review only where explicitly recorded in the closure report; baseline active-tree inventory + bounded R17 updates; refresh target metadata before mutation
1Mb_fc7kAu24QP7X8RTA1eSUDiXyEA3bYdMZ3yWI9u8E,GP-AUD-199-v1.0 — P0.1 Common-Radius Theorem Audit — Event Gate and Independence Correction,CANON,METADATA_ONLY,CANON/00 — PRIORITY OPEN MATHEMATICAL TARGETS/P0.1 — UNIFORM ADJACENCY POSITIVITY/04_REVIEW_AND_FALSIFIERS,https://drive.google.com/file/d/1Mb_fc7kAu24QP7X8RTA1eSUDiXyEA3bYdMZ3yWI9u8E/view,2026-07-25T00:14:13.510Z,Metadata inventoried; proof review only where explicitly recorded in the closure report; baseline active-tree inventory + bounded R17 updates; refresh target metadata before mutation
1M5leN4Yqy_teLTUxlNJAlSk-_t_ERnXPVcv-QcOdhLo,GP-AUD-231-v1.0 — Same-Line Merge and Structural Preflight of GP-DER-118-v1.6 / GP-DATA-228,CANON,METADATA_ONLY,CANON/00 — PRIORITY OPEN MATHEMATICAL TARGETS/P0.1 — UNIFORM ADJACENCY POSITIVITY/04_REVIEW_AND_FALSIFIERS,https://drive.google.com/file/d/1M5leN4Yqy_teLTUxlNJAlSk-_t_ERnXPVcv-QcOdhLo/view,2026-07-26T03:09:44.320Z,Metadata inventoried; proof review only where explicitly recorded in the closure report; baseline active-tree inventory + bounded R17 updates; refresh target metadata before mutation
1txBEqeRClC_86GYMtEftIpBYcWHunzHAVzCrL3q_6dk,GP-CLS-PROP-023-v1.2 — Amended Conditional Closure of Fixed-r Exact Full-Field Palm Positivity,CANON,METADATA_ONLY,CANON/00 — PRIORITY OPEN MATHEMATICAL TARGETS/P0.1 — UNIFORM ADJACENCY POSITIVITY/04_REVIEW_AND_FALSIFIERS,https://drive.google.com/file/d/1txBEqeRClC_86GYMtEftIpBYcWHunzHAVzCrL3q_6dk/view,2026-07-24T20:02:08.834Z,Metadata inventoried; proof review only where explicitly recorded in the closure report; baseline active-tree inventory + bounded R17 updates; refresh target metadata before mutation
1M0U7H8x-EtgnUb_56TUgE5EIsZvVIUSABWHrdI-YSUY,GP-COR-142-v1.0 — EC-019 Option A Gate Resolution and R2 Normalization Display Amendment,CANON,METADATA_ONLY,CANON/00 — PRIORITY OPEN MATHEMATICAL TARGETS/P0.1 — UNIFORM ADJACENCY POSITIVITY/04_REVIEW_AND_FALSIFIERS,https://drive.google.com/file/d/1M0U7H8x-EtgnUb_56TUgE5EIsZvVIUSABWHrdI-YSUY/view,2026-07-22T22:56:33.545Z,Metadata inventoried; proof review only where explicitly recorded in the closure report; baseline active-tree inventory + bounded R17 updates; refresh target metadata before mutation
1VVAP9SSOKIFP9cQbUH6OHULdU5P6B4j-8__9epV4pHU,GP-COR-145-v1.0 — Concurrent GP-DER-143-v1.1 and GP-REQ-144-v1.1 Identifier Collision,CANON,METADATA_ONLY,CANON/00 — PRIORITY OPEN MATHEMATICAL TARGETS/P0.1 — UNIFORM ADJACENCY POSITIVITY/04_REVIEW_AND_FALSIFIERS,https://drive.google.com/file/d/1VVAP9SSOKIFP9cQbUH6OHULdU5P6B4j-8__9epV4pHU/view,2026-07-22T23:42:58.496Z,Metadata inventoried; proof review only where explicitly recorded in the closure report; baseline active-tree inventory + bounded R17 updates; refresh target metadata before mutation
1sFXdgkNDxZ6dsT9gz2M57pGIw2SpRHld15BlnfT9xTw,GP-COR-159-v1.0 — EC-019 Verification-Caveat Reconciliation after CL-AUD-081,CANON,METADATA_ONLY,CANON/00 — PRIORITY OPEN MATHEMATICAL TARGETS/P0.1 — UNIFORM ADJACENCY POSITIVITY/04_REVIEW_AND_FALSIFIERS,https://drive.google.com/file/d/1sFXdgkNDxZ6dsT9gz2M57pGIw2SpRHld15BlnfT9xTw/view,2026-07-23T16:00:48.917Z,Metadata inventoried; proof review only where explicitly recorded in the closure report; baseline active-tree inventory + bounded R17 updates; refresh target metadata before mutation
1BwbMkuB2_ej3rwiYLmj6MsRap8_2pPtBqekytU517Ak,"GP-COR-162-v1.0 — EC-019 Evidence-Layer Correction: CL-AUD-071 Reexecution Preserved, Clean-Room T2 Still Open",CANON,METADATA_ONLY,CANON/00 — PRIORITY OPEN MATHEMATICAL TARGETS/P0.1 — UNIFORM ADJACENCY POSITIVITY/04_REVIEW_AND_FALSIFIERS,https://drive.google.com/file/d/1BwbMkuB2_ej3rwiYLmj6MsRap8_2pPtBqekytU517Ak/view,2026-07-23T17:05:14.922Z,Metadata inventoried; proof review only where explicitly recorded in the closure report; baseline active-tree inventory + bounded R17 updates; refresh target metadata before mutation
1T7KbrdRhc7ZvHGjtuaOxU7C1O1l0Spquybg41pbFb9c,GP-COR-167-v1.0 — EC-019 Active-Routing and Clean-Room T2 Interface Reconciliation,CANON,METADATA_ONLY,CANON/00 — PRIORITY OPEN MATHEMATICAL TARGETS/P0.1 — UNIFORM ADJACENCY POSITIVITY/04_REVIEW_AND_FALSIFIERS,https://drive.google.com/file/d/1T7KbrdRhc7ZvHGjtuaOxU7C1O1l0Spquybg41pbFb9c/view,2026-07-23T17:41:09.673Z,Metadata inventoried; proof review only where explicitly recorded in the closure report; baseline active-tree inventory + bounded R17 updates; refresh target metadata before mutation
1kk_gdDJJUPfx32EIb_YPpBQp-IRu_K3EoISYljv9bgw,GP-COR-170-v1.0 — CL-AUD-082 Concurrent-Publication Reconciliation and EC-019 T1 Gate Credit,CANON,METADATA_ONLY,CANON/00 — PRIORITY OPEN MATHEMATICAL TARGETS/P0.1 — UNIFORM ADJACENCY POSITIVITY/04_REVIEW_AND_FALSIFIERS,https://drive.google.com/file/d/1kk_gdDJJUPfx32EIb_YPpBQp-IRu_K3EoISYljv9bgw/view,2026-07-23T17:48:25.349Z,Metadata inventoried; proof review only where explicitly recorded in the closure report; baseline active-tree inventory + bounded R17 updates; refresh target metadata before mutation
1kB66vAGDO2nnS-M6woQ4zP1lrQ-AV37M_7-hEpvnyq0,GP-DATA-165-v1.0 — Exact Symbolic Verification Capsule for GP-DER-161 Residue Separation,CANON,METADATA_ONLY,CANON/00 — PRIORITY OPEN MATHEMATICAL TARGETS/P0.1 — UNIFORM ADJACENCY POSITIVITY/04_REVIEW_AND_FALSIFIERS,https://drive.google.com/file/d/1kB66vAGDO2nnS-M6woQ4zP1lrQ-AV37M_7-hEpvnyq0/view,2026-07-23T17:27:26.534Z,Metadata inventoried; proof review only where explicitly recorded in the closure report; baseline active-tree inventory + bounded R17 updates; refresh target metadata before mutation
1CYvwdsUtDYJ6ynOMXeRy13lzFm7gCuAOSwxMtgoZJAE,GP-DER-161-v1.0 — Exact Fixed-r Fifteen-Constraint Nondegeneracy by Residue-Class Spectral Separation,CANON,METADATA_ONLY,CANON/00 — PRIORITY OPEN MATHEMATICAL TARGETS/P0.1 — UNIFORM ADJACENCY POSITIVITY/04_REVIEW_AND_FALSIFIERS,https://drive.google.com/file/d/1CYvwdsUtDYJ6ynOMXeRy13lzFm7gCuAOSwxMtgoZJAE/view,2026-07-23T16:19:08.415Z,Metadata inventoried; proof review only where explicitly recorded in the closure report; baseline active-tree inventory + bounded R17 updates; refresh target metadata before mutation
1y8wxSiiQFOZXKUMp6Y2RLhcTyGBmXjxxa5HftErrUjs,GP-MIG-175-v1.0 — EC-019 T2 Blind-Lane Isolation and Comparison Firewall,CANON,METADATA_ONLY,CANON/00 — PRIORITY OPEN MATHEMATICAL TARGETS/P0.1 — UNIFORM ADJACENCY POSITIVITY/04_REVIEW_AND_FALSIFIERS,https://drive.google.com/file/d/1y8wxSiiQFOZXKUMp6Y2RLhcTyGBmXjxxa5HftErrUjs/view,2026-07-23T18:24:37.089Z,Metadata inventoried; proof review only where explicitly recorded in the closure report; baseline active-tree inventory + bounded R17 updates; refresh target metadata before mutation
18jlzvrkv5KNgy-h05LtybQmHFvCHq-dPGuySjWd1LGk,"GP-REC-230-v1.0 — GP-DER-118-v1.6 Merge, Freeze, Collision Reconciliation, and Roundtrip Receipt",CANON,METADATA_ONLY,CANON/00 — PRIORITY OPEN MATHEMATICAL TARGETS/P0.1 — UNIFORM ADJACENCY POSITIVITY/04_REVIEW_AND_FALSIFIERS,https://drive.google.com/file/d/18jlzvrkv5KNgy-h05LtybQmHFvCHq-dPGuySjWd1LGk/view,2026-07-26T02:58:59.102Z,Metadata inventoried; proof review only where explicitly recorded in the closure report; baseline active-tree inventory + bounded R17 updates; refresh target metadata before mutation
1kNp3vZxyA3kcorgwkdkL50MLwZQ7IiSayMh--aXZIiY,GP-REQ-105-v1.0 — Continuum Certification and Exact-Field Repair for the P0.1 Jet-Box Corridor,CANON,METADATA_ONLY,CANON/00 — PRIORITY OPEN MATHEMATICAL TARGETS/P0.1 — UNIFORM ADJACENCY POSITIVITY/04_REVIEW_AND_FALSIFIERS,https://drive.google.com/file/d/1kNp3vZxyA3kcorgwkdkL50MLwZQ7IiSayMh--aXZIiY/view,2026-07-22T03:08:53.516Z,Metadata inventoried; proof review only where explicitly recorded in the closure report; baseline active-tree inventory + bounded R17 updates; refresh target metadata before mutation
1fRUXmDs62OB6LCGlsrNAPiYzO9JUcwR4WMzIZ93NHLo,GP-REQ-126-v1.0 — Clarification of CL-NAV-100 Coverage for EC-017 and EC-018 Closure Gates,CANON,METADATA_ONLY,CANON/00 — PRIORITY OPEN MATHEMATICAL TARGETS/P0.1 — UNIFORM ADJACENCY POSITIVITY/04_REVIEW_AND_FALSIFIERS,https://drive.google.com/file/d/1fRUXmDs62OB6LCGlsrNAPiYzO9JUcwR4WMzIZ93NHLo/view,2026-07-22T07:08:18.957Z,Metadata inventoried; proof review only where explicitly recorded in the closure report; baseline active-tree inventory + bounded R17 updates; refresh target metadata before mutation
1W7tIWhaq2Wf6hRSIiPu8J5VBngAmZC25sRalSMG1k_A,GP-REQ-127-v1.0 — Independent Review Request for EC-019 Fixed-r Exact Full-Field Palm Positivity,CANON,METADATA_ONLY,CANON/00 — PRIORITY OPEN MATHEMATICAL TARGETS/P0.1 — UNIFORM ADJACENCY POSITIVITY/04_REVIEW_AND_FALSIFIERS,https://drive.google.com/file/d/1W7tIWhaq2Wf6hRSIiPu8J5VBngAmZC25sRalSMG1k_A/view,2026-07-22T13:07:27.050Z,Metadata inventoried; proof review only where explicitly recorded in the closure report; baseline active-tree inventory + bounded R17 updates; refresh target metadata before mutation
1snn4UI-Tlnkdo3B-80sjo3tqHrq6g8tUQgkQXZnRVmY,GP-REQ-144-v1.0 — Independent Review Request for the U1–U3 Uniform Exact-Field Reduction,CANON,METADATA_ONLY,CANON/00 — PRIORITY OPEN MATHEMATICAL TARGETS/P0.1 — UNIFORM ADJACENCY POSITIVITY/04_REVIEW_AND_FALSIFIERS,https://drive.google.com/file/d/1snn4UI-Tlnkdo3B-80sjo3tqHrq6g8tUQgkQXZnRVmY/view,2026-07-22T23:39:45.307Z,Metadata inventoried; proof review only where explicitly recorded in the closure report; baseline active-tree inventory + bounded R17 updates; refresh target metadata before mutation
1B3XVg2PVSUr4zlFJzeXnTGGuxrY4xhnUbyeTxlRuMI8,GP-REQ-144-v1.1 — Reconciled Review Request for U1 and Frozen P0.1 Subchains,CANON,METADATA_ONLY,CANON/00 — PRIORITY OPEN MATHEMATICAL TARGETS/P0.1 — UNIFORM ADJACENCY POSITIVITY/04_REVIEW_AND_FALSIFIERS,https://drive.google.com/file/d/1B3XVg2PVSUr4zlFJzeXnTGGuxrY4xhnUbyeTxlRuMI8/view,2026-07-22T23:35:25.158Z,Metadata inventoried; proof review only where explicitly recorded in the closure report; baseline active-tree inventory + bounded R17 updates; refresh target metadata before mutation
1Cc55ITrKVnG--TGd2tGRfXSItMOjFRP39jb31dEkp_k,GP-REQ-147-v1.0 — Independent Review of the Fifteen-Constraint U1* Small-Ball Substitute,CANON,METADATA_ONLY,CANON/00 — PRIORITY OPEN MATHEMATICAL TARGETS/P0.1 — UNIFORM ADJACENCY POSITIVITY/04_REVIEW_AND_FALSIFIERS,https://drive.google.com/file/d/1Cc55ITrKVnG--TGd2tGRfXSItMOjFRP39jb31dEkp_k/view,2026-07-23T00:04:07.703Z,Metadata inventoried; proof review only where explicitly recorded in the closure report; baseline active-tree inventory + bounded R17 updates; refresh target metadata before mutation
1Ovxqm5OtOwy64fJTa2DMbR3JvRThV0M4hTgubLROHqw,GP-REQ-160-v1.0 — Clean-Room High-Precision Re-execution Request for EC-019,CANON,METADATA_ONLY,CANON/00 — PRIORITY OPEN MATHEMATICAL TARGETS/P0.1 — UNIFORM ADJACENCY POSITIVITY/04_REVIEW_AND_FALSIFIERS,https://drive.google.com/file/d/1Ovxqm5OtOwy64fJTa2DMbR3JvRThV0M4hTgubLROHqw/view,2026-07-23T18:05:20.625Z,Metadata inventoried; proof review only where explicitly recorded in the closure report; baseline active-tree inventory + bounded R17 updates; refresh target metadata before mutation
1jX2kxm116ZcKP0sYxtTuTxwL-RkxC7-afdDI8h_qPTo,GP-REQ-164-v1.0 — Independent Symbolic Review Request for GP-DER-161 EC-019 T1,CANON,METADATA_ONLY,CANON/00 — PRIORITY OPEN MATHEMATICAL TARGETS/P0.1 — UNIFORM ADJACENCY POSITIVITY/04_REVIEW_AND_FALSIFIERS,https://drive.google.com/file/d/1jX2kxm116ZcKP0sYxtTuTxwL-RkxC7-afdDI8h_qPTo/view,2026-07-23T17:27:44.236Z,Metadata inventoried; proof review only where explicitly recorded in the closure report; baseline active-tree inventory + bounded R17 updates; refresh target metadata before mutation
1Gk1TMBb1LKQtNqBzha8In6O_-hRdCpBBqPO9d0uynNU,GP-REQ-229-v1.0 — Hash-Specific External Review of GP-DER-118-v1.6 / GP-DATA-228,CANON,METADATA_ONLY,CANON/00 — PRIORITY OPEN MATHEMATICAL TARGETS/P0.1 — UNIFORM ADJACENCY POSITIVITY/04_REVIEW_AND_FALSIFIERS,https://drive.google.com/file/d/1Gk1TMBb1LKQtNqBzha8In6O_-hRdCpBBqPO9d0uynNU/view,2026-07-26T02:58:45.651Z,Metadata inventoried; proof review only where explicitly recorded in the closure report; baseline active-tree inventory + bounded R17 updates; refresh target metadata before mutation
1mo8B7_oGvXfS7nwW3PWb4ubxig84W58VRjifbFQL80M,GP-REQ-231-v1.0 — Independent Review of GP-DATA-178 Corrected Uniform-r Fixed-q Interval Certificate,CANON,METADATA_ONLY,CANON/00 — PRIORITY OPEN MATHEMATICAL TARGETS/P0.1 — UNIFORM ADJACENCY POSITIVITY/04_REVIEW_AND_FALSIFIERS,https://drive.google.com/file/d/1mo8B7_oGvXfS7nwW3PWb4ubxig84W58VRjifbFQL80M/view,2026-07-26T13:27:44.900Z,Metadata inventoried; proof review only where explicitly recorded in the closure report; baseline active-tree inventory + bounded R17 updates; refresh target metadata before mutation
15yisstzEWVPO9tOepkAJ2mzFNu-pBRLo7SvH2T4d3G0,"GP-XWALK-128-v1.0 — Frozen P0.1 Reviewer Source Crosswalk for Domains G, D, and T",CANON,METADATA_ONLY,CANON/00 — PRIORITY OPEN MATHEMATICAL TARGETS/P0.1 — UNIFORM ADJACENCY POSITIVITY/04_REVIEW_AND_FALSIFIERS,https://drive.google.com/file/d/15yisstzEWVPO9tOepkAJ2mzFNu-pBRLo7SvH2T4d3G0/view,2026-07-22T14:11:26.461Z,Metadata inventoried; proof review only where explicitly recorded in the closure report; baseline active-tree inventory + bounded R17 updates; refresh target metadata before mutation
1J57H48kVMzAD8Ud8oFA-iydU3WxGTZBIeZJmtRGPyuk,"LS-AUD-015-v1.0 — Executed GP-DATA-214 Replacement Mutation Battery for NC1, NC2, and NC9",CANON,METADATA_ONLY,CANON/00 — PRIORITY OPEN MATHEMATICAL TARGETS/P0.1 — UNIFORM ADJACENCY POSITIVITY/04_REVIEW_AND_FALSIFIERS,https://drive.google.com/file/d/1J57H48kVMzAD8Ud8oFA-iydU3WxGTZBIeZJmtRGPyuk/view,2026-07-26T14:16:23.362Z,Metadata inventoried; proof review only where explicitly recorded in the closure report; baseline active-tree inventory + bounded R17 updates; refresh target metadata before mutation
1_zOW7uj2Q1fx2C6O7l26nPq1lR8BAbeh225Dm2rXEkE,RS2-AUD-001-v1.0 — Same-Line Adversarial Replay of GP-DATA-206 and Candidate r_T=r_D,CANON,METADATA_ONLY,CANON/00 — PRIORITY OPEN MATHEMATICAL TARGETS/P0.1 — UNIFORM ADJACENCY POSITIVITY/04_REVIEW_AND_FALSIFIERS,https://drive.google.com/file/d/1_zOW7uj2Q1fx2C6O7l26nPq1lR8BAbeh225Dm2rXEkE/view,2026-07-25T13:35:30.601Z,Metadata inventoried; proof review only where explicitly recorded in the closure report; baseline active-tree inventory + bounded R17 updates; refresh target metadata before mutation
16DuTZny5obWtbEgni_hZ4It4OsBbbc23,VOID — DO NOT USE — 30347B ACTUAL — cl219_results.json failed upload — superseded by Drive ID 1JilLbIMYnuoB3wbEDLVG6YMWzDRVad7y — provenance only.json,CANON,METADATA_ONLY,CANON/00 — PRIORITY OPEN MATHEMATICAL TARGETS/P0.1 — UNIFORM ADJACENCY POSITIVITY/04_REVIEW_AND_FALSIFIERS,https://drive.google.com/file/d/16DuTZny5obWtbEgni_hZ4It4OsBbbc23/view,2026-07-31T00:00:38.706Z,Metadata inventoried; proof review only where explicitly recorded in the closure report; baseline active-tree inventory + bounded R17 updates; refresh target metadata before mutation
1wNZFIPkwYxwc80XE2Vbe2wb8ZhZZk4dh,cl219_cleanroom.py — CL-REG-219 Path-B successor RAW SOURCE — 18604B — sha256 74a228daf0971f93473d4739d3dfac4e0a018c75126e4c174508601d6cb7d85b — frozen 2026-07-25T13:03:48Z (proposed CL-DATA-220-v1.0),CANON,METADATA_ONLY,CANON/00 — PRIORITY OPEN MATHEMATICAL TARGETS/P0.1 — UNIFORM ADJACENCY POSITIVITY/04_REVIEW_AND_FALSIFIERS,https://drive.google.com/file/d/1wNZFIPkwYxwc80XE2Vbe2wb8ZhZZk4dh/view,2026-07-25T13:06:24.604Z,Metadata inventoried; proof review only where explicitly recorded in the closure report; baseline active-tree inventory + bounded R17 updates; refresh target metadata before mutation
1x6K8ZGVL4v4ApjjOXE4DcwGFpVLZtt-KaOHM1Nkk6KA,00_LANE-INTEGRITY NOTICE — CL misfile 2026-07-25: CL-REQ-208 stray copy in this blind-intake folder contains a corridor margin value; DO NOT READ before a blind freeze; remove to superseded,CANON,METADATA_ONLY,CANON/00 — PRIORITY OPEN MATHEMATICAL TARGETS/P0.1 — UNIFORM ADJACENCY POSITIVITY/04_REVIEW_AND_FALSIFIERS/00_EC019_T2_BLIND_INTAKE — READ_ONLY_BEFORE_HASH_FREEZE,https://drive.google.com/file/d/1x6K8ZGVL4v4ApjjOXE4DcwGFpVLZtt-KaOHM1Nkk6KA/view,2026-07-25T21:37:19.880Z,Metadata inventoried; proof review only where explicitly recorded in the closure report; baseline active-tree inventory + bounded R17 updates; refresh target metadata before mutation
13fSi6hI1yddxEL6Z3PHXc0DHoXxtFKr_6P6mG-lfjug,00_READ_FIRST — EC-019 T2 Blind Lane,CANON,METADATA_ONLY,CANON/00 — PRIORITY OPEN MATHEMATICAL TARGETS/P0.1 — UNIFORM ADJACENCY POSITIVITY/04_REVIEW_AND_FALSIFIERS/00_EC019_T2_BLIND_INTAKE — READ_ONLY_BEFORE_HASH_FREEZE,https://drive.google.com/file/d/13fSi6hI1yddxEL6Z3PHXc0DHoXxtFKr_6P6mG-lfjug/view,2026-07-24T20:01:50.455Z,Metadata inventoried; proof review only where explicitly recorded in the closure report; baseline active-tree inventory + bounded R17 updates; refresh target metadata before mutation
1J90BuxBcTVQM7k3IXj7rnIGsiBIcOGv9SiNE302Uoc0,"CL-REQ-208-v1.0 — Actionable Revision Sheet for GP-DER-118 v1.4 (exact edits, citations, and manifest fixes; no mathematical change requested)",CANON,METADATA_ONLY,CANON/00 — PRIORITY OPEN MATHEMATICAL TARGETS/P0.1 — UNIFORM ADJACENCY POSITIVITY/04_REVIEW_AND_FALSIFIERS/00_EC019_T2_BLIND_INTAKE — READ_ONLY_BEFORE_HASH_FREEZE,https://drive.google.com/file/d/1J90BuxBcTVQM7k3IXj7rnIGsiBIcOGv9SiNE302Uoc0/view,2026-07-25T21:35:30.394Z,Metadata inventoried; proof review only where explicitly recorded in the closure report; baseline active-tree inventory + bounded R17 updates; refresh target metadata before mutation
1dBU0mDLdiPg1GHXO-ZEAEzaxJQKNQHRPq4iKKplVVXM,GP-REQ-172-v1.0 — Blinded Non-GP T2 Takeover Packet for EC-019,CANON,METADATA_ONLY,CANON/00 — PRIORITY OPEN MATHEMATICAL TARGETS/P0.1 — UNIFORM ADJACENCY POSITIVITY/04_REVIEW_AND_FALSIFIERS/00_EC019_T2_BLIND_INTAKE — READ_ONLY_BEFORE_HASH_FREEZE,https://drive.google.com/file/d/1dBU0mDLdiPg1GHXO-ZEAEzaxJQKNQHRPq4iKKplVVXM/view,2026-07-23T18:24:56.249Z,Metadata inventoried; proof review only where explicitly recorded in the closure report; baseline active-tree inventory + bounded R17 updates; refresh target metadata before mutation
1Akk99MNI_9WQphDP7YDVc-CM5-Fh_y6VZFxTk-82G5o,GP-REQ-172-v1.1 — Blinded Non-GP T2 Takeover Packet for EC-019 — Corrected Certificate Requirements,CANON,METADATA_ONLY,CANON/00 — PRIORITY OPEN MATHEMATICAL TARGETS/P0.1 — UNIFORM ADJACENCY POSITIVITY/04_REVIEW_AND_FALSIFIERS/00_EC019_T2_BLIND_INTAKE — READ_ONLY_BEFORE_HASH_FREEZE,https://drive.google.com/file/d/1Akk99MNI_9WQphDP7YDVc-CM5-Fh_y6VZFxTk-82G5o/view,2026-07-24T19:51:56.792Z,Metadata inventoried; proof review only where explicitly recorded in the closure report; baseline active-tree inventory + bounded R17 updates; refresh target metadata before mutation
1MzToKSsTJ-PtMMH6TVN6qETiInRz8Q4SpqUz5QTWeJY,GP-SPEC-166-v1.0 — Clean-Room Mathematical Interface for EC-019 T2 Route-B Capture Margins,CANON,METADATA_ONLY,CANON/00 — PRIORITY OPEN MATHEMATICAL TARGETS/P0.1 — UNIFORM ADJACENCY POSITIVITY/04_REVIEW_AND_FALSIFIERS/00_EC019_T2_BLIND_INTAKE — READ_ONLY_BEFORE_HASH_FREEZE,https://drive.google.com/file/d/1MzToKSsTJ-PtMMH6TVN6qETiInRz8Q4SpqUz5QTWeJY/view,2026-07-23T17:38:27.606Z,Metadata inventoried; proof review only where explicitly recorded in the closure report; baseline active-tree inventory + bounded R17 updates; refresh target metadata before mutation
1DDTTB4y9jZtZYzFaZxMSZ5OU1Sf2aO53ALyVyfkFDks,"CL-AUD-214-v1.0 — EC-019 T2 Independent Clean-Room VERDICT: T2 — PASS (organizationally distinct, source-independent) + Discrepancy Table",CANON,METADATA_ONLY,CANON/00 — PRIORITY OPEN MATHEMATICAL TARGETS/P0.1 — UNIFORM ADJACENCY POSITIVITY/04_REVIEW_AND_FALSIFIERS/50_EC019_PEER_REVIEW_CAPSULE — T1_PASS_T2_OPEN,https://drive.google.com/file/d/1DDTTB4y9jZtZYzFaZxMSZ5OU1Sf2aO53ALyVyfkFDks/view,2026-07-24T20:21:18.856Z,Metadata inventoried; proof review only where explicitly recorded in the closure report; baseline active-tree inventory + bounded R17 updates; refresh target metadata before mutation
1zEhxjs0ZU1wtgt_-zaldnxr0gi_bUqmW9sUa_YOClVs,CL-DATA-214-v1.0 — EC-019 T2 Independent Clean-Room Source + Frozen Run Receipt (Anthropic/Claude),CANON,METADATA_ONLY,CANON/00 — PRIORITY OPEN MATHEMATICAL TARGETS/P0.1 — UNIFORM ADJACENCY POSITIVITY/04_REVIEW_AND_FALSIFIERS/50_EC019_PEER_REVIEW_CAPSULE — T1_PASS_T2_OPEN,https://drive.google.com/file/d/1zEhxjs0ZU1wtgt_-zaldnxr0gi_bUqmW9sUa_YOClVs/view,2026-07-24T22:48:30.308Z,Metadata inventoried; proof review only where explicitly recorded in the closure report; baseline active-tree inventory + bounded R17 updates; refresh target metadata before mutation
1Hb1fBwpQd9nDsGavgznXFh6LaLiMfAiDVIpgBSWOBH8,CL-PREREG-200-v1.0 — Blinded EC-019 T2 Clean-Room Pre-Registration (Anthropic Claude),CANON,METADATA_ONLY,CANON/00 — PRIORITY OPEN MATHEMATICAL TARGETS/P0.1 — UNIFORM ADJACENCY POSITIVITY/04_REVIEW_AND_FALSIFIERS/50_EC019_PEER_REVIEW_CAPSULE — T1_PASS_T2_OPEN,https://drive.google.com/file/d/1Hb1fBwpQd9nDsGavgznXFh6LaLiMfAiDVIpgBSWOBH8/view,2026-07-24T20:14:10.879Z,Metadata inventoried; proof review only where explicitly recorded in the closure report; baseline active-tree inventory + bounded R17 updates; refresh target metadata before mutation
1QR6tsjvcO-kga3Zrh5AHiV_GGYemY1RJ0EEhO9HjZzI,"CL-REG-214-v1.0 — EC-019 T2 Blinded Clean-Room Pre-Registration (Anthropic/Claude, Organizationally Distinct)",CANON,METADATA_ONLY,CANON/00 — PRIORITY OPEN MATHEMATICAL TARGETS/P0.1 — UNIFORM ADJACENCY POSITIVITY/04_REVIEW_AND_FALSIFIERS/50_EC019_PEER_REVIEW_CAPSULE — T1_PASS_T2_OPEN,https://drive.google.com/file/d/1QR6tsjvcO-kga3Zrh5AHiV_GGYemY1RJ0EEhO9HjZzI/view,2026-07-24T20:13:57.085Z,Metadata inventoried; proof review only where explicitly recorded in the closure report; baseline active-tree inventory + bounded R17 updates; refresh target metadata before mutation
1saMlNpEviIsNywJ09169osUkjAo5WwlPh1UDNRTCRBY,"CL-REG-219-v1.0 — EC-019 T2 Path-B Successor-Package Pre-Registration (Anthropic/Claude; P={40,100,200}; published BEFORE successor coding; zero additional independence credit claimed; package-integrity purpose only)",CANON,METADATA_ONLY,CANON/00 — PRIORITY OPEN MATHEMATICAL TARGETS/P0.1 — UNIFORM ADJACENCY POSITIVITY/04_REVIEW_AND_FALSIFIERS/50_EC019_PEER_REVIEW_CAPSULE — T1_PASS_T2_OPEN,https://drive.google.com/file/d/1saMlNpEviIsNywJ09169osUkjAo5WwlPh1UDNRTCRBY/view,2026-07-25T13:01:50.059Z,Metadata inventoried; proof review only where explicitly recorded in the closure report; baseline active-tree inventory + bounded R17 updates; refresh target metadata before mutation
1Lg0UpWyS1hmITNGtz3zzQ7vtsZd8ElArhFwc5bxTqIU,CL-RSP-214-v1.0 — Routing: EC-019 T2 independent gate DISCHARGED (T2 — PASS) by org-distinct source-independent review; operator adjudication now eligible,CANON,METADATA_ONLY,CANON/00 — PRIORITY OPEN MATHEMATICAL TARGETS/P0.1 — UNIFORM ADJACENCY POSITIVITY/04_REVIEW_AND_FALSIFIERS/50_EC019_PEER_REVIEW_CAPSULE — T1_PASS_T2_OPEN,https://drive.google.com/file/d/1Lg0UpWyS1hmITNGtz3zzQ7vtsZd8ElArhFwc5bxTqIU/view,2026-07-24T20:22:05.732Z,Metadata inventoried; proof review only where explicitly recorded in the closure report; baseline active-tree inventory + bounded R17 updates; refresh target metadata before mutation
1hFmy3qq2ApkNDay9P-2MeLHHSwX0vFIzmoR1XVwEMck,LCR-CAP-001-v1.0 — EC-019 Readiness Capsule — T1 PASS / T2 PASS / PACKAGE-INTEGRITY PASS / TERMINAL r=1/20,CANON,METADATA_ONLY,CANON/00 — PRIORITY OPEN MATHEMATICAL TARGETS/P0.1 — UNIFORM ADJACENCY POSITIVITY/04_REVIEW_AND_FALSIFIERS/50_EC019_PEER_REVIEW_CAPSULE — T1_PASS_T2_OPEN,https://drive.google.com/file/d/1hFmy3qq2ApkNDay9P-2MeLHHSwX0vFIzmoR1XVwEMck/view,2026-07-31T00:06:02.134Z,Metadata inventoried; proof review only where explicitly recorded in the closure report; baseline active-tree inventory + bounded R17 updates; refresh target metadata before mutation
1n3elf1VcScyfaTtLdK6x30PASqBR3UUYY5eHod8IYUo,LCR-COR-061-v1.0 — EC-019 Successor-Package Replay and Authoritative A-Line Hold Reconciliation,CANON,METADATA_ONLY,CANON/00 — PRIORITY OPEN MATHEMATICAL TARGETS/P0.1 — UNIFORM ADJACENCY POSITIVITY/04_REVIEW_AND_FALSIFIERS/50_EC019_PEER_REVIEW_CAPSULE — T1_PASS_T2_OPEN,https://drive.google.com/file/d/1n3elf1VcScyfaTtLdK6x30PASqBR3UUYY5eHod8IYUo/view,2026-07-25T12:44:54.267Z,Metadata inventoried; proof review only where explicitly recorded in the closure report; baseline active-tree inventory + bounded R17 updates; refresh target metadata before mutation
1EqrZGPOg0QlGE23kGdvtkxoH-5f8y02q3yaUGoNRAs8,00_ROUTING_NOTICE — P0.1 Evidence Consolidated into Canonical Frozen-Hash Folder,CANON,METADATA_ONLY,CANON/00 — PRIORITY OPEN MATHEMATICAL TARGETS/P0.1 — UNIFORM ADJACENCY POSITIVITY/04_REVIEW_AND_FALSIFIERS/51_P01_PEER_REVIEW_CAPSULE — FROZEN_SHA_666f582c,https://drive.google.com/file/d/1EqrZGPOg0QlGE23kGdvtkxoH-5f8y02q3yaUGoNRAs8/view,2026-07-24T23:23:20.961Z,Metadata inventoried; proof review only where explicitly recorded in the closure report; baseline active-tree inventory + bounded R17 updates; refresh target metadata before mutation
1_ovqOV8q1YCC9J5Q72fYsfzGg3v_5Z71Uv4uwyZU3N4,LCR-CAP-009-v1.0 — P02-LM-001 Closed Conditional Deterministic Capture Lemma,CANON,METADATA_ONLY,CANON/00 — PRIORITY OPEN MATHEMATICAL TARGETS/P0.1 — UNIFORM ADJACENCY POSITIVITY/04_REVIEW_AND_FALSIFIERS/52_P02_LM001_DETERMINISTIC_CAPTURE_CLOSURE,https://drive.google.com/file/d/1_ovqOV8q1YCC9J5Q72fYsfzGg3v_5Z71Uv4uwyZU3N4/view,2026-07-24T20:54:22.237Z,Metadata inventoried; proof review only where explicitly recorded in the closure report; baseline active-tree inventory + bounded R17 updates; refresh target metadata before mutation
1It6VYebsawBCA3S7Zs_g7ndB26-yr_NH6K_yNQs373Q,LCR-DATA-010-v1.0 — P02-LM-001 Deterministic Capture Hostile Stress Capsule,CANON,METADATA_ONLY,CANON/00 — PRIORITY OPEN MATHEMATICAL TARGETS/P0.1 — UNIFORM ADJACENCY POSITIVITY/04_REVIEW_AND_FALSIFIERS/52_P02_LM001_DETERMINISTIC_CAPTURE_CLOSURE,https://drive.google.com/file/d/1It6VYebsawBCA3S7Zs_g7ndB26-yr_NH6K_yNQs373Q/view,2026-07-24T20:51:14.485Z,Metadata inventoried; proof review only where explicitly recorded in the closure report; baseline active-tree inventory + bounded R17 updates; refresh target metadata before mutation
1P84b7pNI-z8l9jQrRWW9pP5dNcA4TszKIhMZDFxBlWw,LCR-CAP-011-v1.0 — P02-LM-002 Closed Exact Determinant-Weight r4 Moment Interface,CANON,METADATA_ONLY,CANON/00 — PRIORITY OPEN MATHEMATICAL TARGETS/P0.1 — UNIFORM ADJACENCY POSITIVITY/04_REVIEW_AND_FALSIFIERS/53_P02_LM002_DM2_CLOSURE,https://drive.google.com/file/d/1P84b7pNI-z8l9jQrRWW9pP5dNcA4TszKIhMZDFxBlWw/view,2026-07-24T21:01:39.198Z,Metadata inventoried; proof review only where explicitly recorded in the closure report; baseline active-tree inventory + bounded R17 updates; refresh target metadata before mutation
1dnGjJWQOJgRBrF6aq4kIE31i2PBWD2nHs7VgToANx_s,LCR-DER-014-v1.0 — P02-LM-003 Exact Conditional Boundary-Layer Palm Integration,CANON,METADATA_ONLY,CANON/00 — PRIORITY OPEN MATHEMATICAL TARGETS/P0.1 — UNIFORM ADJACENCY POSITIVITY/04_REVIEW_AND_FALSIFIERS/54_P02_LM003_BOUNDARY_LAYER_REVIEW,https://drive.google.com/file/d/1dnGjJWQOJgRBrF6aq4kIE31i2PBWD2nHs7VgToANx_s/view,2026-07-30T23:01:58.094Z,Metadata inventoried; proof review only where explicitly recorded in the closure report; baseline active-tree inventory + bounded R17 updates; refresh target metadata before mutation
1noYZfoaNlQ9SetlAmv3Jg-SVXsll5jFqdepdiF3J9rk,LCR-REC-015-v1.0 — P02-LM-003 Frozen-Body Hash Receipt,CANON,METADATA_ONLY,CANON/00 — PRIORITY OPEN MATHEMATICAL TARGETS/P0.1 — UNIFORM ADJACENCY POSITIVITY/04_REVIEW_AND_FALSIFIERS/54_P02_LM003_BOUNDARY_LAYER_REVIEW,https://drive.google.com/file/d/1noYZfoaNlQ9SetlAmv3Jg-SVXsll5jFqdepdiF3J9rk/view,2026-07-24T21:18:06.440Z,Metadata inventoried; proof review only where explicitly recorded in the closure report; baseline active-tree inventory + bounded R17 updates; refresh target metadata before mutation
120e6YSlnf1OtWD9bwaIEdOiBnDpbQSHeyFS0zJItjEg,LCR-REQ-013-v1.0 — Independent Review of P02-LM-003 Boundary-Layer Palm Integration,CANON,METADATA_ONLY,CANON/00 — PRIORITY OPEN MATHEMATICAL TARGETS/P0.1 — UNIFORM ADJACENCY POSITIVITY/04_REVIEW_AND_FALSIFIERS/54_P02_LM003_BOUNDARY_LAYER_REVIEW,https://drive.google.com/file/d/120e6YSlnf1OtWD9bwaIEdOiBnDpbQSHeyFS0zJItjEg/view,2026-07-25T21:45:16.960Z,Metadata inventoried; proof review only where explicitly recorded in the closure report; baseline active-tree inventory + bounded R17 updates; refresh target metadata before mutation
1eGVRtBl4_C7VhIn9gIsQ14YE0gV_p4rndglwq_KcH7E,LCR-AUD-014-v1.0 — Adversarial Audit of P02-LM-004 Adaptive Exact-Field C1 Robustness Transfer,CANON,METADATA_ONLY,CANON/00 — PRIORITY OPEN MATHEMATICAL TARGETS/P0.1 — UNIFORM ADJACENCY POSITIVITY/04_REVIEW_AND_FALSIFIERS/55_P02_LM004_ADAPTIVE_EXACT_FIELD_TRANSFER_REVIEW,https://drive.google.com/file/d/1eGVRtBl4_C7VhIn9gIsQ14YE0gV_p4rndglwq_KcH7E/view,2026-07-24T21:25:26.850Z,Metadata inventoried; proof review only where explicitly recorded in the closure report; baseline active-tree inventory + bounded R17 updates; refresh target metadata before mutation
1hwPg0RO0HZwMCtGBhYKhFGou46d38dRTMa5sAhsJR3U,LCR-DER-016-v1.0 — P02-LM-004 Exact Adaptive C1 Robustness and Taylor Transfer,CANON,METADATA_ONLY,CANON/00 — PRIORITY OPEN MATHEMATICAL TARGETS/P0.1 — UNIFORM ADJACENCY POSITIVITY/04_REVIEW_AND_FALSIFIERS/55_P02_LM004_ADAPTIVE_EXACT_FIELD_TRANSFER_REVIEW,https://drive.google.com/file/d/1hwPg0RO0HZwMCtGBhYKhFGou46d38dRTMa5sAhsJR3U/view,2026-07-24T22:13:38.226Z,Metadata inventoried; proof review only where explicitly recorded in the closure report; baseline active-tree inventory + bounded R17 updates; refresh target metadata before mutation
1tPt0KKJEKE6c-7xNwJW82dooRkDyANnToRErc3oWX84,LCR-DER-016-v1.1 — P02-LM-004 Exact Adaptive C1 Robustness — Explicit Saddle Spectrum,CANON,METADATA_ONLY,CANON/00 — PRIORITY OPEN MATHEMATICAL TARGETS/P0.1 — UNIFORM ADJACENCY POSITIVITY/04_REVIEW_AND_FALSIFIERS/55_P02_LM004_ADAPTIVE_EXACT_FIELD_TRANSFER_REVIEW,https://drive.google.com/file/d/1tPt0KKJEKE6c-7xNwJW82dooRkDyANnToRErc3oWX84/view,2026-07-24T22:12:15.059Z,Metadata inventoried; proof review only where explicitly recorded in the closure report; baseline active-tree inventory + bounded R17 updates; refresh target metadata before mutation
1nPlvK4M8L80HZs289S09Iu7sya6MBgV64bF-vQjZS04,LCR-REC-017-v1.0 — P02-LM-004 Frozen-Body Hash Receipt,CANON,METADATA_ONLY,CANON/00 — PRIORITY OPEN MATHEMATICAL TARGETS/P0.1 — UNIFORM ADJACENCY POSITIVITY/04_REVIEW_AND_FALSIFIERS/55_P02_LM004_ADAPTIVE_EXACT_FIELD_TRANSFER_REVIEW,https://drive.google.com/file/d/1nPlvK4M8L80HZs289S09Iu7sya6MBgV64bF-vQjZS04/view,2026-07-24T21:24:00.684Z,Metadata inventoried; proof review only where explicitly recorded in the closure report; baseline active-tree inventory + bounded R17 updates; refresh target metadata before mutation
1YTgYx-ndR_q5IoqxA1M_GlTr1cN8OsYZIRuoWmVP44E,LCR-REC-038-v1.0 — P02-LM-004 v1.1 Frozen-Body Hash Receipt,CANON,METADATA_ONLY,CANON/00 — PRIORITY OPEN MATHEMATICAL TARGETS/P0.1 — UNIFORM ADJACENCY POSITIVITY/04_REVIEW_AND_FALSIFIERS/55_P02_LM004_ADAPTIVE_EXACT_FIELD_TRANSFER_REVIEW,https://drive.google.com/file/d/1YTgYx-ndR_q5IoqxA1M_GlTr1cN8OsYZIRuoWmVP44E/view,2026-07-24T22:12:43.227Z,Metadata inventoried; proof review only where explicitly recorded in the closure report; baseline active-tree inventory + bounded R17 updates; refresh target metadata before mutation
1z18gNM1JPWqufi81YRoJRFAcaeG6Ia-m03l874IevVw,LCR-REQ-015-v1.0 — Independent Review of P02-LM-004 Adaptive Exact-Field C1 Transfer,CANON,METADATA_ONLY,CANON/00 — PRIORITY OPEN MATHEMATICAL TARGETS/P0.1 — UNIFORM ADJACENCY POSITIVITY/04_REVIEW_AND_FALSIFIERS/55_P02_LM004_ADAPTIVE_EXACT_FIELD_TRANSFER_REVIEW,https://drive.google.com/file/d/1z18gNM1JPWqufi81YRoJRFAcaeG6Ia-m03l874IevVw/view,2026-07-24T22:13:51.657Z,Metadata inventoried; proof review only where explicitly recorded in the closure report; baseline active-tree inventory + bounded R17 updates; refresh target metadata before mutation
1LKbFbisGVoEwzm3W-23-rdnzEF6crjxYCK-3G3J5OrA,LCR-REQ-039-v1.0 — Independent Review of P02-LM-004 v1.1 Explicit Saddle Spectrum,CANON,METADATA_ONLY,CANON/00 — PRIORITY OPEN MATHEMATICAL TARGETS/P0.1 — UNIFORM ADJACENCY POSITIVITY/04_REVIEW_AND_FALSIFIERS/55_P02_LM004_ADAPTIVE_EXACT_FIELD_TRANSFER_REVIEW,https://drive.google.com/file/d/1LKbFbisGVoEwzm3W-23-rdnzEF6crjxYCK-3G3J5OrA/view,2026-07-30T22:48:22.880Z,Metadata inventoried; proof review only where explicitly recorded in the closure report; baseline active-tree inventory + bounded R17 updates; refresh target metadata before mutation
1e8u5p9b4lEnRaZRNytj2Tu9ncAS1OnjhRbi4FP0hYU4,LCR-CAP-016-v1.0 — P02-LM-005 Closed Uniform Exact Nine-Jet Gaussian Density and Moment Interface,CANON,METADATA_ONLY,CANON/00 — PRIORITY OPEN MATHEMATICAL TARGETS/P0.1 — UNIFORM ADJACENCY POSITIVITY/04_REVIEW_AND_FALSIFIERS/56_P02_LM005_GAUSSIAN_DENSITY_MOMENT_CLOSURE,https://drive.google.com/file/d/1e8u5p9b4lEnRaZRNytj2Tu9ncAS1OnjhRbi4FP0hYU4/view,2026-07-26T16:09:24.629Z,Metadata inventoried; proof review only where explicitly recorded in the closure report; baseline active-tree inventory + bounded R17 updates; refresh target metadata before mutation
1-czQmTN-M0EfLP1Smyd7iZJhIUuUfgXqo_aYI5Kqkw8,LCR-DER-019-v1.0 — P02-LM-006 Exact Full-Field Normalizer r2 Asymptotic,CANON,METADATA_ONLY,CANON/00 — PRIORITY OPEN MATHEMATICAL TARGETS/P0.1 — UNIFORM ADJACENCY POSITIVITY/04_REVIEW_AND_FALSIFIERS/57_P02_LM006_EXACT_NORMALIZER_REVIEW,https://drive.google.com/file/d/1-czQmTN-M0EfLP1Smyd7iZJhIUuUfgXqo_aYI5Kqkw8/view,2026-07-30T23:02:00.159Z,Metadata inventoried; proof review only where explicitly recorded in the closure report; baseline active-tree inventory + bounded R17 updates; refresh target metadata before mutation
1oDz0EQIhE1FiAuILzpldDSPZ-ONbt1ThnN_0FgTHwtI,LCR-REC-020-v1.0 — P02-LM-006 Frozen-Body Hash Receipt,CANON,METADATA_ONLY,CANON/00 — PRIORITY OPEN MATHEMATICAL TARGETS/P0.1 — UNIFORM ADJACENCY POSITIVITY/04_REVIEW_AND_FALSIFIERS/57_P02_LM006_EXACT_NORMALIZER_REVIEW,https://drive.google.com/file/d/1oDz0EQIhE1FiAuILzpldDSPZ-ONbt1ThnN_0FgTHwtI/view,2026-07-24T21:30:05.459Z,Metadata inventoried; proof review only where explicitly recorded in the closure report; baseline active-tree inventory + bounded R17 updates; refresh target metadata before mutation
1xt7tYC-tJW500HczDTkA8terRMSPpiOUVn7Zvil9i7A,LCR-REQ-018-v1.0 — Independent Review of P02-LM-006 Exact Full-Field Normalizer r2 Asymptotic,CANON,METADATA_ONLY,CANON/00 — PRIORITY OPEN MATHEMATICAL TARGETS/P0.1 — UNIFORM ADJACENCY POSITIVITY/04_REVIEW_AND_FALSIFIERS/57_P02_LM006_EXACT_NORMALIZER_REVIEW,https://drive.google.com/file/d/1xt7tYC-tJW500HczDTkA8terRMSPpiOUVn7Zvil9i7A/view,2026-07-30T23:02:02.310Z,Metadata inventoried; proof review only where explicitly recorded in the closure report; baseline active-tree inventory + bounded R17 updates; refresh target metadata before mutation
1tQvVF3Q2kTNf1Ih_XSW3CB_DfOhcLS6vaWPGavUYfio,LCR-CAP-024-v1.0 — P02-LM-008 Closed Exact Determinant-Weighted Palm-Tail Transfer Interface,CANON,METADATA_ONLY,CANON/00 — PRIORITY OPEN MATHEMATICAL TARGETS/P0.1 — UNIFORM ADJACENCY POSITIVITY/04_REVIEW_AND_FALSIFIERS/58_P02_LM008_PALM_TAIL_TRANSFER_CLOSURE,https://drive.google.com/file/d/1tQvVF3Q2kTNf1Ih_XSW3CB_DfOhcLS6vaWPGavUYfio/view,2026-07-24T21:43:10.835Z,Metadata inventoried; proof review only where explicitly recorded in the closure report; baseline active-tree inventory + bounded R17 updates; refresh target metadata before mutation
1lar4WsNGmfC1IW34yaVwE3Nkm-YEGdFvj7UJdyEBJQE,LCR-DER-024-v1.0 — P02-LM-008 Exact Determinant-Weighted Palm Rare-Event Transfer,CANON,METADATA_ONLY,CANON/00 — PRIORITY OPEN MATHEMATICAL TARGETS/P0.1 — UNIFORM ADJACENCY POSITIVITY/04_REVIEW_AND_FALSIFIERS/58_P02_LM008_PALM_TAIL_TRANSFER_CLOSURE,https://drive.google.com/file/d/1lar4WsNGmfC1IW34yaVwE3Nkm-YEGdFvj7UJdyEBJQE/view,2026-07-24T21:52:55.541Z,Metadata inventoried; proof review only where explicitly recorded in the closure report; baseline active-tree inventory + bounded R17 updates; refresh target metadata before mutation
1YfglfnL5EltJVoCbhl00U7xV4EBBLED0-e6stvAQHBY,SUPERSEDED ACTIVE GATE — LCR-REQ-026-v1.0 — P02-LM-008 Optional Post-Closure Audit,CANON,METADATA_ONLY,CANON/00 — PRIORITY OPEN MATHEMATICAL TARGETS/P0.1 — UNIFORM ADJACENCY POSITIVITY/04_REVIEW_AND_FALSIFIERS/58_P02_LM008_PALM_TAIL_TRANSFER_CLOSURE,https://drive.google.com/file/d/1YfglfnL5EltJVoCbhl00U7xV4EBBLED0-e6stvAQHBY/view,2026-07-24T21:53:07.830Z,Metadata inventoried; proof review only where explicitly recorded in the closure report; baseline active-tree inventory + bounded R17 updates; refresh target metadata before mutation
1tVWFNyxIYnPPgLVdpb6I6XsR_gP7IuHeswWLz5BlxOI,LCR-AUD-040-v1.0 — Same-Line Cross-Interface Audit of P02-LM-010 v1.1 and P02-LM-011,CANON,METADATA_ONLY,CANON/00 — PRIORITY OPEN MATHEMATICAL TARGETS/P0.1 — UNIFORM ADJACENCY POSITIVITY/04_REVIEW_AND_FALSIFIERS/59_P02_PEER_REVIEW_CAPSULE — FOUR_CLOSED_FOUR_OPEN,https://drive.google.com/file/d/1tVWFNyxIYnPPgLVdpb6I6XsR_gP7IuHeswWLz5BlxOI/view,2026-07-24T22:49:25.594Z,Metadata inventoried; proof review only where explicitly recorded in the closure report; baseline active-tree inventory + bounded R17 updates; refresh target metadata before mutation
1lfzeCXtktWMN1726mePCknFb-_ooGoao-_vZOSfWIMQ,LCR-COR-041-v1.0 — Regular-Conditional Weight Version Clarification for P02-LM-010 v1.1,CANON,METADATA_ONLY,CANON/00 — PRIORITY OPEN MATHEMATICAL TARGETS/P0.1 — UNIFORM ADJACENCY POSITIVITY/04_REVIEW_AND_FALSIFIERS/59_P02_PEER_REVIEW_CAPSULE — FOUR_CLOSED_FOUR_OPEN,https://drive.google.com/file/d/1lfzeCXtktWMN1726mePCknFb-_ooGoao-_vZOSfWIMQ/view,2026-07-24T22:47:28.655Z,Metadata inventoried; proof review only where explicitly recorded in the closure report; baseline active-tree inventory + bounded R17 updates; refresh target metadata before mutation
1qwZaPShnBQLOWIu6uEzk1Xnz2O-egpAfef5lgNLAJx8,LCR-REQ-050-v1.0 — P0.2 Gaussian-Palm Bundle Review — LM006 LM003 LM010v1.1,CANON,METADATA_ONLY,CANON/00 — PRIORITY OPEN MATHEMATICAL TARGETS/P0.1 — UNIFORM ADJACENCY POSITIVITY/04_REVIEW_AND_FALSIFIERS/59_P02_PEER_REVIEW_CAPSULE — FOUR_CLOSED_FOUR_OPEN/61_P02_BUNDLED_EXTERNAL_REVIEWS,https://drive.google.com/file/d/1qwZaPShnBQLOWIu6uEzk1Xnz2O-egpAfef5lgNLAJx8/view,2026-07-30T23:12:19.110Z,Metadata inventoried; proof review only where explicitly recorded in the closure report; baseline active-tree inventory + bounded R17 updates; refresh target metadata before mutation
1BnJ-RCKpt7RBjEFle-xmnXjSQflaCcPZ36xi9aOcy7A,LCR-REQ-051-v1.3 — P0.2 Dynamics-Taylor-Common-Domain-Measurability Bundle — 3 Interfaces / 5 Current Exact Objects,CANON,METADATA_ONLY,CANON/00 — PRIORITY OPEN MATHEMATICAL TARGETS/P0.1 — UNIFORM ADJACENCY POSITIVITY/04_REVIEW_AND_FALSIFIERS/59_P02_PEER_REVIEW_CAPSULE — FOUR_CLOSED_FOUR_OPEN/61_P02_BUNDLED_EXTERNAL_REVIEWS,https://drive.google.com/file/d/1BnJ-RCKpt7RBjEFle-xmnXjSQflaCcPZ36xi9aOcy7A/view,2026-07-30T23:12:19.790Z,Metadata inventoried; proof review only where explicitly recorded in the closure report; baseline active-tree inventory + bounded R17 updates; refresh target metadata before mutation
1B9OkXNiRsT3z80QAk0pdXruTcNQbmcezSAWrFYwuyw8,LCR-REQ-052-v1.0 — P0.2 Gaussian-Process and Tail Bundle — LM007 LM009,CANON,METADATA_ONLY,CANON/00 — PRIORITY OPEN MATHEMATICAL TARGETS/P0.1 — UNIFORM ADJACENCY POSITIVITY/04_REVIEW_AND_FALSIFIERS/59_P02_PEER_REVIEW_CAPSULE — FOUR_CLOSED_FOUR_OPEN/61_P02_BUNDLED_EXTERNAL_REVIEWS,https://drive.google.com/file/d/1B9OkXNiRsT3z80QAk0pdXruTcNQbmcezSAWrFYwuyw8/view,2026-07-24T23:25:44.300Z,Metadata inventoried; proof review only where explicitly recorded in the closure report; baseline active-tree inventory + bounded R17 updates; refresh target metadata before mutation
1zOf7J_qIC5NhoeRFqKilnm17ZoVghDSXSQdx333Amxo,LCR-REQ-053-v1.0 — P0.2 Final Cross-Domain Synthesis Review — LM011,CANON,METADATA_ONLY,CANON/00 — PRIORITY OPEN MATHEMATICAL TARGETS/P0.1 — UNIFORM ADJACENCY POSITIVITY/04_REVIEW_AND_FALSIFIERS/59_P02_PEER_REVIEW_CAPSULE — FOUR_CLOSED_FOUR_OPEN/61_P02_BUNDLED_EXTERNAL_REVIEWS,https://drive.google.com/file/d/1zOf7J_qIC5NhoeRFqKilnm17ZoVghDSXSQdx333Amxo/view,2026-07-26T03:47:19.678Z,Metadata inventoried; proof review only where explicitly recorded in the closure report; baseline active-tree inventory + bounded R17 updates; refresh target metadata before mutation
1tDA1vKkQIb6c9pL2VBVHZb72e_RqrwUeZDGkfCIGyuo,LCR-ROUTE-054-v1.0 — Integrated Three-Family Reviewer Allocation — P0.1 and P0.2,CANON,METADATA_ONLY,CANON/00 — PRIORITY OPEN MATHEMATICAL TARGETS/P0.1 — UNIFORM ADJACENCY POSITIVITY/04_REVIEW_AND_FALSIFIERS/59_P02_PEER_REVIEW_CAPSULE — FOUR_CLOSED_FOUR_OPEN/61_P02_BUNDLED_EXTERNAL_REVIEWS,https://drive.google.com/file/d/1tDA1vKkQIb6c9pL2VBVHZb72e_RqrwUeZDGkfCIGyuo/view,2026-07-26T03:42:01.373Z,Metadata inventoried; proof review only where explicitly recorded in the closure report; baseline active-tree inventory + bounded R17 updates; refresh target metadata before mutation
1nK7D4JRarBfICpbJIcUGAbwNdLQ6mLvreAqjx3wcmV0,LCR-AUD-044-v1.0 — Same-Line Acceptance Audit of P02-LM-012 Coordinate-Typed Successor,CANON,METADATA_ONLY,CANON/00 — PRIORITY OPEN MATHEMATICAL TARGETS/P0.1 — UNIFORM ADJACENCY POSITIVITY/04_REVIEW_AND_FALSIFIERS/60_P02_LM012_COORDINATE_TYPED_COMMON_DOMAIN_REVIEW,https://drive.google.com/file/d/1nK7D4JRarBfICpbJIcUGAbwNdLQ6mLvreAqjx3wcmV0/view,2026-07-24T23:07:03.491Z,Metadata inventoried; proof review only where explicitly recorded in the closure report; baseline active-tree inventory + bounded R17 updates; refresh target metadata before mutation
1M141iAu0kh5Slz1Ph_9YQhiRL3Edm8m0aja95Cx53UM,LCR-DER-043-v1.0 — P02-LM-012 Coordinate-Typed Common Small-r Domain Successor,CANON,METADATA_ONLY,CANON/00 — PRIORITY OPEN MATHEMATICAL TARGETS/P0.1 — UNIFORM ADJACENCY POSITIVITY/04_REVIEW_AND_FALSIFIERS/60_P02_LM012_COORDINATE_TYPED_COMMON_DOMAIN_REVIEW,https://drive.google.com/file/d/1M141iAu0kh5Slz1Ph_9YQhiRL3Edm8m0aja95Cx53UM/view,2026-07-26T13:33:49.129Z,Metadata inventoried; proof review only where explicitly recorded in the closure report; baseline active-tree inventory + bounded R17 updates; refresh target metadata before mutation
1RlkK7LWmJedt12fD4Dsg3XQbmVc7XL00fODQVTMxrBY,LCR-DER-043-v1.1 — P02-LM-012 Coordinate-Typed Common Domain — Deep-Threshold Repair,CANON,METADATA_ONLY,CANON/00 — PRIORITY OPEN MATHEMATICAL TARGETS/P0.1 — UNIFORM ADJACENCY POSITIVITY/04_REVIEW_AND_FALSIFIERS/60_P02_LM012_COORDINATE_TYPED_COMMON_DOMAIN_REVIEW,https://drive.google.com/file/d/1RlkK7LWmJedt12fD4Dsg3XQbmVc7XL00fODQVTMxrBY/view,2026-07-26T13:33:07.812Z,Metadata inventoried; proof review only where explicitly recorded in the closure report; baseline active-tree inventory + bounded R17 updates; refresh target metadata before mutation
1m3rnLueX1k5YV5hilw1T1CCUGMqy-zk8ji88EhMP4Jo,LCR-REC-044-v1.0 — P02-LM-012 Coordinate-Typed Successor Frozen-Body Receipt,CANON,METADATA_ONLY,CANON/00 — PRIORITY OPEN MATHEMATICAL TARGETS/P0.1 — UNIFORM ADJACENCY POSITIVITY/04_REVIEW_AND_FALSIFIERS/60_P02_LM012_COORDINATE_TYPED_COMMON_DOMAIN_REVIEW,https://drive.google.com/file/d/1m3rnLueX1k5YV5hilw1T1CCUGMqy-zk8ji88EhMP4Jo/view,2026-07-24T23:04:24.613Z,Metadata inventoried; proof review only where explicitly recorded in the closure report; baseline active-tree inventory + bounded R17 updates; refresh target metadata before mutation
1g5_aDTdD0xt1WIdk4ex8a5fUFpz3Gr26PgpUGTmch8U,LCR-REQ-045-v1.0 — Independent Review of P02-LM-012 Coordinate-Typed Common Domain Successor,CANON,METADATA_ONLY,CANON/00 — PRIORITY OPEN MATHEMATICAL TARGETS/P0.1 — UNIFORM ADJACENCY POSITIVITY/04_REVIEW_AND_FALSIFIERS/60_P02_LM012_COORDINATE_TYPED_COMMON_DOMAIN_REVIEW,https://drive.google.com/file/d/1g5_aDTdD0xt1WIdk4ex8a5fUFpz3Gr26PgpUGTmch8U/view,2026-07-26T13:34:05.490Z,Metadata inventoried; proof review only where explicitly recorded in the closure report; baseline active-tree inventory + bounded R17 updates; refresh target metadata before mutation
1X-46gXEIqZr8JMc458ikHGKtLsQpRIrEgwUknhUd5ig,LCR-REQ-045-v1.1 — Independent Review of P02-LM-012 Deep-Threshold Successor,CANON,METADATA_ONLY,CANON/00 — PRIORITY OPEN MATHEMATICAL TARGETS/P0.1 — UNIFORM ADJACENCY POSITIVITY/04_REVIEW_AND_FALSIFIERS/60_P02_LM012_COORDINATE_TYPED_COMMON_DOMAIN_REVIEW,https://drive.google.com/file/d/1X-46gXEIqZr8JMc458ikHGKtLsQpRIrEgwUknhUd5ig/view,2026-07-30T22:48:23.404Z,Metadata inventoried; proof review only where explicitly recorded in the closure report; baseline active-tree inventory + bounded R17 updates; refresh target metadata before mutation
1UAs9Y4pzYjoklGdg3KT3jhuG3Ws03_2q21oW68cGnIs,LCR-ADJ-067-v1.0 — Adjudication of CL-AUD-206 for LCR-DER-057 Version Transition,CANON,METADATA_ONLY,CANON/00 — PRIORITY OPEN MATHEMATICAL TARGETS/P0.1 — UNIFORM ADJACENCY POSITIVITY/04_REVIEW_AND_FALSIFIERS/62_SHARED_MEASURABLE_BRANCH_EVENT_REVIEW — P01_MEAS001_P02_LM013,https://drive.google.com/file/d/1UAs9Y4pzYjoklGdg3KT3jhuG3Ws03_2q21oW68cGnIs/view,2026-07-25T21:34:18.850Z,Metadata inventoried; proof review only where explicitly recorded in the closure report; baseline active-tree inventory + bounded R17 updates; refresh target metadata before mutation
1jjstJEJrV8AHnqxSZZods5XcMY-4wDqA-aEKWjjngOc,LCR-AUD-055-v1.0 — Same-Line Audit of P01-MEAS-001 P02-LM-013 Measurable Branch Event,CANON,METADATA_ONLY,CANON/00 — PRIORITY OPEN MATHEMATICAL TARGETS/P0.1 — UNIFORM ADJACENCY POSITIVITY/04_REVIEW_AND_FALSIFIERS/62_SHARED_MEASURABLE_BRANCH_EVENT_REVIEW — P01_MEAS001_P02_LM013,https://drive.google.com/file/d/1jjstJEJrV8AHnqxSZZods5XcMY-4wDqA-aEKWjjngOc/view,2026-07-25T12:09:39.183Z,Metadata inventoried; proof review only where explicitly recorded in the closure report; baseline active-tree inventory + bounded R17 updates; refresh target metadata before mutation
1yaMKTxWdn-5C9vTj4xAb9pwsmGQQXCasfhwYqQR3-Wg,LCR-AUD-059-v1.0 — Hostile Same-Line Audit of LCR-DER-057 Lyapunov-Perron Selector,CANON,METADATA_ONLY,CANON/00 — PRIORITY OPEN MATHEMATICAL TARGETS/P0.1 — UNIFORM ADJACENCY POSITIVITY/04_REVIEW_AND_FALSIFIERS/62_SHARED_MEASURABLE_BRANCH_EVENT_REVIEW — P01_MEAS001_P02_LM013,https://drive.google.com/file/d/1yaMKTxWdn-5C9vTj4xAb9pwsmGQQXCasfhwYqQR3-Wg/view,2026-07-25T12:05:29.350Z,Metadata inventoried; proof review only where explicitly recorded in the closure report; baseline active-tree inventory + bounded R17 updates; refresh target metadata before mutation
1Z3NCU2OTW6NAff5GOoNprmFAhPP_EgabZuM_qH2k6xY,LCR-DATA-068-v1.0 — Exact Frozen-Body Diff — LCR-DER-057 v1.0 to v1.1,CANON,METADATA_ONLY,CANON/00 — PRIORITY OPEN MATHEMATICAL TARGETS/P0.1 — UNIFORM ADJACENCY POSITIVITY/04_REVIEW_AND_FALSIFIERS/62_SHARED_MEASURABLE_BRANCH_EVENT_REVIEW — P01_MEAS001_P02_LM013,https://drive.google.com/file/d/1Z3NCU2OTW6NAff5GOoNprmFAhPP_EgabZuM_qH2k6xY/view,2026-07-25T21:41:17.034Z,Metadata inventoried; proof review only where explicitly recorded in the closure report; baseline active-tree inventory + bounded R17 updates; refresh target metadata before mutation
1ny12by-XiG2Dcn53JzOwqw7Ro659z3V9Ze1N5bLJ1Q8,LCR-DER-057-v1.0 — Uniform Lyapunov-Perron Construction of a Continuous Selected Unstable Point,CANON,METADATA_ONLY,CANON/00 — PRIORITY OPEN MATHEMATICAL TARGETS/P0.1 — UNIFORM ADJACENCY POSITIVITY/04_REVIEW_AND_FALSIFIERS/62_SHARED_MEASURABLE_BRANCH_EVENT_REVIEW — P01_MEAS001_P02_LM013,https://drive.google.com/file/d/1ny12by-XiG2Dcn53JzOwqw7Ro659z3V9Ze1N5bLJ1Q8/view,2026-07-25T21:40:56.613Z,Metadata inventoried; proof review only where explicitly recorded in the closure report; baseline active-tree inventory + bounded R17 updates; refresh target metadata before mutation
1ooqFTdifp8cxHYhRxmzJ2Y-nqx-971lpMQ4criehXWM,LCR-DER-057-v1.1 — Uniform Lyapunov-Perron Construction of a Continuous Selected Unstable Point — Symmetry-Typed Successor,CANON,METADATA_ONLY,CANON/00 — PRIORITY OPEN MATHEMATICAL TARGETS/P0.1 — UNIFORM ADJACENCY POSITIVITY/04_REVIEW_AND_FALSIFIERS/62_SHARED_MEASURABLE_BRANCH_EVENT_REVIEW — P01_MEAS001_P02_LM013,https://drive.google.com/file/d/1ooqFTdifp8cxHYhRxmzJ2Y-nqx-971lpMQ4criehXWM/view,2026-07-25T21:32:41.096Z,Metadata inventoried; proof review only where explicitly recorded in the closure report; baseline active-tree inventory + bounded R17 updates; refresh target metadata before mutation
164lkFwvYVMRNDDGAKu05LLBN5yRUmOMM3SlAr2jrNGU,"LCR-DER-061-v1.1 — Countable Borel Globalization, Selector Independence, and Conditional Palm Admissibility",CANON,METADATA_ONLY,CANON/00 — PRIORITY OPEN MATHEMATICAL TARGETS/P0.1 — UNIFORM ADJACENCY POSITIVITY/04_REVIEW_AND_FALSIFIERS/62_SHARED_MEASURABLE_BRANCH_EVENT_REVIEW — P01_MEAS001_P02_LM013,https://drive.google.com/file/d/164lkFwvYVMRNDDGAKu05LLBN5yRUmOMM3SlAr2jrNGU/view,2026-07-26T15:19:48.729Z,Metadata inventoried; proof review only where explicitly recorded in the closure report; baseline active-tree inventory + bounded R17 updates; refresh target metadata before mutation
1eYN0BENzvJ9NW2vboH9XCpgQP2llD2CwViXgPWTIpeQ,LCR-REC-055-v1.0 — P01-MEAS-001 P02-LM-013 Measurable Branch Frozen-Body Receipt,CANON,METADATA_ONLY,CANON/00 — PRIORITY OPEN MATHEMATICAL TARGETS/P0.1 — UNIFORM ADJACENCY POSITIVITY/04_REVIEW_AND_FALSIFIERS/62_SHARED_MEASURABLE_BRANCH_EVENT_REVIEW — P01_MEAS001_P02_LM013,https://drive.google.com/file/d/1eYN0BENzvJ9NW2vboH9XCpgQP2llD2CwViXgPWTIpeQ/view,2026-07-24T23:56:24.213Z,Metadata inventoried; proof review only where explicitly recorded in the closure report; baseline active-tree inventory + bounded R17 updates; refresh target metadata before mutation
1efMqtpfZvtshgxAomyJGT30LluTPHMNXc6KF1wAtE7Q,LCR-REC-058-v1.0 — LCR-DER-057 Lyapunov-Perron Frozen-Body Receipt,CANON,METADATA_ONLY,CANON/00 — PRIORITY OPEN MATHEMATICAL TARGETS/P0.1 — UNIFORM ADJACENCY POSITIVITY/04_REVIEW_AND_FALSIFIERS/62_SHARED_MEASURABLE_BRANCH_EVENT_REVIEW — P01_MEAS001_P02_LM013,https://drive.google.com/file/d/1efMqtpfZvtshgxAomyJGT30LluTPHMNXc6KF1wAtE7Q/view,2026-07-25T12:04:32.164Z,Metadata inventoried; proof review only where explicitly recorded in the closure report; baseline active-tree inventory + bounded R17 updates; refresh target metadata before mutation
19E5KDsmMfjKr_bzEhOH7ci3ocLQOP0iAcw3ngVV7oGc,LCR-REC-065-v1.0 — LCR-DER-057 v1.1 Symmetry-Typed Frozen-Body Receipt,CANON,METADATA_ONLY,CANON/00 — PRIORITY OPEN MATHEMATICAL TARGETS/P0.1 — UNIFORM ADJACENCY POSITIVITY/04_REVIEW_AND_FALSIFIERS/62_SHARED_MEASURABLE_BRANCH_EVENT_REVIEW — P01_MEAS001_P02_LM013,https://drive.google.com/file/d/19E5KDsmMfjKr_bzEhOH7ci3ocLQOP0iAcw3ngVV7oGc/view,2026-07-25T21:42:00.678Z,Metadata inventoried; proof review only where explicitly recorded in the closure report; baseline active-tree inventory + bounded R17 updates; refresh target metadata before mutation
1WgcY92MVAU1dKIceKJ1rIMTjucRjPzE40Zwre12PJn8,LCR-REQ-066-v1.0 — Exact-Hash Supplement Review of LCR-DER-057 v1.1 Symmetry-Typed Successor,CANON,METADATA_ONLY,CANON/00 — PRIORITY OPEN MATHEMATICAL TARGETS/P0.1 — UNIFORM ADJACENCY POSITIVITY/04_REVIEW_AND_FALSIFIERS/62_SHARED_MEASURABLE_BRANCH_EVENT_REVIEW — P01_MEAS001_P02_LM013,https://drive.google.com/file/d/1WgcY92MVAU1dKIceKJ1rIMTjucRjPzE40Zwre12PJn8/view,2026-07-25T21:41:46.917Z,Metadata inventoried; proof review only where explicitly recorded in the closure report; baseline active-tree inventory + bounded R17 updates; refresh target metadata before mutation
1Do6-pJ_9Mh572asxtYvy9Gxr25I9AOjhQAFCREWiMi0,LCR-SRC-056-v1.0 — Primary-Source Map for Parameter-Dependent Unstable Manifolds in LM013,CANON,METADATA_ONLY,CANON/00 — PRIORITY OPEN MATHEMATICAL TARGETS/P0.1 — UNIFORM ADJACENCY POSITIVITY/04_REVIEW_AND_FALSIFIERS/62_SHARED_MEASURABLE_BRANCH_EVENT_REVIEW — P01_MEAS001_P02_LM013,https://drive.google.com/file/d/1Do6-pJ_9Mh572asxtYvy9Gxr25I9AOjhQAFCREWiMi0/view,2026-07-25T12:10:10.808Z,Metadata inventoried; proof review only where explicitly recorded in the closure report; baseline active-tree inventory + bounded R17 updates; refresh target metadata before mutation
1km8OR2T1F4z18SsI04E2_E617y_PhNOifhJwKPyhICg,S2-REQ-004-v1.0 — Optional Full Independent Review of LCR-DER-057-v1.1 Symmetry-Typed Successor,CANON,METADATA_ONLY,CANON/00 — PRIORITY OPEN MATHEMATICAL TARGETS/P0.1 — UNIFORM ADJACENCY POSITIVITY/04_REVIEW_AND_FALSIFIERS/62_SHARED_MEASURABLE_BRANCH_EVENT_REVIEW — P01_MEAS001_P02_LM013,https://drive.google.com/file/d/1km8OR2T1F4z18SsI04E2_E617y_PhNOifhJwKPyhICg/view,2026-07-25T21:39:42.301Z,Metadata inventoried; proof review only where explicitly recorded in the closure report; baseline active-tree inventory + bounded R17 updates; refresh target metadata before mutation
1GuyquFCF9cK1fkjd7r8f2WVeTTC6Pwvbi64-CubIwaY,LCR-REP-001-v1.0 — Lemma Closure Session Report — EC-019 and P0.1 — 2026-07-24,CANON,METADATA_ONLY,CANON/00 — PRIORITY OPEN MATHEMATICAL TARGETS/P0.1 — UNIFORM ADJACENCY POSITIVITY/04_REVIEW_AND_FALSIFIERS/90_LCR_SESSION_REPORTS,https://drive.google.com/file/d/1GuyquFCF9cK1fkjd7r8f2WVeTTC6Pwvbi64-CubIwaY/view,2026-07-24T20:10:06.177Z,Metadata inventoried; proof review only where explicitly recorded in the closure report; baseline active-tree inventory + bounded R17 updates; refresh target metadata before mutation
1ZzFLRSdI_9z1QSMwgXQifjCrXB2i7NW7uvQ2D92EjSY,LCR-REP-002-v1.0 — Lemma Closure Session Report — P0.1 Domain G — 2026-07-24,CANON,METADATA_ONLY,CANON/00 — PRIORITY OPEN MATHEMATICAL TARGETS/P0.1 — UNIFORM ADJACENCY POSITIVITY/04_REVIEW_AND_FALSIFIERS/90_LCR_SESSION_REPORTS,https://drive.google.com/file/d/1ZzFLRSdI_9z1QSMwgXQifjCrXB2i7NW7uvQ2D92EjSY/view,2026-07-24T20:31:58.205Z,Metadata inventoried; proof review only where explicitly recorded in the closure report; baseline active-tree inventory + bounded R17 updates; refresh target metadata before mutation
1hJ1NJkdVom3gCcOkR1aoRIlc0K6hwxMvmn2x9J2bzwo,GP-README-198-v1.0 — P0.1 Domain-D Explicit Taylor Constant Audit Bundle — 00_READ_FIRST,CANON,METADATA_ONLY,CANON/00 — PRIORITY OPEN MATHEMATICAL TARGETS/P0.1 — UNIFORM ADJACENCY POSITIVITY/04_REVIEW_AND_FALSIFIERS/P01_DOMAIN_D_EXPLICIT_TAYLOR_CONSTANT — AUDIT BUNDLE,https://drive.google.com/file/d/1hJ1NJkdVom3gCcOkR1aoRIlc0K6hwxMvmn2x9J2bzwo/view,2026-07-24T23:47:44.170Z,Metadata inventoried; proof review only where explicitly recorded in the closure report; baseline active-tree inventory + bounded R17 updates; refresh target metadata before mutation
1pitjLTwCOgffbol9noR2EJFbRDfiEfDXGdCkd1WvlGI,LS-AUD-006-v1.0 — Independent Symbolic Audit of Explicit P0.1 Taylor Constant C_D and Radius r_D,CANON,METADATA_ONLY,CANON/00 — PRIORITY OPEN MATHEMATICAL TARGETS/P0.1 — UNIFORM ADJACENCY POSITIVITY/04_REVIEW_AND_FALSIFIERS/P01_DOMAIN_D_EXPLICIT_TAYLOR_CONSTANT — AUDIT BUNDLE,https://drive.google.com/file/d/1pitjLTwCOgffbol9noR2EJFbRDfiEfDXGdCkd1WvlGI/view,2026-07-25T12:09:50.026Z,Metadata inventoried; proof review only where explicitly recorded in the closure report; baseline active-tree inventory + bounded R17 updates; refresh target metadata before mutation
1ueMzOXB1uJAA9ToTRCBGadpvkJR4fiisjYDB0IRPsCc,LS-DATA-006-v1.0 — Independent C_D Symbolic Audit Result Mirror,CANON,METADATA_ONLY,CANON/00 — PRIORITY OPEN MATHEMATICAL TARGETS/P0.1 — UNIFORM ADJACENCY POSITIVITY/04_REVIEW_AND_FALSIFIERS/P01_DOMAIN_D_EXPLICIT_TAYLOR_CONSTANT — AUDIT BUNDLE,https://drive.google.com/file/d/1ueMzOXB1uJAA9ToTRCBGadpvkJR4fiisjYDB0IRPsCc/view,2026-07-24T23:39:53.231Z,Metadata inventoried; proof review only where explicitly recorded in the closure report; baseline active-tree inventory + bounded R17 updates; refresh target metadata before mutation
1dUOI9rEvu-6-2-t8P6NSEK4ahnXNYwir8Bbd_OxQGN8,LS-DATA-006-v1.0 — Independent C_D Symbolic Audit Source Mirror,CANON,METADATA_ONLY,CANON/00 — PRIORITY OPEN MATHEMATICAL TARGETS/P0.1 — UNIFORM ADJACENCY POSITIVITY/04_REVIEW_AND_FALSIFIERS/P01_DOMAIN_D_EXPLICIT_TAYLOR_CONSTANT — AUDIT BUNDLE,https://drive.google.com/file/d/1dUOI9rEvu-6-2-t8P6NSEK4ahnXNYwir8Bbd_OxQGN8/view,2026-07-24T23:39:02.234Z,Metadata inventoried; proof review only where explicitly recorded in the closure report; baseline active-tree inventory + bounded R17 updates; refresh target metadata before mutation
1-5yFAbJbsC-tkHltrmm9vHq5iQuuFr_mXLafhRTBiag,GP-CLS-PROP-019-v1.0 — Conditional Retirement of Imported a_r and Continuum Jet-Box Claims,CANON,METADATA_ONLY,CANON/00 — PRIORITY OPEN MATHEMATICAL TARGETS/P0.1 — UNIFORM ADJACENCY POSITIVITY/05_PROMOTION_PACKAGE,https://drive.google.com/file/d/1-5yFAbJbsC-tkHltrmm9vHq5iQuuFr_mXLafhRTBiag/view,2026-07-22T08:02:49.873Z,Metadata inventoried; proof review only where explicitly recorded in the closure report; baseline active-tree inventory + bounded R17 updates; refresh target metadata before mutation
16LrYGWGhU-DsW5vIV5u8BaZ19gCv_KDagpg1qBAkYyI,GP-CLS-PROP-020-v1.1 — Revised Conditional Closure of Positive Fixed-r Finite-Q4 Palm Mass,CANON,METADATA_ONLY,CANON/00 — PRIORITY OPEN MATHEMATICAL TARGETS/P0.1 — UNIFORM ADJACENCY POSITIVITY/05_PROMOTION_PACKAGE,https://drive.google.com/file/d/16LrYGWGhU-DsW5vIV5u8BaZ19gCv_KDagpg1qBAkYyI/view,2026-07-22T04:06:10.142Z,Metadata inventoried; proof review only where explicitly recorded in the closure report; baseline active-tree inventory + bounded R17 updates; refresh target metadata before mutation
1Qt1ZJZc6-2ulvCP7du6Pf2jGBQlVHpJ7NQPs-B-rwo8,GP-CLS-PROP-023-v1.0 — Conditional Closure of Fixed-r Exact Full-Field Palm Positivity,CANON,METADATA_ONLY,CANON/00 — PRIORITY OPEN MATHEMATICAL TARGETS/P0.1 — UNIFORM ADJACENCY POSITIVITY/05_PROMOTION_PACKAGE,https://drive.google.com/file/d/1Qt1ZJZc6-2ulvCP7du6Pf2jGBQlVHpJ7NQPs-B-rwo8/view,2026-07-22T23:12:15.807Z,Metadata inventoried; proof review only where explicitly recorded in the closure report; baseline active-tree inventory + bounded R17 updates; refresh target metadata before mutation
1dfWobc3WvikoKmOX_WDSUaYnPffb0nNfLImmrbYJ19k,GP-PRP-121-v1.0 — Independent Multi-Line Review Package for the P0.1 Candidate Theorem,CANON,METADATA_ONLY,CANON/00 — PRIORITY OPEN MATHEMATICAL TARGETS/P0.1 — UNIFORM ADJACENCY POSITIVITY/05_PROMOTION_PACKAGE,https://drive.google.com/file/d/1dfWobc3WvikoKmOX_WDSUaYnPffb0nNfLImmrbYJ19k/view,2026-07-22T05:23:39.580Z,Metadata inventoried; proof review only where explicitly recorded in the closure report; baseline active-tree inventory + bounded R17 updates; refresh target metadata before mutation
15VitL3ucNOF3SqoRhBGr0jXl6ozBceBqtbj6yBN6Txk,GP-PRP-121-v1.1 — Revised Independent Multi-Line Review Package for GP-DER-118 Revision 1.2,CANON,METADATA_ONLY,CANON/00 — PRIORITY OPEN MATHEMATICAL TARGETS/P0.1 — UNIFORM ADJACENCY POSITIVITY/05_PROMOTION_PACKAGE,https://drive.google.com/file/d/15VitL3ucNOF3SqoRhBGr0jXl6ozBceBqtbj6yBN6Txk/view,2026-07-22T05:44:05.158Z,Metadata inventoried; proof review only where explicitly recorded in the closure report; baseline active-tree inventory + bounded R17 updates; refresh target metadata before mutation
1qbzEVlfZsqs17l42VeUFhORr9cxoEDU7fUkVJDf_9Jg,GP-PRP-121-v1.2 — Independent Multi-Line Review Package for GP-DER-118 Revision 1.3,CANON,METADATA_ONLY,CANON/00 — PRIORITY OPEN MATHEMATICAL TARGETS/P0.1 — UNIFORM ADJACENCY POSITIVITY/05_PROMOTION_PACKAGE,https://drive.google.com/file/d/1qbzEVlfZsqs17l42VeUFhORr9cxoEDU7fUkVJDf_9Jg/view,2026-07-22T05:43:08.571Z,Metadata inventoried; proof review only where explicitly recorded in the closure report; baseline active-tree inventory + bounded R17 updates; refresh target metadata before mutation
1ExrI-CaEizRYgexjHRKtG5-TIZJnesGY,AI edit W01 - PROPOSED LEMMA - adjacency positivity,CANON,METADATA_ONLY,CANON/00 — PRIORITY OPEN MATHEMATICAL TARGETS/P0.1 — UNIFORM ADJACENCY POSITIVITY/99_ARCHIVE_RESPONSES,https://drive.google.com/file/d/1ExrI-CaEizRYgexjHRKtG5-TIZJnesGY/view,2026-07-20T21:39:51.764Z,Metadata inventoried; proof review only where explicitly recorded in the closure report; baseline active-tree inventory + bounded R17 updates; refresh target metadata before mutation
1IPBFouXIIgpdi_qXM6GuQIFSrd5eGxBc,AI edit W01.1 - ERRATUM - W01 withdrawn,CANON,METADATA_ONLY,CANON/00 — PRIORITY OPEN MATHEMATICAL TARGETS/P0.1 — UNIFORM ADJACENCY POSITIVITY/99_ARCHIVE_RESPONSES,https://drive.google.com/file/d/1IPBFouXIIgpdi_qXM6GuQIFSrd5eGxBc/view,2026-07-20T21:51:54.546Z,Metadata inventoried; proof review only where explicitly recorded in the closure report; baseline active-tree inventory + bounded R17 updates; refresh target metadata before mutation
1_hJQkq7Y8BFGZvGmCtvJR1UheV_YHmqXuimtYsYUDeA,00_READ_FIRST — P0.2 Adjacency-to-One Cubic Rate,CANON,METADATA_ONLY,CANON/00 — PRIORITY OPEN MATHEMATICAL TARGETS/P0.2 — ADJACENCY-TO-ONE CUBIC RATE,https://drive.google.com/file/d/1_hJQkq7Y8BFGZvGmCtvJR1UheV_YHmqXuimtYsYUDeA/view,2026-07-30T23:15:12.449Z,Metadata inventoried; proof review only where explicitly recorded in the closure report; baseline active-tree inventory + bounded R17 updates; refresh target metadata before mutation
1JZ2NKTRJHZT_lNX8RPKmNn3CM_BC_zMO,C047R_verification_battery_v2.py,CANON,METADATA_ONLY,CANON/00 — PRIORITY OPEN MATHEMATICAL TARGETS/P0.2 — ADJACENCY-TO-ONE CUBIC RATE,https://drive.google.com/file/d/1JZ2NKTRJHZT_lNX8RPKmNn3CM_BC_zMO/view,2026-07-21T13:33:22.005Z,Metadata inventoried; proof review only where explicitly recorded in the closure report; baseline active-tree inventory + bounded R17 updates; refresh target metadata before mutation
1ib0GNMxYduTGPQTkLOx69vuK2ShCZrga,"CW-DATA-005 — CW-PRP-003 executed: valid run, weighted nonadjacency ≈1.1e-3 localized to the near-degenerate-saddle stratum",CANON,METADATA_ONLY,CANON/00 — PRIORITY OPEN MATHEMATICAL TARGETS/P0.2 — ADJACENCY-TO-ONE CUBIC RATE,https://drive.google.com/file/d/1ib0GNMxYduTGPQTkLOx69vuK2ShCZrga/view,2026-07-20T21:16:34.931Z,Metadata inventoried; proof review only where explicitly recorded in the closure report; baseline active-tree inventory + bounded R17 updates; refresh target metadata before mutation
1LwcVhvYPWLIVQs3kDb5kW8uj4cuYx81u,CW-DATA-010 — Corrected anisotropic baseline: weighted nonadjacency = 0 at cubic level; CW-DATA-005 artifact confirmed; A/D direction opens,CANON,METADATA_ONLY,CANON/00 — PRIORITY OPEN MATHEMATICAL TARGETS/P0.2 — ADJACENCY-TO-ONE CUBIC RATE,https://drive.google.com/file/d/1LwcVhvYPWLIVQs3kDb5kW8uj4cuYx81u/view,2026-07-20T21:41:03.057Z,Metadata inventoried; proof review only where explicitly recorded in the closure report; baseline active-tree inventory + bounded R17 updates; refresh target metadata before mutation
1QmtzJhsq0PoL_QA40DHfk1ZbtJsEDGK_,"CW-DATA-014 — Q4 runs: Q-NULL at r=0.025 (quartic creates nothing); cubic generic slope ≈1; r=0.0125 quartic rung BLOCKED-BY-COMPUTE, help requested",CANON,METADATA_ONLY,CANON/00 — PRIORITY OPEN MATHEMATICAL TARGETS/P0.2 — ADJACENCY-TO-ONE CUBIC RATE,https://drive.google.com/file/d/1QmtzJhsq0PoL_QA40DHfk1ZbtJsEDGK_/view,2026-07-20T22:43:54.309Z,Metadata inventoried; proof review only where explicitly recorded in the closure report; baseline active-tree inventory + bounded R17 updates; refresh target metadata before mutation
1Yg8WSiPixOv2KuwnW1BBtdwXFkUKLH3q,CW-DATA-014_run.py,CANON,METADATA_ONLY,CANON/00 — PRIORITY OPEN MATHEMATICAL TARGETS/P0.2 — ADJACENCY-TO-ONE CUBIC RATE,https://drive.google.com/file/d/1Yg8WSiPixOv2KuwnW1BBtdwXFkUKLH3q/view,2026-07-20T22:43:26.002Z,Metadata inventoried; proof review only where explicitly recorded in the closure report; baseline active-tree inventory + bounded R17 updates; refresh target metadata before mutation
1Ac4TN-50UsEfo2cDlxzy9x9fztjOprQr,CW-DER-008 — R1 discharged: exact r-power bookkeeping; anisotropic fast–slow flow; SELF-CORRECTION demoting CW-DATA-005's flow object,CANON,METADATA_ONLY,CANON/00 — PRIORITY OPEN MATHEMATICAL TARGETS/P0.2 — ADJACENCY-TO-ONE CUBIC RATE,https://drive.google.com/file/d/1Ac4TN-50UsEfo2cDlxzy9x9fztjOprQr/view,2026-07-20T21:33:20.447Z,Metadata inventoried; proof review only where explicitly recorded in the closure report; baseline active-tree inventory + bounded R17 updates; refresh target metadata before mutation
1hiQNtwYx_WPxMYX21M32W5VAVLtEZ7Xc,"CW-PRP-003 — P0.2: equivalence observation, weight-suppression precedent, and a frozen blow-up dichotomy experiment",CANON,METADATA_ONLY,CANON/00 — PRIORITY OPEN MATHEMATICAL TARGETS/P0.2 — ADJACENCY-TO-ONE CUBIC RATE,https://drive.google.com/file/d/1hiQNtwYx_WPxMYX21M32W5VAVLtEZ7Xc/view,2026-07-20T20:51:39.341Z,Metadata inventoried; proof review only where explicitly recorded in the closure report; baseline active-tree inventory + bounded R17 updates; refresh target metadata before mutation
1nYfwkfSvblATrWzIct7pHUDaG_itCins,CW-PRP-006 — FROZEN SPEC: quartic-corrected rerun with the certified 9-jet joint law and mandatory r-power derivation gate,CANON,METADATA_ONLY,CANON/00 — PRIORITY OPEN MATHEMATICAL TARGETS/P0.2 — ADJACENCY-TO-ONE CUBIC RATE,https://drive.google.com/file/d/1nYfwkfSvblATrWzIct7pHUDaG_itCins/view,2026-07-20T21:25:44.469Z,Metadata inventoried; proof review only where explicitly recorded in the closure report; baseline active-tree inventory + bounded R17 updates; refresh target metadata before mutation
16AxHk1QHUwrWbjsv1C0NuWnd6a4FfHVIvRIZyHQQ9HU,GP-AUD-068-v1.0 — Exact-rational certificate response to CL-AUD-044,CANON,METADATA_ONLY,CANON/00 — PRIORITY OPEN MATHEMATICAL TARGETS/P0.2 — ADJACENCY-TO-ONE CUBIC RATE,https://drive.google.com/file/d/16AxHk1QHUwrWbjsv1C0NuWnd6a4FfHVIvRIZyHQQ9HU/view,2026-07-21T19:39:35.467Z,Metadata inventoried; proof review only where explicitly recorded in the closure report; baseline active-tree inventory + bounded R17 updates; refresh target metadata before mutation
