Transition ID,Recorded UTC,Transition Type,Material,Exact Object ID,Previous State,New State,Exact Claim or Architectural Rule,Evidence Added,Evidence Removed/Killed/Superseded,Evidence Class,Law or Measure,Regime,Normalization,Coordinate System,Independent Review Status,Dependencies Affected,Dependencies Unaffected,Mathematical Change,Architectural Change,No-Change Certificate ID,Architecture Failure Mode Addressed,New Failure Modes,Detection Tests,Uncertainty Permanently Removed,Remaining Uncertainty,Required Human Decision,Reopening Condition,Failure Class,Architecture Response,Recurrence Control,Downstream Contamination Assessment,Affected Mathematical Objects,Quarantine Status,Global Object Audit ID,Status
TR-CAI-001,2026-07-21T15:40:00Z,ARCHITECTURE_INCIDENT_GOVERNANCE,TRUE,GP-AUTO-034-v1.2-CAI,v1.1 safe indexing without coupled advancement enforcement; source headers could influence trusted authority/closure; several configured leaf IDs did not exist,"v1.2 trust-separated coupled advancement with protected operator decisions, transition gates, evidence lineage, independence scoring, global-object audits, metrics, alarms, corrected leaf IDs, and T1–T32","Material mathematics requires an architectural response or complete no-change certificate; material architecture requires a concrete failure mode, uncertainty reduction, and detection tests",EV-CAI-SOURCE; EV-CAI-CONTRACT; EV-CAI-TEST; EV-CAI-GUIDANCE,v1.1 source-header trust fallback; invalid Config leaf IDs; shallow T1–T16 controls superseded,ARCHITECTURE_CORRECTION; ADVERSARIAL_TEST,All project mathematical objects and governance states,All current and future material transitions,Declared per mathematical object; N/A for architecture itself,Declared per mathematical object; all frames preserved,SELF-REVIEW AND LOCAL T1–T32 PASS; outside-lineage review pending,GP-REG-032; GP-AUTO-034; WORKSPACE_MASTER_MANIFEST; Closure Log; navigation; extraction eligibility,Q0_MASTER; q0_machine.json; q0_verify.py; theorem truth; source research files,"No mathematical theorem, law, probability statement, or machine root was promoted or changed",Added trust separation; six coupled registers; protected operator decisions; transition alarms; outcome metrics; T17–T32; corrected direct-child scope IDs,,Source self-promotion; missing coupled advancement invariant; false independence; consensus laundering; closure inflation; global target drift; invalid folder-scope mapping,Baseline-pending transition volume; governance-row entry errors; protection removal; installed-source hash mismatch,T17–T32; protected range 1941466925; source SHA-256; Transition Alarms; Architecture Metrics; coverage-gap checks,"Source documents can no longer self-authorize, self-approve, self-close, or become primary evidence by repetition; fifteen invalid leaf IDs corrected",Apps Script runtime/OAuth/triggers not installed; outside-lineage review pending; existing trusted objects require transition backfill before promotion,Dylan Roy explicitly authorized full execution,"Reopen on any T1–T32 failure, protected-range removal, source-hash mismatch, untracked material change, or evidence that prior scope-ID errors contaminated conclusions",TRUST_BOUNDARY_AND_SCOPE_MAPPING,"GP-AUTO-034-v1.2-CAI trust separation, coupled registers, adversarial tests, protected operator state, and exact scope correction",T17–T32 plus future transition validation and source-hash verification,"Prior invalid leaf IDs could have omitted intended direct-child sources if v1.1 had been deployed; v1.1 Apps Script runtime was not installed, so no automated manifest or mathematical output was produced from those invalid scopes",Potentially any artifact expected in the fifteen misidentified leaves; no theorem or machine state automatically changed,v1.1 DO NOT DEPLOY; existing material states BASELINE-PENDING; v1.2 deployment requires Google-runtime T1–T32 and manual inspection,GOA-CAI-001,PASS
TR-EC009-001,2026-07-21T15:55:00Z,MATHEMATICAL_CLOSURE_BACKFILL,TRUE,PLANAR_COALESCED_BF_CONDITIONAL_NINE_JET,Exact planar nine-jet law derived and repeatedly rechecked; active EC-009 item awaiting terminal human disposition.,"Terminally closed exact narrow planar-coalesced conditional law with operator approval, machine-readable evidence lineage, review disclosures, no-change certificate, and global-object audit.","For P=(f,f_x,f_y,f_xx,f_xy,f_xxx)=(b,0,0,0,0,2) and J=(f_yy,f_xxy,f_xyy,f_yyy,f_xxxx,f_xxxy,f_xxyy,f_xyyy,f_yyyy), E[J|P]=(-b,0,0,0,-3b,0,0,0,3b) and Cov(J|P) is the exact 9×9 matrix recorded in GP-CLS-006.",EV-EC009-PRIMARY; EV-EC009-AO48; EV-EC009-CW; EV-EC009-CLOSURE,Repeated full-matrix reconstruction burden; partial-versus-full conditioning ambiguity; duplicate CC-02 state superseded by EC-009.,EXACT_GAUSSIAN_SCHUR_COMPLEMENT; INDEPENDENT_RECONSTRUCTION; EXECUTABLE_RECEIPT,Centered planar Bargmann–Fock Gaussian conditional law under the declared six-pin conditioning.,PLANAR_COALESCED same-point limiting-jet regime.,Ordinary Cartesian coordinate derivatives in the declared planar normalization; no torus periodization and no finite-r pin separation.,Midpoint Cartesian frame with fixed P and J ordering as stated.,AO48 strong dependent reconstruction disclosed; CW direct-kernel symbolic route predates primary-derivation exposure and is entered PENDING deterministic v1.2 score.,Planar sampling and algebraic checks; EC-007 sub-block relation; object-card routing; Closure Log; evidence and review registers.,Exact-torus and finite-r laws; Palm and adjacency objects; regional counting; P0.2; Theorem B; canonical theorem status; active machine state.,No formula changed. The already-derived exact law moved from active rechecking to operator-approved terminal narrow closure.,"Backfilled the existing v1.2 registers with a transition, no-change certificate, evidence lineage, review disclosures, operator decision, and global-object audit; no new schema was required.",NCC-EC009-001,BASELINE_TRANSITION_GAP; closure evidence and methodological independence were not yet represented in the coupled registers.,Scope leakage from planar coalesced to exact torus or finite-r objects; jet-order mismatch; dropping the conditioning or normalization fields; overstating review independence.,Full 81-entry reconstruction; object-card mismatch checks; closure-scope gate; review-disclosure validator; transition/no-change validation.,The exact planar coalesced nine-jet conditional mean and covariance no longer require repeated derivation or status review.,"Exact normalized-periodized torus law, exact finite-r conditioned law, Palm typing, adjacency, elder-rule pairing, P0.2, and Theorem B remain open or separately governed.",Completed: Dylan M. Roy approved GP-CLS-PROP-012 in the connected conversation on 2026-07-21; recorded in GP-CLS-006 §9 and OD-EC009-001.,"Reopen only on contradictory symbolic or mechanical evidence tied to an exact matrix entry, derivative ordering, conditioning convention, or object-card field; preserve all prior artifacts.",BASELINE_TRANSITION_AND_DUPLICATE_STATE_GAP,Registered the closure in the coupled architecture and merged CW CC-02 into EC-009 while preserving every source and receipt.,"Future terminal closures require a transition or valid no-change certificate, evidence roles, review disclosure, scope boundary, and operator decision record.","No downstream mathematical contamination identified. The closure package explicitly prohibited torus, finite-r, Palm, adjacency, P0.2, Theorem B, and machine-state extrapolations.",PLANAR_COALESCED_BF_CONDITIONAL_NINE_JET and direct consumers that match the exact P/J object card.,NONE; broader extrapolations remain prohibited and would trigger an object-mismatch alarm.,GOA-EC009-001,PASS
TR-P02-001,2026-07-21T16:30:00Z,MATHEMATICAL_CANDIDATE_BACKFILL,TRUE,ADJACENCY_TO_ONE_CUBIC_TYPED_MS,"P0.2 was OPEN with exact finite-r Gaussian inputs, boundary-layer integration, endpoint blocks, exact-field transfer, and diagnostics distributed across separate artifacts; no single transition record distinguished proved components from the unverified theorem chain.",First internally complete candidate proof chain for 1-a_r=O(r^3) is registered as CANDIDATE / NONCANONICAL. Instrument-level and component-level verifications are separated from the unverified full theorem.,"Under the exact normalized-periodized side-24 determinant-weighted typed six-pin maximum–saddle pair-Palm law P_r^MS at b=6/5, with A_r the exact selected-branch gradient-adjacency event and a_r=P_r^MS(A_r), the candidate chain claims 1-a_r=O(r^3) as r→0.",EV-P02-PRIMARY; EV-P02-INSTRUMENT; EV-P02-AO48; EV-P02-CW; EV-P02-GLOBAL,Fixed m22_S>-2r localization screen; narrow O(r^2) corridor exit used as nonadjacency; unqualified quartic-compensation uniqueness; any inference that instrument certification proves the theorem.,CANDIDATE EXACT PROOF CHAIN; VERIFIED COMPONENTS; INSTRUMENT RECEIPTS; GLOBAL-OBJECT AUDIT,Exact normalized-periodized Bargmann–Fock field on T^2_L with L=24; determinant-weighted typed six-pin maximum–saddle pair-Palm law P_r^MS; exact branch-specific adjacency event A_r.,"Fixed b=6/5 and sufficiently small finite r; exact field, not merely planar coalesced or degree-four truncation.",s=q/r; exact midpoint jets; determinant product normalized by Z_r; scaled field F_r with x=rX and y=rY; remainder controlled in C^1.,"Physical torus coordinates together with declared normalized local coordinates (X,Y); branch orientation is the selected M-ward unstable branch.",Partial cross-organization verification: CL independently executed the nine-control certificate; CW rederived exact-field transfer; AO48 audited Gaussian/Palm sections and later performed a global-object audit. Full line-by-line reconstruction of GP-DER-047 and identical-object crosswalk remain pending.,ADJACENCY_TO_ONE_CUBIC; Q_TYPED_MS_RATE; ADJ_CONDITIONING_TRANSFER; P0.2; proposed law-specific q-machine roots.,Theorem B; Q_ADJ_CONFIGURED_RATE absent promotion; active q0_machine.json; active q0_verify.py; Q0_MASTER; scientific canon.,A distributed set of component results was assembled into the first explicit candidate proof of the stronger typed-law adjacency-to-one cubic root. No theorem status was promoted.,"Registered exact law, event, normalization, coordinate frame, component-versus-theorem evidence roles, independent-review disclosures, global-object audit, forbidden extrapolations, and a fail-closed candidate status.",,Typed-versus-adjacent law ambiguity; local-chart proxy substitution; limiting-versus-finite-r conflation; instrument-to-theorem promotion; adjacency support mistaken for the complete lifetime-law target.,"An unnoticed mismatch in determinant convention, branch mark, exact six-pin conditioning, endpoint certificate constants, GT5/DM2 object identity, or local-to-global event could invalidate the assembled chain.",GP-DATA-048 nine frozen controls; CL-AUD-028 second-stack execution; CW-AUD-018 transfer rederivation; AO48-AUD-012 Palm audit; exact-law trajectory replay; object-card crosswalk; one exact counterexample satisfying all certificate hypotheses.,"Finite-r nine-jet input, exact-torus Gaussian regularity, O(r^3) finite-jet boundary integration, high-derivative tail control, and deterministic capture mechanisms are no longer unstructured unknowns.",Independent full proof reconstruction; exact dependency-object identity; executable theorem-level verifier; exact-law certificate replay with stage slacks; formal promotion decision.,"Dylan approval is required only after independent theorem-grade review and a promotion package. Current user approval authorizes backfill, not mathematical promotion.","Reopen or kill on one exact-law configuration satisfying the registered regular-jet, capture-majorant, and remainder hypotheses whose exact selected unstable branch does not converge to M; also reopen on any dependency-object mismatch.",OBJECT_MEASURE_CAPTURE_CHAIN,"Separate candidate theorem from verified instruments and components; require exact object-card crosswalk, global-object audit, primary evidence lineage, and theorem-level negative controls before promotion.","T20, T22, T23, T25–T29; GP-DATA-048 controls; future exact-law counterexample fixture; law-specific machine roots.",Earlier screened local diagnostics and the degree-four certificate remain useful only in their declared domains. They must not be cited as direct estimates or proof of 1-a_r under the exact global event.,ADJACENCY_TO_ONE_CUBIC; Q_TYPED_MS_RATE; P0.2; supporting adjacency input to the near-diagonal lifetime program.,CANDIDATE — DO NOT PROMOTE; VERIFIED COMPONENTS RETAIN THEIR NARROW STATUS.,GOA-P02-001,PASS-WITH-BLOCKERS
TR-QM-001,2026-07-21T16:30:00Z,ARCHITECTURAL_PROTOTYPE_BACKFILL,TRUE,LAW_SPECIFIC_Q_SUCCESSOR_MACHINE,Active q-machine roots used ambiguous qualitative q language. GP-REG-021 and GP-DATA-022 proposed a law-specific successor and reported 8/8 local negative tests.,"The conceptual split into law-specific roots is retained, but the concrete v1.0 prototype is classified REPAIR-REQUIRED after AO48 hand-trace found typed-rate dependency wiring reversed, a required R0 node missing, and verifier holes not covered by the eight tests.","Every q claim must identify its probability law, conditioning regime, required marks, model layer, frame, dependencies, bridges, and falsifiers; bare q is invalid. A successor cannot be promoted until all root wiring and negative tests match the exact theorem statements.",EV-QM-SNAPSHOT; EV-QM-VERIFIER; EV-QM-RECEIPT; EV-QM-AUDIT,Acceptance of bare q; treating the self-reported 8/8 tests as sufficient qualification; any implication that the active q0_machine.json was changed.,ARCHITECTURE PROTOTYPE; EXECUTABLE NEGATIVE TESTS; INDEPENDENT HAND-TRACE AUDIT,P_MS typed pair-Palm; P_ADJ adjacency-conditioned law; gamma_r candidate intensity; exact normalized-periodized BF L24 model and explicitly declared descendants.,Proposed machine snapshot only; no active-machine migration.,Per-root normalization and bridge contracts; no implicit conversion between typed and adjacency-conditioned probabilities.,"Per-root frame tags including q, s=q/r, physical, limiting-jet, and exact-field where declared.","Author local execution supports only the tested prototype behavior. AO48 independently inspected the source logic by hand trace, with original source visible and no runtime, and found material defects. Independent corrected execution is absent.",Q_TYPED_MS_RATE; Q_ADJ_CONFIGURED_RATE; A_ADJ; J_TYPED_CONTACT; I_ADJ_CONTACT; ADJ_CONDITIONING_TRANSFER; ADJACENCY_TO_ONE_CUBIC.,Active q0_machine.json and q0_verify.py remain untouched; mathematical truth values and canon remain unchanged.,No mathematical result changed. The transition concerns whether the architecture represents the exact objects correctly.,"Introduced law-specific roots and negative tests, then quarantined the concrete prototype after independent audit exposed dependency and verifier defects.",,Bare-symbol ambiguity; measure laundering; one law object standing for another; missing dependency roots; verifier testing a nearby statement.,Incorrect dependency direction can make an unproved typed rate appear discharged; missing R0 can hide a required condition; untested mutations can pass.,"Existing eight tests plus required new tests for reversed typed-rate dependency, missing R0, bridge omission, active-machine overwrite, and exact descendant reachability.",The need for law-specific q objects and explicit conditioning bridges is established; bare q is no longer architecturally acceptable.,"A corrected successor snapshot, corrected verifier, expanded negative-test battery, independent execution, migration crosswalk, and operator promotion decision.",None for the current repair classification. Dylan approval is required only for a corrected active-machine migration.,Reassess when a versioned repaired snapshot passes the expanded battery and an independent line verifies exact root reachability and object identity.,VERIFIER_WIRING_AND_ROOT_CLOSURE,Mark GP-REG-021/GP-DATA-022 as noncanonical repair-required prototypes; preserve their useful schema concepts; add explicit transition and audit records.,"T8, T20–T24, T27, new reversed-edge and missing-root mutations, active-machine hash guard.","The active machine was untouched, so no automated theorem-state contamination occurred. Later summaries must not cite the prototype as validated without the AO48 defect record.",Proposed law-specific q successor roots and migration map only.,DO NOT PROMOTE OR INSTALL; REPAIR-REQUIRED.,GOA-QM-001,FAIL — REPAIR REQUIRED
TR-P12-001,2026-07-21T16:30:00Z,MATHEMATICAL_CORRECTION_BACKFILL,TRUE,CONTINUUM_SHORT_BAR_DIAGNOSTIC_P1.2,"Four-neighbor pixel-graph persistence and reusable nearest-birth matching had been interpreted as evidence about continuum maxima, exact elder-rule pairs, and short-bar exponents.",Independent re-execution confirms the four-connectivity root cause and withdraws the earlier continuum interpretation. The replacement exact-critical-set/separatrix-pairing exponent near 0.57 remains reported but not independently reproduced; ep2.py delivery is claimed by CL-RSP-027 but the raw script was not located through the current Drive search path.,"For the tested twelve-field ensemble, the four-neighbor graph produces about one-fifth excess maxima relative to eight-neighbor/Newton census and explains the dominant type-failure pattern. Therefore earlier four-neighbor exponents and individual-bar reality claims are not continuum evidence. P1.2 remains OPEN.",EV-P12-ERRATUM; EV-P12-GP-AUDIT; EV-P12-REBASE; EV-P12-EP2-NOTICE; EV-P12-PROTOCOL,Continuum interpretation of GP-RSP-013/CL-DATA-017; s=-0.263; numerical exponent-dictionary closure; claim that approximately 89.6% of individual short bars were verified real; any promoted a_hat≈0.57 conclusion.,ERRATUM; INDEPENDENT RE-EXECUTION; OBJECT-SCOPE CORRECTION; REPRODUCIBILITY BLOCK,Unconditioned Bargmann–Fock field on the torus; target continuum exact critical-point and elder-rule pairing law; graph persistence objects separately tagged.,Finite nested grids and finite fields used as diagnostics for a continuum target; exact continuum asymptotics remain unverified.,Coefficient-free U_L=ell/L tests must retain the physical-field mark kappa through ell=kappa r^3/6; graph and continuum lifetime conventions must be explicit.,"Physical torus coordinates; four-neighbor graph, eight-neighbor census, Freudenthal PL, Newton-refined continuum critical points, and exact separatrix pairing are distinct frames/objects.",GP independently reconstructed the twelve-field census with the exact trigonometric evaluator and confirmed the graph-object root cause using the same frozen seeds but an independent implementation. Exact ep2 pairing and exponent have not been independently executed.,P1.2; graph/continuum object cards; exact-pairing pipeline; connectivity-rebase records; cluster-power plan.,Theorem B; Q0_MASTER; active machine state; analytic -1/3 conditional Jacobian; scientific canon.,The root cause and withdrawal are confirmed. No replacement exponent or continuum law is established.,"Requires topology-convention tags, distinct graph/PL/continuum objects, exact maximum/saddle/pairing identity, field-clustered inference, and a transition before any replacement claim.",,Computational proxy replaced the target object; connectivity convention was omitted; many-to-one matching inflated apparent persistence; a summary outran the unavailable execution package.,"The reported ep2 file may remain inaccessible or differ from the executed version; exact critical-set completeness, separatrix integration, elder-rule pairing, cutoff handling, and power may fail on rerun.",Independent ep2 source hash and execution; known-Morse negative control; exact critical-point census and Euler receipt; separatrix endpoint audit; one-to-one pair identity; field-clustered bootstrap; graph-convention mutation tests.,The four-neighbor contamination mechanism and the invalidity of the prior continuum interpretation are permanently established for the tested implementation.,"The exact-pairing exponent, continuum short-bar law, adequate lower-tail sample size, local kappa control, and asymptotic comparison to 2/3 remain open.",No promotion is authorized. Dylan approval would be required only for a future theorem or terminal mathematical closure.,"Reopen the correction only if an independent reproduction shows the four-neighbor excess/type-failure diagnosis was wrong. Reassess the replacement claim when the exact ep2 package is fetched, hashed, and independently rerun.",GRAPH_CONTINUUM_PROXY_AND_MATCHING,"Withdraw contaminated continuum claims; require graph/PL/continuum tags, exact pair identities, source hashes, transition records, and global-object audits.","T23, T25–T29; known-Morse fixtures; 4-vs-8-vs-Freudenthal comparison; exact-pair replay; field-level resampling.",Historical four-neighbor exponents and individual-bar claims are contaminated as continuum evidence and remain withdrawn. The correction does not contaminate Theorem B or exact analytic identities.,CL four-neighbor short-bar exponents; GP-RSP-013 continuum interpretation; P1.2 diagnostic claims.,EARLIER CONTINUUM INTERPRETATIONS WITHDRAWN; REPLACEMENT CLAIM OPEN / CANNOT-VERIFY.,GOA-P12-001,PASS — CORRECTION CONFIRMED / TARGET OPEN
TR-QM-002,2026-07-21T18:05:00Z,ARCHITECTURAL_REPAIR_CANDIDATE,TRUE,LAW_SPECIFIC_Q_SUCCESSOR_MACHINE_V1_1,"GP-REG-021/GP-DATA-022 were quarantined after reversed typed-rate wiring, missing MORSE_SMALE_R0 and proof nodes, cycle acceptance, P_ADJ prefix gaps, and object-dependency smuggling were identified.","GP-REG-051/GP-DATA-052 provide a q0-law-specific/1.1 noncanonical repair candidate. The base machine validates, 16/16 adversarial mutations fail as required, all proposed roots remain blocked, and the active machine is untouched.","Every q claim must carry its exact law, conditioning, marks, model layer, frame, claim-only dependencies, alternative dependency routes, sources, and falsifiers. Circular justification, object-dependency smuggling, missing R0, prefixed adjacency-law omissions, and nonterminal promotion are fail-closed errors.",EV-QM11-SNAPSHOT; EV-QM11-VERIFIER; EV-QM11-RECEIPT; EV-QM11-AUDIT,GP-REG-021/GP-DATA-022 as install candidates; eight-test sufficiency; hardcoded adjacent-law detour as the mandatory typed-rate route; silent cycle acceptance.,NONCANONICAL ARCHITECTURE SOURCE; EXECUTABLE VERIFIER RECEIPT; INDEPENDENT DEFECT AUDIT,P_MS typed pair-Palm; P_ADJ adjacency-conditioned; P_ADJ-CANDIDATE contact intensity; exact normalized-periodized BF L24 object domain.,Proposed successor only; no active-machine migration and no theorem promotion.,"Per-root probability/intensity normalization; r in (0,0.025], b=6/5, gap r^3/6; no implicit law conversion.","Exact finite-r torus layer with declared physical and normalized local frames; branch, pairing, and mark identities explicit.",Author repair and local execution pass 16/16. AO48 independently established the defect basis. Independent execution and line-by-line audit of the corrected v1.1 source remain pending.,Q_TYPED_MS_RATE; Q_ADJ_CONFIGURED_RATE; THEOREM_B_ADJ_CONTACT_FACTOR; MORSE_SMALE_R0; DEFECT_DICHOTOMY; ADJ_POSITIVITY_POINTWISE; ADJ_POSITIVITY_UNIFORM.,Active q0_machine.json; active q0_verify.py; Q0_MASTER; Q0_LEDGER; theorem truth values; scientific canon.,No mathematical theorem or probability statement changed. The repair changes only the proposed representation of dependencies and promotion blockers.,"Added direct and redundant typed-rate routes, missing proof nodes, claim-only dependency enforcement, cycle rejection, prefixed P_ADJ checks, terminal-status promotion gates, and sixteen negative tests.",,"Verifier wiring, hidden external dependencies, circular proof graphs, object-status bypass, measure-prefix escape, and false root promotability.",Alternative-route selection could still encode the wrong theorem graph; Drive review documents are not byte-exact raw JSON/Python files; status allowlists may be too strict or too permissive.,Sixteen adversarial mutations; exact JSON/verifier hashes; root blocker reports; active-machine hash guard; independent corrected-source execution and reachability audit.,"The concrete defects in v1.0 are repaired in a testable candidate, and every proposed root is now explicitly blocked rather than falsely promotable.",Independent execution of GP-DATA-052; exact theorem-graph crosswalk; raw-source qualification; operator decision on any future active-machine migration.,No human decision is required to retain this repair candidate. Dylan approval is required before replacing the active machine.,"Reopen on any failed mutation, source-hash mismatch, unregistered dependency, incorrect root blocker, or independent evidence that the repaired graph still represents the wrong theorem.",VERIFIER_WIRING_AND_ROOT_CLOSURE_REPAIR,Filed GP-REG-051 and GP-DATA-052 in the machine-schema and negative-test branches; retained v1.0 as historical defect evidence; active machine remains untouched.,"Future successor changes require source hashes, full mutation receipts, transition records, global-object audits, and independent execution before installation.",No automated theorem-state contamination occurred because the active machine was never changed. The repair candidate must not be summarized as an installed or canonical machine.,Proposed law-specific q successor roots and migration map only.,REPAIR CANDIDATE — DO NOT INSTALL; INDEPENDENT EXECUTION AND OPERATOR MIGRATION DECISION PENDING.,GOA-QM-002,PASS-LOCAL / INDEPENDENT-QUALIFICATION-PENDING
TR-P12-002,2026-07-21T18:05:00Z,COMPUTATIONAL_OBJECT_IDENTITY_INCIDENT,TRUE,EXACT_PAIRING_PIPELINE_CL_DATA_024,"CL-RSP-027 reported ep2.py delivery, while TR-P12-001 classified source availability as sync-uncertain and the replacement exponent as cannot-verify.","CL-DATA-024 is located by exact Drive ID, downloaded, hashed, and syntax-checked. Two bounded exact runs produced no field receipt. Static audit shows the endpoint walker follows a separately truncated auxiliary field and does not enforce V1/V2/V3 fail-closed; the exact-pairing label is therefore blocked.","An exact continuum separatrix-pairing instrument must integrate the exact target field's gradient with controlled numerical error, retain unresolved branches, enforce all validation gates before fitting, and bind source, environment, seeds, outputs, and hashes. A truncated auxiliary flow cannot be labeled exact pairing.",EV-P12-EP2-SOURCE; EV-P12-EP2-AUDIT; EV-P12-EP2-RUN,P12 source-sync uncertainty; treatment of CL-DATA-024 as an exact-pairing execution receipt; any inference that printed V1/V2/V3 lines are fail-closed gates.,PRIMARY NUMERICAL SOURCE; STATIC OBJECT-IDENTITY AUDIT; BOUNDED EXECUTION RECEIPT,"Unconditioned finite band-limited Bargmann–Fock field on the torus; target object is exact smooth-field critical points, exact unstable separatrices, and elder-rule pairing.",Six documented fields with pooled bulk-range fit; one-field rerun attempts bounded at 120 and 300 seconds; asymptotic small-lifetime law remains untested.,Fx normalized by an NBASE-grid standard deviation; bars pooled after unresolved saddles are excluded; source itself labels the fit a bulk range exponent.,Fx exact trigonometric critical field uses cutoff 1e-13; Fa endpoint-direction field uses cutoff 1e-8 and fixed-step normalized gradient walking. These are distinct trajectory objects.,Independent GP source audit and bounded execution using the exact downloaded bytes. Same code and documented seed family were used; no numerical output was reproduced.,P1.2; CL-DATA-024; reported a_hat≈0.57; exact critical-set completeness; separatrix endpoint identity; field-clustered power plan.,"The four-connectivity root-cause correction remains confirmed; Theorem B, Q0_MASTER, active machine state, and analytic conditional Jacobian are unaffected.",Source existence and byte identity are now verified. No replacement exponent or continuum law is established.,"Added exact-flow versus auxiliary-flow object tags, fail-closed gate requirements, unresolved-branch accounting, runtime/hash receipts, and a repair specification for numerical pairing instruments.",,"Computational proxy replacement, non-fail-closed validation, selected missingness, pooled-field inference, absent source-output binding, and runtime opacity.","A repaired implementation may still miss critical points, cross basin boundaries, or produce unstable endpoints; long runtimes may conceal failures without checkpoints and structured receipts.",Exact Fx adaptive integration; step/cutoff refinement; V1/V2/V3 assertions; known-Morse controls; denser/certified critical census; unresolved-saddle report; field-clustered inference; source/environment/output hashes.,"The file is no longer missing or ambiguous: exact Drive identity, bytes, hash, syntax, and implemented trajectory object are known.",Independent successful rerun; exact-field endpoint stability; complete critical census; fail-closed gates; per-field outputs; statistically valid inference for the reported exponent.,No promotion decision is authorized or needed. A future validated numerical result would require a separate transition and Dylan approval if used for closure or promotion.,"Reassess when a repaired, hashed implementation independently completes the frozen fields, passes every gate, and demonstrates endpoint invariance under exact-field integration refinement.",GRAPH_CONTINUUM_PROXY_AND_NUMERICAL_FLOW_IDENTITY,Filed GP-AUD-050; superseded only the source-sync uncertainty; retained the earlier continuum correction; blocked the exact-pairing and a_hat claims pending repair.,"Future numerical claims require exact field/flow tags, machine-enforced gates, per-field receipts, missingness accounting, runtime progress, and independent rerun.",Earlier four-neighbor continuum claims remain withdrawn. CL-DATA-024 may support exploratory diagnosis but cannot support exact-pairing or asymptotic exponent claims in its current form.,CL-DATA-024 exact-pairing claim; reported a_hat≈0.57; P1.2 replacement diagnostic.,SOURCE VERIFIED / OUTPUT UNREPRODUCED / EXACT-PAIRING CLAIM BLOCKED.,GOA-P12-002,FAIL-OBJECT-IDENTITY / REPAIR REQUIRED
TR-P12-003,2026-07-21T18:20:00Z,COMPUTATIONAL_INSTRUMENT_REPAIR_CANDIDATE,TRUE,EXACT_FIELD_PAIRING_INSTRUMENT_GP_DATA_054,"TR-P12-002 established that CL-DATA-024 uses a truncated auxiliary trajectory field, omits fail-closed gates, excludes unresolved branches, and did not reproduce its reported output.","GP-PRE-053, GP-DATA-054, and GP-AUD-055 provide a frozen exact-field repair candidate. One field object is used for critical points and trajectories; V1–V5 are fail-closed; unresolved branches remain visible; 13/13 self-tests pass. No production Bargmann–Fock result exists.","No exponent fit is permitted unless every requested field passes torus Euler identity, finite-bar count, complete branch resolution, endpoint replay stability, and denser critical-census replay. Every numerical operation must use the same exact finite field object and emit source/runtime/seed/output receipts.",EV-P12-HARDENED-PRE; EV-P12-HARDENED-SOURCE; EV-P12-HARDENED-SELFTEST,"Absence of a concrete repaired implementation; any future use of unresolved-branch deletion, printed-only gates, auxiliary-flow trajectories, or pooled non-clustered inference.",PREREGISTRATION; NONCANONICAL INSTRUMENT SOURCE; AUTHOR SELF-TEST RECEIPT,"Finite band-limited Bargmann–Fock numerical field on the torus; numerical instrument only, not an analytic probability-law proof.",Analytic controls and implementation self-tests completed; full Bargmann–Fock production execution not performed.,"NBASE-grid normalization is recorded per field; source/runtime manifest and field receipts bind normalization, seeds, gates, endpoints, bars, and eligibility.","The identical TrigonometricField coefficient object and coordinate system are used for critical evaluation, gradient/Hessian evaluation, adaptive trajectories, and Newton endpoint certification.",Author-built and locally executed; syntax pass and 13/13 self-tests. A concurrent CL coordination pass recognized the specification but did not independently execute the source. Independent production qualification remains absent.,P1.2 numerical pipeline; exact critical census; separatrix endpoint identity; elder-rule pairing; field-clustered inference; source and output provenance.,The four-connectivity correction; Theorem B; Q0_MASTER; active q machine; reported a_hat≈0.57 status; mathematical canon.,"No exponent, pairing distribution, or mathematical theorem changed. The transition establishes only a self-tested numerical repair candidate.","Added exact-field adaptive integration, strict endpoint replay, denser census replay, executable V1–V5 gates, unresolved-branch accounting, per-field checkpoint receipts, no-fit behavior, and field-clustered bootstrap.",,"NUMERICAL_PAIRING_INSTRUMENT_REPAIR; exact-flow identity, missingness selection, printed-gate inflation, provenance loss, and pooled-field inference are converted into executable controls.",The adaptive solver or endpoint classifier may still be wrong; seed-grid replay is not a completeness proof; the Google Docs source mirror is not byte-identical; runtime may remain expensive; self-tests share the author lineage.,ST1–ST13; source SHA-256; analytic Morse and exact-field endpoint controls; future production V1–V5 receipts; independent source reconstruction and frozen-seed rerun.,"A concrete repair implementation now exists; the exact source identity, preregistration, no-fit rule, control logic, and thirteen self-test outcomes are fixed and reviewable.",Independent source audit; byte-exact source publication through a Drive-compatible route; at least one full production field; endpoint/census stability; six-field rerun; review of field-clustered inference.,"No human decision is required to retain or review this candidate. Dylan approval is required before any production output is used for closure, promotion, or replacement of the P1.2 status.","Reopen or reject on source-hash mismatch, any failed self-test, any production V1–V5 failure, endpoint changes under replay, census changes under denser seeds, unresolved branch, or independent implementation disagreement.",NUMERICAL_PAIRING_INSTRUMENT_REPAIR,"Filed a frozen preregistration, complete Drive review mirror, exact source hash, and thirteen-test receipt in the continuum-rebase and validation branches; retained TR-P12-002 and CL-DATA-024 as incident evidence.","Future pairing instruments require one exact field object, machine-enforced gates, unresolved-branch retention, source/runtime/output hashes, per-field receipts, progress checkpoints, and field-clustered inference.",No downstream mathematical contamination was introduced because no production field or exponent was emitted. Self-test success must not be summarized as evidence for a_hat or the continuum law.,Exact-field pairing implementation and future P1.2 numerical diagnostics only.,REPAIR CANDIDATE — 13/13 SELFTEST / NO PRODUCTION RESULT / NOT EVIDENCE FOR a_hat.,GOA-P12-003,PASS-SELFTEST / PRODUCTION-AND-INDEPENDENT-REVIEW-PENDING
TR-P12-004,2026-07-21T18:35:00Z,COMPUTATIONAL_INSTRUMENT_QUALIFICATION_BLOCKER,TRUE,EXACT_FIELD_PAIRING_INSTRUMENT_GP_DATA_054,"TR-P12-003: readable exact-field repair candidate with 13/13 author self-tests, no production result, byte-exact and outside review pending.","Same repair candidate retained, but production qualification is additionally fail-closed on certified endpoint events, pointwise census-identity replay, branch-offset/saddle perturbation checks, final nondegeneracy, amended negative controls, byte-exact source, and non-author execution.","The current endpoint and census gates are insufficient: Newton certification may occur without a successful fired endpoint event, and V5 can pass different critical sets having identical type counts. These are instrument-qualification defects, not mathematical results.",EV-P12-GP-AUDIT-056,Nothing removed; GP-AUD-055 self-test receipt and GP-DATA-054 mirror are preserved with narrower qualification scope.,SAME-LINE STATIC SOURCE AUDIT,Finite band-limited Bargmann–Fock numerical field and H0 elder-rule pairing instrument,Source review only; no production field executed,Per-field grid normalization unchanged,Torus coordinates; same finite field object,Not independent. GP same-line audit; CL/AO48/CW review requested.,P1.2 production readiness; endpoint incidence; critical-census replay; future short-bar fits; source qualification,Theorem B; Q0_MASTER; active q machine; four-connectivity correction; seven easy-closure candidates; GP-AUTO-034 state,NONE,"Adds proposed certified-event, solver-status, pointwise matching, perturbation, monotonicity, and nondegeneracy gates plus negative controls.",,False endpoint resolution and count-preserving census substitution.,Byte-exact preimage remains absent; static audit unexecuted; additional solver/offset/degeneracy failure modes now explicit.,NC-F1; NC-F2; NC-F3a-c; branch-offset replay; saddle-location replay; degenerate-Hessian fixture; future production V1-V5 receipts.,Removed the assumption that tolerance replay and type-count replay alone certify branch and census identity.,Exact prevalence of failures; repaired-source behavior; outside execution; production performance; completeness beyond numerical replay.,"No human decision is needed to retain the audit. Dylan approval remains required before any production output changes closure, promotion, publication, or active machine state.","Clear only after amended byte-exact source, source-hash match, decisive negative-control receipts, non-author review, and at least one production field passing amended gates.",NUMERICAL_PAIRING_QUALIFICATION_DEFECT,Fail production closed; preserve source and self-test provenance; require amendment and outside review.,Future pairing instruments must distinguish event arrival from Newton attraction and count replay from critical-set identity replay.,No downstream mathematical contamination because no production field or exponent was accepted. Existing a_hat≈0.57 remains cannot-verify.,GP-DATA-054 instrument and future P1.2 numerical diagnostics only.,QUARANTINED FOR PRODUCTION QUALIFICATION — SOURCE REVIEW MAY CONTINUE,GOA-P12-003,FAIL-CLOSED / AMENDMENT AND OUTSIDE EXECUTION REQUIRED
TR-P12-005,2026-07-21T18:40:00Z,SOURCE_PUBLICATION_AND_QUALIFICATION_REQUEST,TRUE,GP_DATA_054_BYTE_EXACT_SOURCE_PUBLICATION,"GP-DATA-054 had a complete review mirror and frozen SHA-256, but no Drive-native path had been verified to reconstruct the exact executable bytes; outside execution remained blocked.","A Drive-native Base64 capsule now reconstructs the exact 30,606-byte source byte-for-byte under a fresh Drive export. GP-AUD-057 records the failed first decode, one-character corruption diagnosis, correction, and final pass; GP-REQ-056 issues outside-lineage qualification tasks.","A review mirror is not byte authority. Exact executable qualification requires a Drive-reconstructable byte source, strict decode and hash verification, and an independence disclosure. Source identity does not establish source correctness or production qualification.",EV-P12-HARDENED-CAPSULE; EV-P12-HARDENED-CAPSULE-VERIFY; EV-P12-HARDENED-REVIEW-REQUEST,The practical Drive-source-publication blocker and prior empty/native-file warnings are superseded only for reproducible byte reconstruction; TR-P12-004 and GP-AUD-056 production-qualification defects remain active.,REVERSIBLE SOURCE CAPSULE; EXECUTABLE HASH RECEIPT; OUTSIDE REVIEW REQUEST,Instrument source identity only; no probability-law or mathematical claim.,Source publication and qualification preparation; no production field and no fit.,"RFC 4648 Base64; whitespace ignored; exact decoded size 30,606 bytes; SHA-256 fixed.","Not applicable to source publication; all scientific coordinate, field, and pairing objects remain unchanged.","Same-line exact reconstruction pass with a documented failed first decode. Outside-lineage decode, source audit, amended-control review, and execution remain pending.",GP-DATA-054 source qualification; P1.2 review pipeline; production-readiness provenance controls; independent reviewer access.,P1.2 status; a_hat; Theorem B; Q0_MASTER; active q machine; TR-P12-004 blockers; scientific canon.,NONE.,"Added a byte-preserving Drive publication capsule, adversarial reconstruction receipt, and structured multi-reviewer qualification request.",,"Google Docs normalization, raw-upload failure, silent source corruption, chunk-boundary corruption, cached exports, and summary-only review.","Capsule payload corruption, stale export, reviewer failure to verify the hash, or reviewers reading conclusion-bearing summaries before a designated blind audit.","Fresh cache-busted Drive export; strict Base64 validation; 40,808 payload characters; 30,606 decoded bytes; exact SHA-256; direct byte comparison; outside re-decode requested.",The exact frozen GP-DATA-054 executable can now be reconstructed from Drive alone and verified without trusting the Google Docs review mirror or a local source file.,Outside independent decode; source and object audit; GP-AUD-056 amendments; independent 13/13 reproduction; one full amended production field; inference review.,"No decision is needed to permit review. Dylan approval remains required before any production result changes status, closure, promotion, publication, or an active machine.","Reopen on any fresh-export decode failure, marker loss, decoded size mismatch, SHA-256 mismatch, direct-byte mismatch, or independent reconstruction disagreement.",EXECUTABLE_SOURCE_PUBLICATION_AND_PROVENANCE,Drive-native reversible Base64 capsule plus exact reconstruction receipt plus outside-lineage qualification protocol.,"Future executable artifacts require a native raw file or reversible byte-preserving publication, exact hash reconstruction, and independent-source disclosure before qualification.",No mathematical contamination occurred: no production output or theorem status changed. Source identity is separated from instrument correctness and scientific validity.,None directly; future exact-field P1.2 numerical instrument qualification only.,SOURCE PUBLICATION PASS; INSTRUMENT REMAINS QUARANTINED BY TR-P12-004 / GP-AUD-056.,GOA-P12-004,PASS-SOURCE-PUBLICATION / OUTSIDE-QUALIFICATION-PENDING
TR-P12-007,2026-07-21T19:00:00Z,CURRENT_SOURCE_ADVERSARIAL_QUALIFICATION,TRUE,EXACT_FIELD_PAIRING_INSTRUMENT_GP_DATA_054_CURRENT_7F_SOURCE,TR-P12-005: current source reconstructability passed; GP-AUD-056 static qualification blockers remained; outside review pending.,"Current source SHA 7f061dd7…4c22 compiles and passes 13/13 frozen self-tests, but direct NC-F1, NC-F2, and NC-F5 execution confirms three material qualification defects. Instrument remains quarantined for production.","Source identity and instrument qualification are separate gates. A complete legacy self-test pass cannot override directly observed fail-open endpoint acceptance, count-only census replay, or degenerate-point retention.",EV-P12-GP-AUDIT-059; EV-P12-GP-DATA-060,The stale dbff current-source conclusion is superseded only for current source identity; its export/cache incident provenance and historical defect execution are preserved. No primary evidence is deleted.,SAME-LINE CURRENT-SOURCE RECONSTRUCTION AND ADVERSARIAL EXECUTION,Finite band-limited Bargmann–Fock numerical field and H0 elder-rule pairing instrument,Current exact source and test execution; no production field,Per-field grid normalization unchanged,Torus coordinates; exact current 7f source,Not independent. CL/AO48/CW outside-line amendment and execution required.,Frozen test sufficiency; V3/V4/V5; endpoint incidence; critical-census identity; future P1.2 production readiness,Current source identity pass; GP-PRE-053; Theorem B; Q0_MASTER; q machine; mathematical canon; easy closures; GP-AUTO-034,NONE,Adds revision-qualified receipts and binds all execution claims to exact source SHA.,GP-AUD-061; source SHA 7f061dd7…4c22,Legacy tests omitted decisive failure paths; mutable/cached source exports briefly created contradictory byte conclusions.,F3/F4 direct controls remain; outside reviewer may identify more defects; amended source behavior unknown.,NC-F1; NC-F2; NC-F3a–c; NC-F5; offset/saddle perturbation; monotonicity; outside exact-source execution; first amended production field.,Removed uncertainty over current capsule hash and whether F1/F2/F5 survive on the canonical source.,Exact repair implementation; F3/F4 outcomes; production prevalence; analytic completeness; outside agreement.,"No human decision required to retain evidence. Dylan approval remains required before production results alter status, closure, promotion, publication, machine state, or deletion.","Clear only after amended source passes expanded battery, outside line reproduces exact-source controls, and at least one production field passes all amended gates.",TEST_BATTERY_INSUFFICIENCY_AND_FAIL_OPEN_NUMERICAL_GATES,Keep production quarantine; amend source and test battery; require outside execution.,"Future source receipts bind Drive ID, revision state, decoded bytes, hash, and runtime; failure-path controls are mandatory.",No downstream mathematical contamination because no production output was accepted. a_hat≈0.57 remains cannot-verify.,GP-DATA-054 and future P1.2 numerical diagnostics only.,SOURCE PASS / INSTRUMENT QUARANTINED — DEFECTS CONFIRMED,GOA-P12-005,PASS-SOURCE / FAIL-QUALIFICATION / OUTSIDE REVIEW OPEN
TR-EC014-001,2026-07-21T19:20:00Z,EASY_CLOSURE_DISTANCE_REDUCTION,TRUE,CORRECTED_SIX_PIN_PAIR_FRAME_EC014,"Exact determinant and power statements existed in summaries, but the cited checker and complete 6x6 matrix receipt were missing.","Authoritative corrected frame located; complete GP reconstruction, determinant, density, pinned mark, mutation, and scope boundary visible. Two distinct non-GP review responses remain.",The finite-r corrected frame is the symmetric sum/difference frame with Hermite-corrected value difference; under the declared ordering det T_r=-r^-5 and |det T_r|=r^-5.,EV-EC014-GP-RECON,No source or objection removed; missing-checker provenance retained; GP reconstruction does not replace required non-GP review.,SAME-LINE EXACT RECONSTRUCTION,Six-pin finite-r pair-frame Jacobian and algebraic contact-power ledger,r>0 finite pair separation; no limiting contact claim,Symmetric average/difference normalization with Vcorr denominator r^3,"Longitudinal t and transverse s frame; declared x_m,x_s orientation",GP exact reconstruction only; CL/AO48/CW two-line gate open.,EC-014 matrix chain of custody; density Jacobian; power ledger; review routing,z_r positivity/convergence; adjacency; contact limit; lifetime coefficient; P0.2; Theorem B; machines,NONE,"Adds typed object definition, source-to-reconstruction links, and explicit excluded-scope guard.",,Missing companion checker and possibility of silently using uncorrected value difference.,Reviewers may inherit GP matrix rather than independently reconstruct; row/orientation sign conventions can be conflated.,Independent all-entry comparison; hand determinant; mutation M1; density check; explicit scope inspection.,"Exact authoritative frame formula, matrix entries, determinant sign/power, density convention, and algebraic power cancellation are now explicit on GP line.",Non-GP reconstruction agreement; second-line scope agreement; human terminal approval.,Dylan approval only after two explicit non-GP lines satisfy the technical gate.,"Reopen on any matrix-entry disagreement, alternative authoritative ordering, determinant mismatch, mutation failure, or scope objection.",CHAIN_OF_CUSTODY_GAP_REDUCED_NOT_CLOSED,Keep EC-014 active; route exact candidate to two non-GP reviewers.,"Future compact determinant claims must include the full transformation and ordering, not only a scalar result.","No downstream contamination: no closure, contact limit, theorem, or machine status changed.",Corrected six-pin pair-frame object only.,ACTIVE — TWO-LINE REVIEW OPEN,GOA-EC014-001,PASS-GP-RECONSTRUCTION / NOT-CLOSURE-READY
TR-P12-007,2026-07-21T19:00:00Z,COMPUTATIONAL_INSTRUMENT_AMENDMENT_RESPONSE,TRUE,EXACT_FIELD_PAIRING_INSTRUMENT_GP_DATA_054_V1_1,"GP-DATA-054-v1.0 passed 13 author-side controls but failed GP-AUD-056 on uncertified endpoint acceptance, shared failure stability, count-only census replay, absent perturbation replay, and missing explicit final nondegeneracy.","GP-DATA-054-v1.1 implements all five amendment families, compiles, and passes 21/21 author-side controls. No production field, independent source execution, or mathematical result exists.","No field or aggregate fit is claim-eligible unless V0–V7 pass: full mode, torus Euler identity, finite-bar count, certified endpoint resolution, tolerance/offset endpoint stability, one-to-one critical identity replay, endpoint-incidence replay, and final nondegeneracy.",EV-P12-V11-CORRECTION; EV-P12-V11-SOURCE-IDENTITY; EV-P12-V11-SELFTEST; EV-P12-V11-REVIEW-REQUEST,GP-DATA-054-v1.0 as current qualification target; the 13-control battery as sufficient; any clearance of GP-AUD-056 without outside execution.,SOURCE AMENDMENT; AUTHOR EXECUTION RECEIPT; OUTSIDE QUALIFICATION REQUEST,"Finite band-limited numerical Bargmann–Fock field on the torus; instrument status only, not an analytic law.",Author fixtures and analytic controls only; no full Bargmann–Fock production field.,"Per-field normalization, source hash, environment, seed, event, trajectory, census, endpoint, gate, and fit-eligibility receipts.",One exact TrigonometricField object for critical evaluation and adaptive trajectories; explicit torus identity matching and replay coordinates.,"Author-side amendment and 21/21 execution; GP-AUD-056 provides independent defect basis. Outside v1.1 source reconstruction, audit, and execution remain pending.",P1.2 pairing instrument; endpoint certification; census identities; replay incidence; perturbation stability; final nondegeneracy; independent qualification request.,P1.2 mathematical status; historical a_hat≈0.57; four-connectivity correction; Theorem B; Q0_MASTER; active q machine; scientific canon.,No mathematical claim changed. Only the proposed numerical instrument and its control battery changed.,"Converted five independent audit findings into explicit source logic, V0–V7 gates, detailed receipts, and controls ST8 and ST13–ST21.",,Uncertified terminal-state snapping; shared unresolved failure; identity-free replay; endpoint-incidence drift; offset sensitivity; near-degenerate criticals; quick-mode status laundering.,The author fixtures may share hidden assumptions; identity tolerances may be wrong; exact-source Drive publication is not yet independently verified; runtime and full-field behavior remain unknown.,21 named controls; Python syntax; exact SHA-256; independent decode and execution request; future V0–V7 production receipts; planted negative controls.,Every concrete GP-AUD-056 source finding now has an implemented control and a named failing fixture.,Verified Drive-hosted exact v1.1 executable; outside 21/21 execution; independent source/object audit; one frozen full field; endpoint/census tolerance review; inference review.,"No human decision is required to preserve or review this candidate. Dylan approval is required before production output changes status, closure, promotion, or publication.","Reopen or reject on source-hash mismatch, any independent control failure, V0–V7 production failure, endpoint/census identity instability, or a new object mismatch.",NUMERICAL_PAIRING_INSTRUMENT_AUDIT_RESPONSE,"Preserve GP-AUD-056 and v1.0; file additive v1.1 correction, 21-control receipt, and amended outside-review protocol.","Independent audits must produce executable amendments, negative controls, exact source identities, and new transitions before production qualification.",No downstream mathematical contamination: no production bars or exponent were emitted. Author-side 21/21 cannot be summarized as scientific evidence.,GP-DATA-054 numerical instrument and future P1.2 production diagnostics only.,QUARANTINED — AUTHOR AMENDMENT PASS / DRIVE BYTE PUBLICATION AND OUTSIDE QUALIFICATION PENDING.,GOA-P12-005,PASS-AUTHOR-AMENDMENT / OUTSIDE-QUALIFICATION-PENDING
TR-P12-008,2026-07-21T19:15:00Z,AMENDED_SOURCE_PUBLICATION_GATE_FAILURE,TRUE,EXACT_FIELD_PAIRING_INSTRUMENT_GP_DATA_054_V1_1,"GP-COR-058 and GP-AUD-059 claim an amended 51,213-byte source with 21/21 author controls and an associated Drive capsule.","Amendment remains an author-side repair candidate. The Drive capsule is FAILED STAGING and cannot reconstruct the claimed bytes; independent source audit, test execution, and production remain blocked.",A test receipt cannot qualify an executable whose claimed exact source is not independently reconstructable from the cited publication object.,Failed staging capsule 1Hur9mCBvTtaMN4jHEP94cB5t_E2YcHtS9xKo7WZK1cQ; GP-COR-058; GP-AUD-059 author receipt,"Nothing removed. Amendment text, author receipt, failed staging bytes, earlier v1.0 source, audits, and negative controls remain distinct provenance objects.",SOURCE PUBLICATION FAILURE / AUTHOR RECEIPT ONLY,Finite numerical pairing instrument; no mathematical probability-law claim,Source publication and author self-test stage only; no production field,Unchanged,Unchanged,No independent review possible until complete source publication. Author 21/21 receipt is LOW independence.,GP-DATA-054-v1.1 source identity; amended control qualification; P1.2 production readiness,Current v1.0 source/audits; theorem state; Q0_MASTER; q machine; easy closures; GP-AUTO-034,NONE,Requires a complete reversible source capsule or raw file before outside review.,,Summary/test-receipt promotion without executable source identity,The unpublished author source may differ from the failed capsule; the 21 tests cannot be independently examined or rerun.,BEGIN/END marker check; payload-length check; strict Base64 decode; byte count; SHA-256; compile; 21-control rerun.,Established that the currently cited Drive capsule is unusable and cannot support independent qualification.,Complete amended bytes; correctness of repairs; outside agreement; production behavior.,"No human decision required to retain failure. Dylan approval remains required before any production result, closure, promotion, publication, machine replacement, or destructive action.","Clear only after a fresh Drive publication reconstructs exactly 51,213 bytes at the declared hash and a non-author line reproduces the source and test receipt.",EXECUTABLE_SOURCE_PUBLICATION_FAILURE,Fail qualification closed; preserve author receipt as internal evidence; republish exact source.,Future source capsules must verify marker completeness and decoded payload before issuing a pass receipt.,"No downstream mathematical contamination because no production output, exponent, theorem, or machine state was accepted.",GP-DATA-054-v1.1 numerical instrument only.,QUARANTINED — FAILED STAGING / SOURCE ABSENT,GOA-P12-006,FAIL-SOURCE-PUBLICATION / AUTHOR-TEST-ONLY / OUTSIDE-REVIEW-BLOCKED
TR-P12-009,2026-07-21T19:30:00Z,AMENDED_SOURCE_PUBLICATION_FAILURE,TRUE,GP_DATA_054_V11_PAIRING_INSTRUMENT,v1.1 amendment prose and 21/21 author receipt filed; outside qualification pending.,"v1.1 remains quarantined before source review: the announced exact capsule is empty and the failed staging fragment is incomplete. Author receipt is retained; exact-source reconstruction, 21-control rerun, audit, and production cannot begin.",A source amendment is not technically inspectable until the complete declared bytes are publication-ready. Author PASS rows do not substitute for source bytes.,EV-P12-GP-AUDIT-063,"Nothing removed. Amendment prose, 21/21 receipt, empty capsule, failed fragment, v1.0 source, audits, and ID-collision records all remain.",SAME-LINE DIRECT DRIVE PUBLICATION AUDIT,Exact-field pairing source v1.1 and qualification workflow,Source-publication stage; no production field,Unchanged,Source bytes unavailable,Not independent; outside line cannot yet execute.,v1.1 qualification; HB-011; source lineage; future production eligibility,v1.0 historical receipts; mathematics; easy closures; ballots; machines; deletion safeguards,NONE,"Adds source-publication-ready definition, typed blocker edges, and immutable-source repair requirement.",,Empty announced capsule and incomplete failed staging tail.,A replacement capsule could be mutated in place unless revision-qualified receipts are enforced.,Fresh-download byte count/hash; runtime source hash; independent 21 controls; source logic audit; frozen full field.,Uncertainty over whether current Drive contains the complete v1.1 source: it does not.,Whether claimed local source exists unchanged; whether 21 controls reproduce; whether repairs are correct; production behavior.,No human approval required to retain blocker. No production or status promotion until gates pass.,Clear only when a complete immutable source object reconstructs to declared bytes/hash and a non-author line executes the battery.,SOURCE_PUBLICATION_AND_CHAIN_OF_CUSTODY_FAILURE,Republish source; retain quarantine; route outside review only after reconstruction pass.,Never announce byte-exact publication success before a fresh connector-side reconstruction verifies the uploaded object.,No mathematical contamination because no v1.1 production output was accepted.,GP-DATA-054-v1.1 source and qualification only.,QUARANTINED — SOURCE UNAVAILABLE,GOA-P12-006,FAIL-SOURCE-PUBLICATION / AUTHOR-RECEIPT-PRESERVED
TR-P02-002,2026-07-21T19:55:00Z,MATHEMATICAL_CERTIFICATE_UPGRADE_AND_EVIDENCE_LINEAGE_INCIDENT,TRUE,ADJACENCY_TO_ONE_CUBIC_TYPED_MS,CL-AUD-044 supplied floating-point/grid T-B/T-C/T-E checks on 864 frozen configurations; the branch convention still needed an exact citable source; cited independent receipt GP-AUD-039 was empty.,Exact-rational continuous-domain T-B/T-C/T-E certification now passes 864/864 on the identical frozen plan; GP-PROT-065 freezes the selected-branch convention; the missing independent six-pin reconstruction is marked CANNOT-VERIFY and routed through GP-REQ-069.,A stronger deterministic certificate does not create independent theorem review. Empty artifacts cannot satisfy evidence-lineage or independence gates. The exact finite-r six-pin law requires a non-GP reconstruction and different-line audit before that dependency is treated as independently verified.,EV-P02-INTERVAL-068; EV-P02-BRANCH-065; EV-P02-RECON-REQ-069,Finite-grid-only certification for T-B/T-C/T-E is superseded by the exact-rational checker on the frozen plan; GP-AUD-039 is removed from the independent-evidence count but preserved as an empty incident artifact.,EXACT-RATIONAL EXECUTABLE RECEIPT; FROZEN OBJECT-DEFINITION PROTOCOL; INDEPENDENT RECONSTRUCTION REQUEST,Exact normalized-periodized side-24 Bargmann-Fock determinant-weighted typed six-pin maximum-saddle pair-Palm law P_r^MS; exact branch-specific adjacency event A_r.,Fixed b=6/5 and sufficiently small finite r; deterministic degree-four certificate evaluated on the frozen CL 864-configuration adversarial plan.,s=q/r; exact midpoint jets; determinant weighting normalized by Z_r; CL float64 fixtures interpreted as exact IEEE-754 rational values for the certificate audit.,"Physical torus coordinates with normalized local (X,Y) frame; selected unstable eigenvector satisfies e_u dot (M-S)>0, equivalent to negative X component in the frozen orientation.","GP-AUD-068 is author-line/same-line evidence with LOW theorem independence; CL rerun, AO48 derivation-blind review, and CW/C047R exact-law replay remain open. GP-REQ-069 explicitly requires non-GP reconstruction.",P0.2 V3 deterministic certificate gate; V4 dependency crosswalk; six-pin finite-r law evidence lineage; selected-branch object definition.,Theorem B; Q0_MASTER; q0_machine.json; q0_verify.py; scientific canon; eight approval-ready easy closures; EC-014 two-line review gate.,No theorem formula or probability law changed. The deterministic T-B/T-C/T-E evidence was strengthened from sampled floating checks to exact-rational continuous inequalities on the declared frozen fixtures.,"Registered the exact-rational source/receipt, explicit low-independence disclosure, frozen branch convention, empty-receipt incident, non-GP reconstruction gate, and newer P0.2 navigation routing.",,Finite grids or sampled boundaries could be mistaken for continuous proof; an empty receipt could be counted as independent evidence; branch orientation could remain implicit or frame-dependent.,"Independent reviewers may import GP conclusions rather than reconstruct; exact-rational success on frozen fixtures may be overextended to T-D, T-F, exact-field replay, Gaussian/Palm closure, or the full P0.2 theorem.",Frozen source SHA check; exact rational T-B/T-C/T-E inequalities; 864/864 receipt; negative controls triggering 576/18/549 cases; file-content audit of GP-AUD-039; coordinate-free branch protocol; non-GP source-and-receipt reconstruction gate.,Continuous T-B/T-C/T-E certification on the frozen CL plan and the exact GP branch-selection convention no longer require repeated ambiguity or grid-only checking.,"V1 derivation-blind deterministic reconstruction; V2 GT5/DM2 audit; V3 non-GP rerun, T-D cone, T-F/exact-law replay; V4 non-GP six-pin reconstruction and outside branch-convention audit; full theorem-grade review.",No human decision now. Dylan approval is required only after V1-V5 and the exact object/independence gates are complete.,"Reopen on any hash mismatch, exact-rational discrepancy, negative-control failure, branch-definition objection, non-GP reconstruction disagreement, object mismatch, or exact-law counterexample satisfying the registered certificate hypotheses.",EVIDENCE_LINEAGE_AND_CONTINUOUS_DOMAIN_CERTIFICATION,"Filed GP-AUD-068, GP-PROT-065, GP-REQ-069, and GP-NAV-070; requested CL rerun, AO48 derivation-blind review, and CW/C047R exact-law replay; preserved P0.2 as OPEN.",Future certificate claims must distinguish sampled checks from continuous inequalities; independent receipts must be nonempty and lineage-disclosed; author-line repairs cannot self-create independence; branch conventions must be explicit and coordinate-linked.,"No downstream mathematical contamination identified. No theorem, machine root, canonical source, or release status was promoted; the candidate remains quarantined.",ADJACENCY_TO_ONE_CUBIC_TYPED_MS; P0.2 V3/V4 gates; exact finite-r six-pin law dependency; selected-branch adjacency object.,CANDIDATE — P0.2 OPEN; EXACT-RATIONAL CERTIFICATE PASS; NON-GP RECONSTRUCTION AND FULL REVIEW REQUIRED.,GOA-P02-001,PASS-CERTIFICATE-UPGRADE / INDEPENDENT-REVIEW-BLOCKERS-OPEN
TR-P02-003,2026-07-21T20:20:00Z,MATHEMATICAL_V2_GT5_DM2_ADVANCE,TRUE,ADJACENCY_TO_ONE_CUBIC_TYPED_MS,V2 required an independent structural audit of the conditioned fifth-derivative tail and a symbolic finite-r proof of the determinant-weight second-moment scaling E[W_r^2]=O(r^4).,"CL-AUD-047 found no structural GT5 defect, identified explicit sigma5^2=945 and L6^2=11340, and computationally corroborated the DM2 limit. GP-DER-071 now proves the exact finite-r r^4 factorization, uniform eighth-moment domination, exact-torus limiting constant, and planar closed form 30.5469700802916329... at b=6/5.",Record CL and GP as separate but dependency-aware lineages. Their agreement advances V2 but does not create derivation-blind theorem independence. Outside-lineage line-by-line review and optional exact-torus interval enclosures remain explicit gates.,EV-P02-CL-V2-047; EV-P02-DM2-071,Monte-Carlo-only classification of DM2 is superseded by an exact symbolic finite-r proof; prior GT5 open status is narrowed to outside-lineage review rather than an unidentified structural defect.,INDEPENDENT STRUCTURAL/COMPUTATIONAL AUDIT; EXACT SYMBOLIC DERIVATION,Exact normalized-periodized side-24 determinant-weighted typed six-pin maximum-saddle pair-Palm law and its conditioned fifth-derivative residual process.,Fixed b=6/5; sufficiently small finite r; fixed compact normalized chart D for GT5.,Exact six endpoint value/gradient pins; exact finite-r nine-jet Gaussian family; determinant weight W_r under typed pair-Palm normalization.,"Physical torus coordinates and normalized midpoint-jet frame; exact-torus Q_L distinguished from planar Q~N(-b,2).",CL audit is outside the GP author line but source-dependent and partial; GP-DER-071 is author-line. Neither is counted as a derivation-blind full theorem reconstruction.,P0.2 V2 GT5/DM2 gate; Palm transfer of high-derivative tails; determinant-weight moment layer.,V1 deterministic reconstruction; V3 exact-law replay; V4 object crosswalk; Theorem B; active machine and canon.,The DM2 layer changes from computational corroboration plus stated premise to an exact finite-r proof with a declared nonoptimal uniform constant and exact limiting object.,"Registered CL audit and GP exact proof as separate evidence lineages, disclosed dependence and independence limits, narrowed V2 remaining work, and requested outside-lineage review rather than promotion.",,A numerical r^4 slope or planar decimal could be mistaken for the exact finite-r torus theorem; a structural audit could be mistaken for derivation-blind proof.,Both lines may share the same endpoint-Hessian and Gaussian-regularity assumptions. Exact-torus interval constants and an independent symbolic stack remain absent.,Exact determinant factorization; pointwise W_r^2<=16r^4R^8; uniform Gaussian eighth moments; dominated convergence; truncated-normal fourth-moment formula; CL Monte Carlo and constant checks.,The symbolic r^4 moment premise and planar limiting fourth-moment value are no longer unresolved on the author line.,Outside-lineage line-by-line audit of GP-DER-046 and GP-DER-071; exact-torus interval enclosures if required; confirmation that every dependency uses the identical six-pin object.,No human decision now. Dylan approval remains blocked until V1-V5 and independence/object gates are complete.,"Reopen on any endpoint-Hessian convention mismatch, failure of uniform eighth moments, positive-mass type-boundary discontinuity, lower-than-r^4 term, exact-torus degeneracy, or outside-lineage symbolic disagreement.",DEPENDENCY_AWARE_PARTIAL_INDEPENDENCE,"Filed GP-DER-071; answered CL-AUD-047; requested CL algebra audit, AO48 outside-lineage V2 review, CW/C047R second symbolic stack, and interval-enclosure help requests.","Future V2 claims must distinguish exact-torus from planar constants, computational corroboration from symbolic proof, and source-dependent outside-model audit from derivation-blind independence.","No downstream contamination identified. P0.2 remains OPEN; no theorem, machine root, canonical source, or release status changed.",ADJACENCY_TO_ONE_CUBIC_TYPED_MS; P0.2 V2; GT5; DM2; typed Palm high-derivative tail transfer.,CANDIDATE — V2 SUBSTANTIALLY ADVANCED / OUTSIDE-LINEAGE REVIEW OPEN,GOA-P02-001,PASS-SYMBOLIC-DM2 / PARTIAL-GT5-AUDIT / FULL-INDEPENDENCE-OPEN
TR-P02-010,2026-07-21T20:30:00Z,DETERMINISTIC_COMPONENT_CERTIFICATE_ADVANCE,TRUE,P02_TD_FROZEN_SCHEDULE_CERTIFICATE,"P0.2 V3 had frozen-schedule component passes for T-B/T-C/T-E, while T-D cone certification, outside rerun, and T-F exact-law replay remained open.",T-D now passes on all 864 frozen configurations through exact Drive-reconstructable source with six controls. V3 remains open on outside rerun and T-F/exact-law replay; P0.2 remains candidate and noncanonical.,"For the exact frozen CL sample schedule, the fixed-coordinate cone inequalities, saddle type, unstable-slope inclusion, and section handoff are strictly certified with positive margins. This is not a uniform all-jet theorem.",EV-P02-GP-DATA-072; EV-P02-GP-AUD-073,Nothing removed. Two failed capsule attempts are preserved and explicitly disqualified; GP-DATA-066 and all earlier receipts remain.,SAME-LINE BYTE-EXACT SOURCE RECONSTRUCTION AND OUTWARD-ROUNDED EXECUTION,P0.2 typed maximum–saddle deterministic capture component,Frozen 96×3×3 schedule; degree-four local field; continuous spatial boxes and scalar cone bounds,"GP-DER-047 constants K=4096, epsilon0, adaptive R/W/sigma/rho/kappa geometry",Normalized midpoint chart with longitudinal X and transverse Y; saddle local xi=1/2-X,Low independence: GP same-line implementation and execution. CL/AO48/CW outside rerun requested.,P0.2 V3 deterministic certificate tracker; T-D gate; source-publication lineage; HB-015,V1 blind proof reconstruction; V2 GT5/DM2 outside review; T-F/exact-law replay; Gaussian/Palm; EC-013/014; ballots; machines,NONE,"Adds a versioned byte-exact source capsule, explicit T-D gate fields, two cone negative controls, and failed-staging lineage.",,Finite-grid or partial-certificate success being laundered into complete deterministic capture or theorem status.,Frozen sample schedule may miss admissible jets; T-F dynamics and exact-law objects remain untested; same-line fixtures may share assumptions.,Fresh connector reconstruction; gzip/source hashes; 864-case execution; six controls; positive T-D margins; future outside rerun and T-F.,Removed uncertainty over source reconstructability and T-D behavior on the frozen schedule.,Uniform all-jet cone proof by independent route; exact trajectory replay; exact-law sample generation; outside execution; theorem dependency closure.,No human decision required to retain the component pass. Dylan approval is still required only after all theorem and governance gates are satisfied.,"Reopen on any source-hash mismatch, independent rerun disagreement, nonpositive interval margin, negative-control failure, T-F counterexample, or object mismatch.",COMPONENT_CERTIFICATE_NOT_THEOREM_PROOF,Advance V3 tracker narrowly; keep P0.2 open; prioritize outside rerun and T-F exact-law replay.,"Future deterministic certificate claims must identify which T-families, schedule, domains, source hash, controls, and independence class passed.","No mathematical-canon contamination: no theorem, root, machine state, pairing exponent, or external claim was promoted.",GP-DER-047 T-D component on the frozen adversarial schedule only.,ACTIVE COMPONENT PASS / P0.2 QUARANTINED FROM PROMOTION,GOA-P02-007,PASS-TD-FROZEN-SCHEDULE / OUTSIDE-TF-OPEN / NO-PROMOTION
TR-P02-011,2026-07-21T20:35:00Z,V1_DISCHARGE_RECONSTRUCTION_SCOPE_AND_EFFECTIVE_DOMAIN_RECONCILIATION,TRUE,ADJACENCY_TO_ONE_CUBIC_TYPED_MS,V1 remained open; the cited independent six-pin receipt was empty; GP-DER-047's effective certificate domain and the CL/GP strip-constant comparison were unresolved in live navigation.,CL-AUD-049 discharges V1 on the declared domain with a shared-definition-lineage caveat. CL-AUD-048 independently reproduces the finite-r tables to displayed precision. GP-AUD-073 confirms REG_r is inaccessible at all current rungs and resolves the strip constants as fixed-mu=1 versus optimized-mu event measurements.,Recognize the completed blind deterministic deliverable without extending it beyond its domain. Treat the six-pin reconstruction as a partial exactness pass. Bind promotion language to the ultra-small-r domain and route practical-rung V3 work to nonvacuous optimized-strip or joint strip/transit events.,EV-P02-CL-V1-049; EV-P02-CL-RECON-048; EV-P02-RECON-073,The empty GP-AUD-039 receipt remains excluded. No predecessor theorem or machine source is overwritten. Constant-conflict language is superseded by event-specific labels.,DERIVATION-BLIND RECONSTRUCTION; INDEPENDENT NUMERICAL RECONSTRUCTION; CROSS-MODEL SCOPE RECONCILIATION,Exact side-24 typed six-pin maximum-saddle object; deterministic GP-DER-047 capture certificate; fixed-mu and optimized-mu strip events.,V1 domain as frozen in CL-AUD-049; REG_r requires rR(U)^5<=epsilon0; current numerical rungs are 0.05 through 0.00625.,"Six endpoint pins at M,S; midpoint nine-jet law; selected branch convention; fixed-mu=1 C_1 and optimized C_*=min_mu C_mu treated as distinct events.",Normalized midpoint chart; exact-torus versus planar-image-truncated reconstruction explicitly distinguished.,CL V1 is derivation-blind to the GP proof but shares frozen definitions; CL six-pin code is independently authored but omits literal torus images and lacks a planted negative control; GP reconciliation is same-line audit.,"P0.2 V1, V3 practical replay target, V4 six-pin evidence identity, promotion-scope language.",V2 and concurrent T-D frozen-schedule pass; T-F/exact-law replay; exact-torus reconstruction residues; Theorem B and active canon.,"No theorem formula changed. The operational interpretation changes: V1 is complete on-domain, the GP-DER-047 certificate is ultra-small-r only, and the two strip constants are not estimators of one event.","Registered V1 completion, partial six-pin reconstruction, effective-domain alarm, event-specific constant labels, and practical-rung V3 redirection.",,On-domain proof being misrepresented as practical-rung certification; displayed-precision planar reconstruction being called literal exact-torus evidence; different strip events being averaged.,Shared frozen definitions may hide a common transcription error; omitted torus images and absent mutation leave the exact-torus gate incomplete; fixed-mu driver is not yet separately frozen.,"CL blind derivation and 4,800 checks; CL source hash and independent GP rerun; analytic REG_r emptiness at current rungs; exact event inclusion B_* subset B_1.","V1 proof-route uncertainty, displayed-table reproduction uncertainty, and the apparent strip-constant conflict are removed.","Exact-torus image enclosure, planted mutation, different-line source audit, frozen fixed-mu driver, practical-rung optimized/joint V3 replay, and T-F exact-law dynamics.",No human decision now. Dylan approval remains blocked on the full P0.2 gate set.,"Reopen on a blind-derivation contradiction, source-hash/output mismatch, material torus-image correction, mutation failure, effective-domain counterexample, or event-definition disagreement.",DOMAIN_AND_EVENT_SCOPE_CORRECTION,Preserve V1 completion; quarantine practical-rung extrapolation; request CL driver freeze and exact-torus mutation; request AO48/CW review and nonvacuous V3 replay.,"Future P0.2 claims must display the effective domain, identify fixed versus optimized mu, and distinguish displayed-precision reconstruction from exact-torus certification.","No downstream canon contamination identified; no theorem, machine root, or release status changed.",P0.2 V1/V3/V4; exact finite-r six-pin reconstruction; REG_r effective domain; strip event constants.,V1 DISCHARGED / V4 PARTIAL PASS / PRACTICAL-RUNG REDIRECTION / P0.2 OPEN,GOA-P02-001,PASS-V1 / PARTIAL-RECON / DOMAIN-WARNING-BINDING / NO-PROMOTION
TR-P02-011,2026-07-21T20:35:00Z,INDEPENDENT_RECONSTRUCTION_GATE_DISCHARGE,TRUE,P02_V1_DETERMINISTIC_RECONSTRUCTION,Stage V1 was open because all prior deterministic executions had GP-DER-047’s proof route visible.,CL-AUD-049 independently reconstructs the full deterministic chain without opening the proof text. V1 is discharged with a shared-definition-lineage caveat; P0.2 remains open.,"All deterministic certificate inequalities and composition are derivable on the declared REG_r domain from the frozen definitions. This does not establish domain adequacy, Gaussian/Palm inputs, or theorem status.",EV-P02-CL-AUD-049; EV-P02-GP-RSP-077,The V1 open-task state is retired. Optional AO48 from-source strengthening remains but is not a current partition blocker.,DERIVATION-BLIND ANALYTIC RECONSTRUCTION WITH DISCLOSED SHARED-DEFINITION LINEAGE,P0.2 deterministic capture inequalities and gluing chain,Declared REG_r and C_cap hypothesis domain only,"GP-DER-047 frozen K, epsilon0, R/W/sigma/rho/kappa definitions",Normalized midpoint X/Y chart and saddle/sink local coordinates,Strong dependent outside-GP proof-route review; shared CL definition fixture disclosed.,P0.2 Stage V1 tracker; deterministic falsifier conditions 2–5; Help Board,"V2, V3, V4 exact-torus residues, practical-domain reach, theorem promotion, machines, easy closures",NONE,Marks V1 complete and binds the lineage caveat to every reuse.,,False independence from inherited definitions and blind-proof success being presented as full theorem verification.,Possible transcription error in shared definitions; domain adequacy and imported Gaussian layers remain separate.,"Independent symbolic differentiation; worst-case inequalities; 4,800-point corroboration; separate CL-AUD-044 sample test.",Whether the deterministic claims can be independently derived without reading GP’s proof text.,From-source organizational blind pass; all nondeterministic and object-identity gates.,No human decision required for component status. Promotion still requires all remaining gates and explicit human authority.,"Reopen on a definition mismatch, analytic inequality defect, counterexample on the declared domain, or independence-lineage correction.",COMPONENT_PROOF_RECONSTRUCTION_NOT_THEOREM_PROMOTION,Retire V1 active task; continue V2/V3/V4; display lineage caveat.,"Blind-review artifacts must identify whether proof text, definitions, fixtures, and organizational lineage were visible.",No downstream contamination; P0.2 remains candidate and no canonical claim changes.,GP-DER-047 deterministic inequality chain only.,V1 TERMINAL COMPONENT PASS / P0.2 OPEN,GOA-P02-008,PASS-V1-WITH-LINEAGE-CAVEAT / NO-PROMOTION
TR-P02-012,2026-07-21T20:35:00Z,EVIDENCE_REPLACEMENT_AND_SCOPE_CORRECTION,TRUE,P02_SIX_PIN_AND_EFFECTIVE_DOMAIN_RECONCILIATION,The cited independent six-pin receipt GP-AUD-039 was empty; certificate reach and fixed-versus-optimized strip constants were unresolved.,"CL-AUD-048 becomes the displayed-precision reconstruction receipt of record with GP support. Exact-torus/mutation/different-line gates remain. REG_r is bindingly ultra-small-r, and the constant discrepancy is closed as an event mismatch.",Displayed-precision six-pin reproduction is independently available. GP-DER-047 is valid only on r≤epsilon0/R^5 and is not an accessible-rung certificate. Fixed-mu and optimized-mu constants are distinct estimands.,EV-P02-CL-AUD-048; EV-P02-GP-RSP-077; GP-AUD-074,The missing displayed-precision receipt claim is superseded. GP-AUD-039 remains preserved and uncounted. No exact-torus gate is removed.,OUTSIDE-GP NUMERICAL RECONSTRUCTION PLUS CROSS-MODEL SCOPE ADJUDICATION,Exact finite-r six-pin numerical tables and P0.2 certificate regime,Four accessible numerical rungs for table reproduction; ultra-small-r only for REG_r/C_cap certificate,Confluent divided-difference frame; fixed-mu versus optimized-mu thresholds kept distinct,Midpoint six-pin coordinates and typed pair-Palm objects as separately crosswalked,CL outside-GP reconstruction; GP rerun/support; different-line exact-torus audit still open.,HB-014 evidence gap; V4 E1; V3 replay design; promotion scope; strip constant citations,P0.2 theorem status; exact-torus acceptance; V1/V2/T-F; active machines; unrelated closures,NONE,"Adds replacement-for-use edge, effective-domain definition, event-qualified estimand definition, and exact-torus residue guard.",,"Empty receipt citation, accessible-rung replay of a vacuous event, and constant comparison across different estimands.",Planar approximation may omit exact torus images; no planted mutation; different-line source audit absent.,Source hash/rerun; four-rung tables; analytic REG_r bound; event inclusion B_* subset B_1; future exact-torus enclosure and mutation.,"Independent displayed-precision availability, effective certificate regime, and source of the apparent constant discrepancy.",Literal exact-torus reconstruction; smallest parity digits; mutation response; different-line audit; practical-rung nonvacuous theorem route.,No human decision required for evidence replacement and scope correction. Promotion remains separately human-gated.,Reopen displayed-precision pass on source/table mismatch; reopen domain on changed definitions; reopen constant resolution if event formulas are shown identical.,EVIDENCE_AVAILABILITY_AND_ESTIMAND_IDENTITY,"Support CL-AUD-048 narrowly, preserve empty source, bind domain and event labels, continue stronger gates.","Every numerical constant must carry exact event, normalization, regime, source, and independence metadata.",No theorem contamination; the scope correction prevents accessible-rung or constant overclaiming.,Six-pin displayed tables; GP-DER-047 REG_r/C_cap; fixed/optimized strip diagnostics.,DISPLAYED-PRECISION GAP RETIRED / EXACT-TORUS AND THEOREM QUARANTINE ACTIVE,GOA-P02-009,PASS-PARTIAL / BINDING-SCOPE-CORRECTION / NO-PROMOTION
TR-EC014-002,2026-07-21T20:40:00Z,EASY_CLOSURE_TECHNICAL_GATE_ADVANCE,TRUE,CORRECTED_SIX_PIN_PAIR_FRAME_EC014,"GP exact reconstruction existed, but EC-014 required an independent non-GP reconstruction and a distinct scope inspection.",CL-DER-051 independently discharges reconstruction gates 1–4. EC-014 now has one remaining different-line scope gate before Dylan terminal approval.,"The declared pair frame has exact determinant -r^-5, density scaling r^-5, mutation sensitivity, and power cancellation 1/6 under the stated ordering.",EV-EC014-CL-051,No prior evidence removed; GP-DER-061 remains same-line corroboration; final scope gate remains.,OUTSIDE-GP EXACT RECONSTRUCTION,Finite-r corrected six-pin pair-frame linear map,r>0 exact algebraic transform only,Declared symmetric average/difference and r^-3 corrected value row,Longitudinal t / transverse s pair frame,Strong CL reconstruction; AO48/CW scope review pending.,EC-014 queue; matrix chain of custody; terminal-package readiness,Contact limit; adjacency; z_r; P0.2; Theorem B; machines; EC-013,NONE,Narrows queue to one explicit scope gate and routes it by exact checklist.,,Repeated same-line matrix checks and scope laundering from power bookkeeping.,A final reviewer may identify a scope or convention defect; human approval remains absent.,Exact matrix comparison; determinant derivation; two mutations; density check; explicit excluded-claim checklist.,Independent reconstructability of all algebraic content.,Different-line scope approval and Dylan terminal decision.,Dylan approval after gate 5 only.,"Reopen on any matrix, sign, density, mutation, or scope disagreement.",CHAIN_OF_CUSTODY_NEAR_CLOSURE,Prioritize final AO48/CW review; prepare terminal packet only after response.,Exact scalar identities should be closed separately from neighboring asymptotic or probabilistic claims.,No broader contamination; no theorem or machine status changed.,EC-014 exact pair-frame object only.,ONE GATE OPEN / NOT TERMINAL,GOA-EC014-002,PASS-GATES-1-4 / GATE5-OPEN
TR-P02-013,2026-07-22T00:00:00Z,EXACT_TORUS_RECONSTRUCTION_GATE1_AND_BRANCH_REVIEW_PASS,TRUE,P02_SIX_PIN_RECON_AND_E2,"V4 E1 had only displayed-precision independent reconstruction and retained exact-torus, mutation, and different-line residues; E2 branch convention had no completed non-GP verdict.","CL-DATA-052 supplies a literal exact-torus 200-digit reconstruction with byte-exact source/receipt, PD, exact coalesced match, and three controls; GP-AUD-082 reexecutes it with no published-field discrepancy. CL-RSP-053 gives AGREES on GP-PROT-065. E1 gate 2 and manuscript bridge remain open.",The exact finite-dimensional side-24 six-pin nine-jet component is reproducible across CL and GP environments and agrees with GP-DER-034/GP-DATA-036 at every published value. This is not the pair-Palm/configured-process theorem bridge.,EV-P02-CLDATA052-SOURCE; EV-P02-GPAUD082; CL-RSP-053,The prior displayed-precision-only limitation is superseded for the finite-dimensional reconstruction role. GP-AUD-039 remains preserved and uncounted.,BYTE-EXACT INDEPENDENT SOURCE; MACHINE RECEIPT; CROSS-LINE REEXECUTION; NON-GP DEFINITION REVIEW,Normalized periodized Bargmann–Fock field on side-24 torus; exact six-pin conditioned Gaussian law; branch event A_r under unconditioned typed pair-Palm law.,r=1/40 and 1/80 for the reconstructed finite-r law; exact coalesced r=0 comparison; branch definition all admissible nondegenerate pairs.,b=6/5; pins at M and S with gap r^3/6; ordered midpoint nine-jet vector; normalized periodized kernel.,Physical torus coordinates plus midpoint frame; branch orientation e_u·(M-S)>0.,CL reconstruction is outside GP and independently authored; GP post-freeze rerun is nonblind cross-line corroboration. AO48/CW gate-2 audit remains required.,P0.2 V4 E1 finite-dimensional evidence; V4 E2 branch definition; HB-014; empty-receipt repair.,P0.2 theorem; Palm/configured-process bridge; V3 trajectories; active machine; ballots; EC-013/014 terminal status.,NONE — no theorem formula or probability claim changed.,"Registers exact source hashes, rerun identity, negative controls, branch-review verdict, and remaining-gate separation.",,Empty or approximate reconstruction being counted as exact-torus evidence; branch definition remaining implicit; component evidence laundering into Palm theorem claims.,"A different-line source audit may find an object, shell, precision, or control defect; the configured-process bridge may still fail despite the finite-dimensional match.",Fresh hash checks; unmodified rerun; recursive receipt comparison; three mutations; published-value comparison; CL branch-convention crosswalk.,"Exact-torus reconstruction availability, source reproducibility, published-value agreement, and required non-GP E2 review.",AO48/CW gate-2 audit; manuscript pair-Palm to configured-pair bridge; V3 exact-law trajectories; full promotion package.,No human decision now. Dylan approval remains required only after all technical and promotion gates.,"Reopen on source/receipt hash mismatch, rerun disagreement, control failure, finite-r matrix discrepancy, branch-definition objection, or bridge mismatch.",EVIDENCE_LINEAGE_AND_OBJECT_BRIDGE,Retire displayed-only and E2-review tasks; preserve gate 2 and manuscript bridge as explicit separate tasks.,"Future citations must distinguish finite-dimensional Gaussian reconstruction, pair-Palm weighting, configured-process bridge, and adjacency event.","No downstream contamination; no theorem, machine, canonical source, release, deletion, or ballot state changed.",P0.2 V4 E1/E2; GP-REQ-069; GP-PROT-065; exact finite-r six-pin law.,COMPONENT PASS / P0.2 QUARANTINED FROM PROMOTION,,PASS-GATE1 / E2-AGREES / GATE2-AND-BRIDGE-OPEN / NO-PROMOTION
TR-P02-013,2026-07-21T21:10:00Z,EXACT_TORUS_SIX_PIN_RECONSTRUCTION_GATE_ADVANCE,TRUE,EXACT_FINITE_R_SIX_PIN_CONDITIONAL_LAW,"V4/E1 had displayed-precision independent tables but literal exact-torus images, high-precision parity means, planted controls, byte-exact source/receipt, and outside rerun were open.","CL-DATA-052 independently reconstructs the literal normalized-periodized side-24 law at 200 digits, its exact coalesced law, positive definiteness, and three planted controls; GP-AUD-082 verifies hashes and reruns with no discrepancy. Different-line gate 2 and the manuscript pair-Palm bridge remain open.",The finite-dimensional law is independently executable and cross-version reproducible on the declared rungs. This is component evidence only and does not establish the pair-Palm/configured-process bridge or P0.2.,EV-P02-CLDATA052-SOURCE; EV-P02-GPAUD082; CL-RSP-053,The displayed-precision-only residue and negative-control omission are superseded. GP-AUD-039 remains preserved and uncounted. No theorem or bridge claim is removed.,INDEPENDENT EXACT-TORUS RECONSTRUCTION PLUS CROSS-LINE POST-FREEZE RERUN,Normalized periodized Bargmann-Fock side-24 six-pin midpoint nine-jet conditional law,b=6/5; r=1/40 and 1/80; 200-digit direct and divided-difference computations; exact coalesced r→0 law,"Pins (f,fx,fy) at M=(-r/2,0) and S=(r/2,0), with heights b and b-r^3/6; midpoint jets (q,a,w,z,c40,c31,c22,c13,c04)",Physical torus coordinates; longitudinal +x from M to S; transverse y; midpoint origin,CL independently authored the source; GP performed a post-freeze nonblind rerun. AO48 or CW/C047R different-line acceptance remains required.,P0.2 V4/E1 evidence; GT5/DM2 identical-object checks; V3 exact-law sampler inputs,"Pair-Palm/configured-process bridge; selected branch; determinant weight, type indicator and normalizer; V3 trajectories",NONE,"Registers the exact source and rerun, retires stale construction alarms, and preserves gate 2 plus the manuscript bridge.",,"A finite-dimensional reconstruction could be laundered into a pair-Palm identity, adjacency result, or theorem claim.",CL and GP share the declared object statement and published targets; the historical full GP raw JSON is unavailable.,Byte counts and hashes; unmodified Python 3.13.5 rerun; recursive JSON comparison; exact rationals; PD; direct/DD agreement; three controls; published-output comparison.,"Whether literal torus images, required precision, negative controls, and external execution reproduce.",AO48/CW source-object-output audit; pair-Palm/configured-process bridge; theorem promotion gates.,No human decision now. Dylan approval remains required only after the full P0.2 gate set.,"Reopen on any hash mismatch, rerun disagreement, PD failure, control failure, material torus/planar discrepancy, or object-order mismatch.",COMPONENT_EVIDENCE_WITH_PARTIAL_INDEPENDENCE,"Update Help Board, dashboard and alarms; request AO48/CW gate 2 and EC-014 scope response; keep GP support available.","Future exact-law claims must carry source hash, environment, torus side, pin/jet order, precision, controls, independence class and bridge scope.","No downstream canon contamination; no theorem, machine, root, ballot, or release status changed.",Finite-dimensional exact-torus six-pin conditional law only.,GATE 1 PASS / DIFFERENT-LINE GATE 2 OPEN / P0.2 OPEN,GOA-P02-010,PASS-EXACT-TORUS-SOURCE-RERUN / GATE2-OPEN / NO-PROMOTION
TR-P02-014,2026-07-22T00:00:00Z,V3_ACCESSIBLE_R_EXPLORATORY_PASS_AND_SCOPE_CORRECTION,TRUE,P02_V3_ACCESSIBLE_R_TRAJECTORY,"V3 had deterministic certificate evidence but no registered practical-r trajectory scaling measurement; new files also reused CL-AUD-049, CL-DATA-049, and provisional CM-057 identifiers.","Three-rung degree-four local-model data are recorded as exploratory evidence consistent with cubic scaling. Duplicate identifiers are corrected additively. STALL censoring, planar-vs-torus, q-window, uncertainty, exact-field transfer, and outside implementation remain active blockers.",The measured slope may be cited only as finite-sample three-rung local-model evidence; unresolved STALL is not settled noncapture.,CL-AUD-056; CL-DATA-056; GP-AUD-084,The colliding provisional CM-057 proposal is VOID; the original raw bytes remain preserved under an ID-corrected alias.,EXPLORATORY NUMERICAL EVIDENCE; SOURCE-LEVEL AUDIT; IDENTIFIER CORRECTION,Approximate planar conditioned Gaussian and determinant-weighted q integration for the degree-four local vector field.,"Accessible r=.05,.025,.0125 only; not the ultra-small-r REG_r/C_cap theorem domain.",Midpoint nine-jet convention and numerical typed determinant weighting as implemented in CL-DATA-056.,"Normalized local coordinates S=(1/2,0), M=(-1/2,0).",CL authored the measurement; GP performed a nonblind adversarial source audit. AO48/CW independent execution remains open.,"P0.2 V3 work plan, practical-r capture program, evidence-lineage and identifier maps.","P0.2 theorem, exact-torus finite-r law, exact-field transfer, Palm/configured-process bridge, EC-013/014, ballots, active machine.",NONE — no theorem claim changed.,"Adds exact source identity, scope restrictions, stall-resolution protocol, and separate evidence classes.",,Finite-horizon STALL outcomes being laundered as true noncapture; planar approximation being labeled exact-torus; duplicate identifiers merging unrelated V1 and V3 evidence.,Longer-horizon outcomes may materially lower the estimated noncapture constant; omitted q mass and seed variability are unknown.,Source inspection; identifier reconciliation; horizon/integrator/seed protocol; exact-torus rerun; negative-control plan.,That an accessible-r local-model trajectory diagnostic exists and is roughly cubic across the three reported rungs.,"True noncapture classification, constant, confidence interval, exact-torus effect, exact-field effect, and independent reproducibility.",No human decision now.,"Reopen or revise on corrected source/results publication, longer-horizon stall resolution, exact-torus replay, or independent contradiction.",NUMERICAL_SCOPE_AND_IDENTIFIER_COLLISION,Quarantine theorem language; preserve artifact; route decisive work to HB-021.,All future citations must state local-model/three-rung/finite-horizon scope and separate STALL from certified noncapture.,No downstream canonical contamination; colliding ledger proposal explicitly voided.,P0.2 V3; CL-AUD-049/056 lineage; practical-r capture program.,EXPLORATORY COMPONENT / QUARANTINED FROM PROMOTION,,PASS-EXPLORATORY / MATERIAL-RESIDUES / NO-PROMOTION
TR-P02-015,2026-07-22T00:00:00Z,EMPTY_V3_PROTOCOL_PUBLICATION_FAILURE,TRUE,GP_REQ_086_V3_STALL_PROTOCOL,"A new title claimed a stall-resolution and second-stack protocol, and GP-AUD-085 cited it as the required next action.",Full Drive read shows GP-REQ-086 has no body. It is excluded from evidentiary and workflow credit; GP-AUD-084/HB-021 remain operative. Republished complete content is required.,An artifact title without readable protocol content cannot define or discharge a technical gate.,GP-ERR-087; empty document read; GP-AUD-084; HB-021,Any implicit assumption that GP-REQ-086 is a populated protocol is superseded.,DIRECT PUBLICATION FAILURE / WORKFLOW CORRECTION,P0.2 V3 accessible-r stall-resolution workflow,All r; protocol layer only,No mathematical normalization change,No coordinate change,GP source audit only; no outside technical execution,HB-021 routing; V3 audit citations; evidence-lineage controls,CL-AUD-056 outputs; PRCP design; P0.2 theorem; EC-013/014; ballots; active machine,NONE,Adds fail-closed publication check and fallback routing,,Empty title card being treated as an executable protocol or completed request,A repaired GP-REQ-086 may differ from the fallback and require a new review,Full Google Docs body read; source/receipt presence; acceptance-schema inspection,That current GP-REQ-086 contains no operative content,Exact repaired protocol text and outside execution remain open,No human decision now,A complete body is published and independently readable,SOURCE_PUBLICATION_AND_EVIDENCE_AVAILABILITY,Quarantine empty card; retain populated prior protocol,Future protocol cards require readable body or byte-exact source before active status,No downstream scientific contamination; no gate credited,P0.2 V3; GP-REQ-086; GP-AUD-084/085; HB-021,QUARANTINED-EMPTY,,FAIL-PUBLICATION / FALLBACK-ACTIVE / NO-PROMOTION
TR-P02-016,2026-07-21T21:30:00Z,V3_CLASSIFIER_DEFECT_AND_PROTOCOL_REPAIR,TRUE,P02_V3_ACCESSIBLE_R_TRAJECTORY_CLASSIFIER,"CL-DATA-056 classified every fixed-horizon trajectory not satisfying final-distance CAPTURE or final-state chart ESCAPE as STALL; it did not require solver success, finite states, or terminal events. The titled GP-REQ-086-v1.0 protocol was empty.",GP-AUD-087 confirms a deterministic NaN-to-STALL fallthrough and demonstrates event-driven reclassification on two reduced adversarial batteries. The STALL-dominance interpretation is withdrawn pending full replay. GP-REQ-086-v1.1 is now the populated failure-complete protocol.,"Non-finite states, solver failures, and horizon-unresolved finite states are distinct fail-closed classes and cannot be counted as dynamical STALL or noncapture. V3 probability estimates require event-driven, fixture-complete, multi-solver replay.",GP-AUD-087-v1.0; GP-REQ-086-v1.1; CL-DATA-056 raw source; two reduced event-driven LSODA/DOP853/Radau replay batteries,The empty GP-REQ-086-v1.0 remains failed staging. The claim that STALL is the dominant dynamical failure mode is superseded; the original aggregate outputs remain preserved as exploratory descriptive data.,STATIC SOURCE AUDIT; EVENT-DRIVEN MULTISOLVER REPLAY; POPULATED CORRECTIVE PROTOCOL,Accessible-r degree-four local-model trajectory experiment,"Original r=.05,.025,.0125 experiment; reduced adversarial batteries at r=.025 and across all three rungs","Published conditional Gaussian builder, typed determinant weights, q-window sampling and local degree-four flow; no new normalization adopted","Normalized local chart S=(1/2,0), M=(-1/2,0), declared chart bounds and capture surface",GP same-line adversarial defect audit; independent CW/C047R or AO48 second-stack execution remains open,P0.2 V3 accessible-r tracker; HB-021; CL-AUD-056 interpretation; practical-r falsifier corpus,P0.2 theorem; exact-field and exact-torus claims; pair-Palm bridge; EC-014; ballots; GP-AUTO-034; active machine; destructive workflows,No theorem formula changed. The numerical interpretation changes: the reported STALL population is classifier-contaminated and the full mass/slope are not failure-complete.,"Adds explicit terminal classes, finite/solver gates, event-driven capture/escape, fixture receipts, multi-solver agreement, sensitivity batteries, omitted-q bounds, and negative controls.",,NaN and failed integrations silently falling through to STALL; fixed-horizon unresolved states being laundered into dynamical noncapture,The original aggregate receipt does not preserve enough fixture data to recover a corrected full mass without rerunning the experiment.,"Static classifier inspection; injected NaN semantics; two deterministic reduced replays; event-based LSODA, DOP853 and Radau agreement; known capture and escape fixtures",Whether the published STALL class can be interpreted as a genuine dynamical failure mode,"Full original-fixture corrected mass and slope; all-q or omitted-tail control; seeds, uncertainty, radius/offset/grid sensitivity; outside second stack",No human decision required for defect registration or protocol repair,Reopen the defect only if the frozen source is shown not to have the documented fallthrough or an independent exact replay contradicts the stored fixtures,NUMERICAL_CLASSIFIER_FAIL_OPEN,Quarantine STALL-dominance and probability-completeness language; preserve original data; make GP-REQ-086-v1.1 the operative protocol,"Future trajectory pipelines must reject non-finite states, require solver/event validity, retain fixture-level receipts, and separate unresolved from noncapture","No downstream canonical contamination: no theorem, machine root, ballot, release, closure beyond EC-013, or destructive state was changed",CL-AUD-056 / CL-DATA-056 accessible-r V3 experiment; practical-r falsifier program,CLASSIFIER-DEFECTED EXPLORATORY EVIDENCE / QUARANTINED FROM PROMOTION,GOA-P02-011,FAIL-STALL-CLASSIFIER / PROTOCOL-V1.1-PUBLISHED / OUTSIDE-REPLAY-OPEN / NO-PROMOTION
TR-P02-017,2026-07-21T21:40:00Z,V3_POPULATION_IDENTITY_AND_EVENT_SOURCE_AUDIT,TRUE,P02_V3_STALL_ATTACK_LINEAGE,"CL-AUD-050 was presented as a stall attack following CL-AUD-056, but it generated a new 21-dimensional random stream rather than replaying the original eight-dimensional fixtures, and its published source did not contain the event driver described in the prose.","GP-AUD-088 accepts CL-AUD-050 only as fresh-sample, single-rung exploratory evidence. Original-stall resolution and event-based claims remain open/cannot-verify. The sole operative protocol is GP-REQ-086-v1.1 at Drive ID 1sD_u6M6u2H2wAmoOOb_Ti3opm4loRVz6mwwOItOCRII; GP-REQ-086-v1.1-S1 is a stricter nonoperative supplement.","Same seed is not configuration identity when dimension, draw order, or source changes. A claimed replay must preserve exact fixture IDs and values; event-based evidence requires published event equations, flags, source, and machine-readable receipts. One primary protocol may have labeled supplements, but supplements do not silently supersede it.",GP-AUD-088-v1.0; GP-REQ-086-v1.1 primary; GP-REQ-086-v1.1-S1 supplement; CL-AUD-050; CL-DATA-050 source; CL-AUD-056 / CL-DATA-056,No source removed. Empty v1.0 remains preserved. The concurrent duplicate v1.1 identifier was corrected to GP-REQ-086-v1.1-S1; no GP-REQ-086-v1.2 object exists or is current.,SOURCE LINEAGE AUDIT; POPULATION-IDENTITY CHECK; EVENT-SOURCE AVAILABILITY AUDIT,Accessible-r local-model stall attack and failure-complete V3 replay,Fresh sample at one rung versus original three-rung configuration population,As implemented in the two CL samplers; no normalization change,Normalized local chart and declared event surfaces,GP nonblind source audit; outside AO48/CW execution still required,HB-021; V3 fixture corpus; protocol routing; evidence lineage,P0.2 theorem; exact-field inference; EC-014; ballots; machines; destructive operations,No theorem mathematics changed. The admissible interpretation of CL-AUD-050 is narrowed to fresh-sample evidence.,Adds configuration-identity and event-source gates while establishing one operative v1.1 protocol plus a separately labeled stricter S1 supplement.,,Fresh draws being mislabeled as replay; prose-only events being counted as reproducible evidence; concurrent protocol identifiers merging different acceptance packages,Original exact fixtures may be unrecoverable because the aggregate receipt omitted them.,Source dimension/draw-order comparison; raw event-source inspection; file creation-time and content comparison; identifier correction notices,"Whether CL-AUD-050 resolves the original CL-AUD-056 stalls or supports its event-based 20,000-time subset reproducibly","Exact original fixture replay, published event driver/receipt, exact-torus second stack, multiple seeds and uncertainty",No human decision required,Reopen if exact fixture identity and the missing event source are published and independently verified,POPULATION_IDENTITY_AND_EVENT_SOURCE_FAILURE,"Retain the fresh-sample result under its narrow label; execute primary GP-REQ-086-v1.1, optionally applying the stricter S1 supplement; keep original-fixture replay open.","Every replay must hash-bind fixture population, RNG dimension/order, event source, and machine receipt. Supplements must be labeled and cannot silently replace the primary protocol.",No canonical contamination; all scientific promotion gates remain blocked,CL-AUD-050; CL-AUD-056; GP-REQ-086 protocol family,FRESH-SAMPLE ONLY / ORIGINAL-REPLAY-OPEN / EVENT-SOURCE-CANNOT-VERIFY / PRIMARY-V1.1 + S1-SUPPLEMENT,GOA-P02-012,ACCEPT-FRESH-SAMPLE-WITH-CORRECTIONS / PRIMARY-V1.1 OPERATIVE / S1 SUPPLEMENT / NO-PROMOTION
TR-P02-018,2026-07-21T21:50:00Z,PRACTICAL_R_ANALYTIC_BRIDGE_DESIGN_ADVANCE,TRUE,P02_PRACTICAL_R_ANALYTIC_BRIDGE_DESIGN,"The practical-r program had an event card, a proxy feasibility diagnostic, and exploratory trajectories, but the optimized-mu branch, weakest exact degree-four P1–P6/T5 bridge, analytic nonemptiness criterion, fixed-mu channel, and frozen structural mutations were not consolidated in one complete authoritative derivation.","CL-DER-058-v1.1 proves the unique positive optimizer and bracket, derives P1–P6 plus T5 for S_r→T_r→H_r, proves the strict-inequality admissible set is nonempty and therefore positive-mass under the declared nondegenerate finite-jet law, and freezes fixed-mu and branch/six-pin mutations. It reports no executed occupancy, trajectory rate, exponent, or exact-field replay.",Accept as analytic deterministic design only. Nonemptiness is not a rung-by-rung mass estimate; degree-four local capture is not exact-field transfer or global adjacency; H_r→A_r remains conditional on the configured germ/global-continuation hypothesis.,EV-P02-CLDER058; CL-DER-058-v1.1; CL-DATA-059-UNEXECUTED; GP-REG-079; GP-DATA-080,The truncated CL-DER-058 v1.0 is superseded by v1.1. No prior proxy or trajectory artifact is removed; CL-DER-056 remains a distinct diagnostic computation.,SAME-ORG ANALYTIC DERIVATION / UNEXECUTED REFERENCE IMPLEMENTATION,Optimized-strip practical-r degree-four selected-branch bridge S_r→T_r→H_r under P1–P6 and T5,Finite accessible r; strict typed/nondegenerate inequalities; optimized mu or declared A=B=0 bypass; no occupancy claim,Declared finite-jet typed pair-law context; exact determinant weighting and exact-torus execution remain replay inputs rather than proved outputs here,"Normalized M=(-1/2,0), S=(1/2,0) chart; ascending gradient flow; selected M-ward unstable branch",CL authored the analytic design. Reference source was unexecuted in that session. AO48/CW independent proof/source execution remains open.,HB-020 practical-r bridge; HB-021 failure-complete exact-torus replay; deterministic event hierarchy,Occupancy magnitude/scaling; original-fixture replay; fail-closed solver events; exact-field remainder transfer; H3 global continuation; pair adjacency; P0.2; Theorem B,The analytic event-chain definition becomes sharper; no theorem or probability law is promoted.,"Adds authoritative design/source lineage, explicit unexecuted-source status, and separation from CL-DER-056 proxy occupancy.",,"Nonempty open-set proof or an unexecuted source could be laundered into a measured positive mass, exact-field capture rate, exponent, or theorem confirmation.",The design reuses CL/GP frozen definitions and branch conventions; same-org agreement is not independent proof and the H3 global continuation assumption may hide a local-to-global gap.,Closed-form optimizer cubic and bracket; P1–P6/T5 inequality ledger; strict nonemptiness construction; fixed-mu inclusion; planted mutations; explicit no-execution disclosure.,Whether a coherent nonvacuous analytic degree-four bridge design exists and which inequalities are binding.,Execute and hash-bind CL-DATA-059; independently audit P1–P6; exact-torus/fail-closed multi-integrator replay; occupancy and uncertainty; exact-field and global-continuation tests.,"No human decision now. Dylan approval remains blocked behind the complete V3, exact-field, global, independence, and governance gates.","Reopen on optimizer nonuniqueness, any P1–P6 algebra defect, empty admissible set, mutation non-detection, source/runtime defect, or outside-line disagreement.",ANALYTIC_DESIGN_NOT_EXECUTED_EVIDENCE,Update HB-020; route CL-DATA-059 execution to CW/C047R; request AO48 analytic audit; keep GP post-freeze/hash/interval support available.,"Future citations must state analytic versus executed status, exact P-conditions, branch/global assumptions, source hash and runtime receipt, law/weight, rung set, controls, uncertainty, and unresolved transfer steps.","No downstream canon contamination; no theorem, machine, root, ballot, canonical source, or release state changed.",PRACTICAL_R_CAPTURE_PROGRAM; CL-DER-058-v1.1; P1-P6; T5,ANALYTIC DESIGN PASS / EXECUTION-EXACT-FIELD-GLOBAL GATES OPEN,GOA-P02-013,PASS-ANALYTIC-DESIGN / SOURCE-UNEXECUTED / NO-PROMOTION
TR-P02-019,2026-07-21T22:05:00Z,V3_PROTOCOL_PRIMARY_SUPPLEMENT_LINEAGE_CORRECTION,TRUE,GP_REQ_086_PROTOCOL_FAMILY,Concurrent edits temporarily treated the later enhanced protocol object as GP-REQ-086-v1.2 superseding v1.1.,"The later document’s authoritative top notice designates it GP-REQ-086-v1.1-S1, a nonoperative stricter acceptance supplement. GP-REQ-086-v1.1 remains the sole operative replay protocol. Historical v1.2 text remains preserved below as collision provenance.",Primary execution specifications and optional stricter acceptance supplements must have distinct identifiers and explicit authority. A supplement does not silently replace its primary protocol.,GP-REQ-086-v1.1; GP-REQ-086-v1.1-S1; current top notices; GP-AUD-088 current lineage notice,"TR-P02-017 and REL-083 successor wording are superseded for current routing, but retained as historical collision evidence.",IDENTIFIER AND AUTHORITY LINEAGE CORRECTION,V3 failure-complete replay protocol family,Protocol/workflow layer only,No law or normalization change,No coordinate change,Source/metadata reconciliation; no technical execution,HB-021 routing; V3 audit citations; protocol object identity,V3 mathematical results; P0.2; EC-014; ballots; machines; destructive workflows,NONE,Primary protocol and supplement now represented separately,,A later stricter document being mistaken for an operative replacement because it reused the primary version number,Reviewers may still cite superseded internal v1.2 wording unless they read the top status notice,Drive title/body comparison; creation-time comparison; authoritative top notice; register crosswalk,Which GP-REQ-086 document governs execution,Technical replay remains entirely open,No human decision required,Reopen if operator explicitly promotes the supplement into a numbered primary revision,IDENTIFIER_COLLISION_AND_AUTHORITY_CONFLATION,Route execution to v1.1; treat v1.1-S1 as optional stricter supplement; preserve all notices,Every protocol family must store primary/supplement status and exact Drive ID,No scientific contamination; no replay credit was granted,GP-REQ-086-v1.1; GP-REQ-086-v1.1-S1; GP-AUD-088,PRIMARY-V1.1 / SUPPLEMENT-V1.1-S1 / TECHNICAL-GATES-OPEN,GOA-P02-014,LINEAGE-CORRECTED / NO-PROMOTION
TR-P02-020,2026-07-21T22:20:00Z,PRCP_DETERMINISTIC_BRIDGE_MATERIAL_AMENDMENT,TRUE,PRCP_S_TO_T_TO_H_DESIGN,"CL-DER-058 claimed a complete analytic practical-r bridge using optimized C_*, W_*, cone conditions P1–P4, transit T5, capture P5–P6, and a nonvacuity argument; it cited CL-DATA-059 as the frozen implementation.",GP-AUD-090 finds the A=B=0 bypass does not define W_*; gives an exact typed S_r configuration where A_S-D_S=0 and the slope bound is undefined; separates degree-four from exact-field events; corrects the two-section/P6 geometry; and records CL-DATA-059 as unavailable. The architecture is promising but not executable/proved as written.,A geometric optimized strip requires an attained optimizer or explicit witness μ. Cone entry requires an exact eigenvector or a positive axial denominator gate. Degree-four and exact-field T/H events must be separately labeled and linked by margin-specific perturbation evidence.,GP-AUD-090-v1.0; CL-DER-058-v1.1; GP-REG-079; GP-DATA-080; exact typed counterexample; path-dependent W_* limits; Drive search for CL-DATA-059,"No prior source removed. Claims of complete bridge, general P1 formula, finite degenerate W_* limit, executable P2 source, and full ADM_r nonvacuity are superseded pending amendment.",EXACT COUNTEREXAMPLE; LIMIT ANALYSIS; FIELD-LAYER AUDIT; EVENT-CARD CROSSWALK; SOURCE-AVAILABILITY AUDIT,Practical-r unconditioned typed pair-Palm event hierarchy,Accessible finite r; analytic design layer,Optimized μ strip quantities; no law normalization change,Normalized pair chart with frozen sigma and distinct S-side/M-side sections required,GP adversarial audit; CL amendment plus AO48/CW review and execution required,CL-DER-058; GP-REG-079; GP-DATA-080; future CL-DATA-059; CW replay; PRCP relation ledger,EC-012 scalar closure; exact six-pin law; Palm bridge; ultra-small-r GP-DER-047; EC-013/014; ballots; machines,No theorem changed. Several deterministic implications are downgraded from complete to material-amendment-required.,"Adds optimizer-witness, axial-entry, field-layer, section-identity, ball-domain, source-publication, and explicit-interior-fixture gates.",,Nonattained scalar infimum producing undefined geometry; division by zero in cone slope; degree-four evidence laundering into exact-field events; wrong section/bound propagation; unavailable implementation,"Corrected G_X/G_Y envelopes, exact-field margin transfer, and a complete nonvacuity fixture remain unavailable.",Exact numerical counterexample; three optimizer-limit paths; source/object-card comparison; layer and section crosswalk; exact Drive title search,Whether CL-DER-058 currently defines a valid executable positive-mass sufficient event for exact adjacency,Amended bridge; published CL-DATA-059; outside source audit; exact-torus failure-complete replay; positive-mass fixture and neighborhood proof,No human decision required,Reopen individual defects when a numbered amended design and source pass the frozen counterexamples and outside review,OPTIMIZER_GEOMETRY_FIELD_LAYER_AND_SOURCE_FAILURE,Quarantine current bridge from instrument/probability status; retain μ-cubic pass; require R1–R9 repair package,"Future optimized geometric events must store witness μ, W, eigendata, field layer, sections, margin vector, domain containment, source hash, and fixture proof","No canonical contamination; no probability, exponent, theorem, machine, ballot, closure, release, or deletion effect",PRCP S_r/T_r/H_r design and replay architecture,MATERIAL-AMENDMENT-REQUIRED / INSTRUMENT-NOT-AVAILABLE / REPLAY-BLOCKED,GOA-P02-015,PASS-MU-CUBIC / FAIL-DEGENERATE-WIDTH-AND-P1 / CANNOT-VERIFY-P2 / NO-PROMOTION
TR-P02-021,2026-07-21T22:30:00Z,PRACTICAL_R_BRIDGE_MATERIAL_AMENDMENT_REQUIRED,TRUE,P02_PRACTICAL_R_ANALYTIC_BRIDGE_REPAIR,"CL-DER-058-v1.1 had been registered as an analytic design with a unique optimizer, P1–P6/T5 bridge, and nonempty strict admissible set, but no adversarial audit had yet tested the degenerate optimizer, slope denominator, field-layer separation, section geometry, or executable source.",GP-AUD-090 finds four load-bearing defects and an unavailable source: F1 the A=B=0 scalar bypass does not define finite W_*; F2 the slope denominator A_S-D_S can vanish on a strictly typed S_r configuration; F3 P1–P6 are degree-four while T_r/H_r are exact-field; F4 the S-side and M-side sections and transverse bounds are conflated. The optimizer for A+B>0 and the S/T/H architecture remain useful.,"Demote the current bridge to MATERIAL AMENDMENTS REQUIRED. A repaired object must use a finite witness mu or a separately named degenerate event, an exact unstable eigendirection or explicit axial gate, distinct degree-four and exact-field events with a C1 margin/remainder receipt, explicit X_S and X_M sections with W_* at the M-side handoff, and a locatable hash-bound executable source.",EV-P02-GPAUD090; GP-AUD-090-v1.0; CL-DER-058-v1.1; GP-REG-079; GP-DATA-080; EC-012,No valid prior mathematics is deleted. TR-P02-018's analytic-design-pass interpretation is superseded by this material-amendment state. EC-012's scalar majorant closure remains valid because the defect arises only when a nonattained infimum is promoted into geometric width.,SAME-LINE ADVERSARIAL ANALYTIC AUDIT WITH EXACT COUNTEREXAMPLES,Optimized-strip degree-four S_r→T_r^(4)→H_r^(4) bridge plus a separately verified exact-field transfer gate,Practical finite r; A+B>0 optimized channel or separately named finite-witness degenerate channel; no execution or occupancy credit,Declared finite-jet typed law; degree-four design and exact-field law must be stored as distinct objects,Normalized M-to-S chart with explicit X_S=1/2−sigma and X_M=−1/2+sigma sections; M-side handoff uses |Y|≤W_*,GP audit is same ecosystem. CL must repair the object/source; AO48 or CW/C047R must independently audit or execute the repaired stack.,HB-020; CL-DER-058; GP-REG-079; GP-DATA-080; V3 event definitions and exact-field transfer receipts,EC-012 scalar majorant; exact-torus six-pin law; Palm conditionalization; EC closures; ballots; active machines and canonical sources,Adds four exact defects/counterexamples and a complete repair specification; preserves the valid optimizer result for A+B>0 and the structural S/T/H decomposition.,"Demotes the bridge pass, adds failure-visible optimizer/eigendirection/field-layer/section/source classes, and requires source and margin receipts before execution credit.",,An unattained optimizer can produce undefined geometry; a vanishing denominator can be divided through; degree-four proof can be laundered into exact-field capture; the wrong transit section or bound can be used; an unavailable source can be cited as executable.,CL and GP reuse the frozen definitions and same local architecture; exact-field remainder and global-continuation assumptions remain untested; outside review is absent.,Exact F1 and F2 counterexamples; finite-mu witness requirement; exact eigenslope fallback; C1 margin vector; X_S/X_M section ledger; source lookup/hash/run; planted mutations.,"The current CL-DER-058 bridge is not executable or proved as written, and the precise mathematical reasons are now isolated.",Repaired bridge revision; locatable source and mutations; interval and exact-torus replay; degree-four-to-exact-field transfer; occupancy; H3/global continuation; outside-line audit.,No human decision now. Dylan approval remains blocked behind the repaired bridge and all complete P0.2 gates.,"Reopen if the repaired artifact fails either exact counterexample, lacks a finite optimizer witness/eigendirection/field-layer margin/section ledger/source receipt, or outside review disagrees.",EXECUTABILITY_GAP / UNDEFINED_GEOMETRY / FIELD_LAYER_CONFLATION / SECTION_MISMATCH,"Update HB-020; add F4 alarm; request CL amendment and source publication; request AO48/CW review and execution; offer GP counterexample fixtures, interval targets, exact-torus crosswalks, and post-freeze comparison.","Every deterministic bridge schema must carry optimizer witness status, exact eigendirection or denominator gate, field layer, named entry/exit sections, bound used at each section, source ID/hash, runtime receipt, and transfer-margin ledger.","No downstream canon contamination; no theorem, machine, root, ballot, canonical source, or release state changed.",CL-DER-058; GP-REG-079; GP-DATA-080; PRCP S/T/H bridge,MATERIAL AMENDMENTS REQUIRED / CURRENT BRIDGE NOT EXECUTABLE / P0.2 OPEN,GOA-P02-016,FAIL-AS-WRITTEN / REPAIR-SPEC-PASS / NO-PROMOTION
TR-P02-022,2026-07-21T22:40:00Z,PRCP_DEGREE4_REPAIR_SOURCE_PASS,TRUE,P02_PRCP_WITNESS_PARAMETERIZED_DEGREE4_REPAIR,"The practical-r bridge was quarantined after GP-AUD-090 found undefined degenerate width, a zero slope denominator counterexample, field-layer conflation, section mismatch, and unavailable source.","GP-DER-092 supplies a witness-parameterized degree-four repair; GP-DATA-093 is published byte-exactly; GP-AUD-094 records one strict interior fixture and 5/5 planted controls. Exact-field transfer, outside execution, occupancy, and probability remain open.",Geometric strip certification uses a finite witness mu and W=F/mu; cone entry uses exact eigendata/direct boundary margins; S-side and M-side sections are distinct; the result is explicitly degree-four only.,GP-DER-092-v1.0; raw GP-DATA-093 source ID 1OzkbTMDl-r9KQaLWibZzMBdbflcGA2qh; raw receipt ID 1KR4iTyCS9YIwVS8Bn6tlo8rqNRwiX028; GP-AUD-094-v1.0; fresh Drive downloads and hash checks,No defect evidence is removed. The blank source shell remains failed staging and the native Doc remains a non-byte-exact readable mirror.,EXACT SOURCE RECONSTRUCTION; EXECUTABLE STRICT FIXTURE; FIVE NEGATIVE CONTROLS; SAME-LINE DETERMINISTIC RECEIPT,Unconditioned typed pair-Palm degree-four local model; repaired PRCP witness event,Practical finite r; one strict interior degree-four fixture,"Finite witness mu, W_mu and C_mu; no scalar-only degenerate optimizer geometry",Normalized pair chart; X_S=1/2−sigma and X_M=−1/2+sigma; degree-four flow only,GP same-line execution complete; CL/AO48/CW independent reconstruction and exact-field review open,HB-023; PRCP repair path; future exact-torus replay prefilter; GP-AUD-090 counterexample corpus,Exact-field T_r/H_r; probability/occupancy; P0.2; Theorem B; EC-014; ballots; GP-AUTO-034; machines; release; destructive operations,Adds a coherent repaired degree-four event and proves one strict interior fixture on GP line; does not restore the rejected CL-DER-058 bridge as written.,"Adds source-identity, witness, eigendata, section, field-layer and control receipts; creates outside-review routing.",,A repair candidate could be mistaken for exact-field or instrument evidence; readable mirror could be mistaken for byte-exact source,No outside execution; no exact-field residual object; local-open-set argument not independently audited; population mass unknown,"Fresh raw-file download and SHA verification; compile/reexecute; exact receipt hash; strict positive margins; optimizer-unattained, denominator-zero, path-limit, section-swap and field-layer controls","Whether a finite, internally coherent degree-four repair exists and the frozen defects are detected",CL adoption/amendment; AO48/CW source reconstruction; exact-field C1 transfer; exact-torus failure-complete replay; occupancy and scaling,No human decision required,"Reopen the component pass if raw source/receipt hashes fail, any control fails, or an independent audit finds a margin/object mismatch",REPAIR_COMPONENT_PASS_WITH_OUTSIDE_AND_FIELD_GATES_OPEN,Register degree-four candidate only; preserve quarantine from exact-field/probability promotion; route exact raw files to outside lines,"Executable repair objects must bind raw source, readable mirror status, receipt hash, field layer, fixture ID, margins and controls","No downstream canonical contamination; no theorem, instrument, closure, ballot, machine, release, deletion or destructive state changed",GP-DER-092; GP-DATA-093; GP-AUD-094; PRCP degree-four repair,GP-SIDE DEGREE4 COMPONENT PASS / OUTSIDE-REVIEW-OPEN / EXACT-FIELD-OPEN,GOA-P02-017,PASS-SOURCE-AND-FIXTURE / 5-OF-5-CONTROLS / NO-PROMOTION
TR-P02-023,2026-07-21T22:25:00Z,PRCP_EXACT_FIELD_TRANSFER_SCHEMA_PUBLISHED,TRUE,P02_PRCP_EXACT_FIELD_C1_TRANSFER_RECEIPT,"The repaired PRCP object has a byte-exact degree-four source and one strict fixture, but exact-field transfer remained a broad unstructured requirement.","GP-SCHEMA-095 defines a fail-closed receipt with explicit domains, degree-four margins, rigorous exact-minus-degree-four C0/C1 remainder bounds, T1-T10 transfer inequalities, trajectory-tube controls, failure classes, planted controls, and outside-review requirements.","Use the schema only as a protocol object. Transfer credit requires a populated receipt, strict positive slacks, rigorous bounds, controls, and outside reconstruction.",EV-P02-GPSCHEMA095; HB-024; GP-DER-092; GP-AUD-094,No mathematical evidence is removed. No exact-field result is added.,PROTOCOL_SCHEMA / SAME-LINE DESIGN / NO EXECUTION EVIDENCE,Exact full conditional field versus degree-four PRCP local model,Practical finite r; declared exact-field fixture and full certified domain union,Explicit normed C0/C1 remainder bounds and strict transfer slacks,"Normalized pair chart with separately declared endpoint, cone, strip, section, capture, and union domains",GP schema only; CL/AO48/CW review and implementation open,HB-024; V3 exact-field replay; PRCP repair; future exact-torus transfer receipts,Degree-four source/fixture pass; Palm identities; exact-torus covariance reconstruction; EC closures; machines and ballots,"Converts a vague exact-field requirement into a typed, machine-readable, falsifiable receipt specification.","Adds mandatory domain, margin, remainder, inequality, trajectory, failure, source, hash, and review fields.",,A schema could be mistaken for a passed transfer; nonrigorous sampled remainders could be entered as bounds; failures could be collapsed.,"No implementation, exact-field source, remainder proof, populated receipt, or outside review yet exists.",Schema completeness review; planted controls NC-T1 through NC-T8; source/hash validation; strict slack checks; fail-closed status enums.,The exact information and inequalities required before degree-four evidence may be transferred to the exact field.,Actual exact-field remainder bounds; populated T1-T10 receipt; validated trajectory tube; outside execution; probability and P0.2.,No human decision required.,"Reopen or amend if outside review finds a missing domain, margin, norm, perturbation inequality, failure class, or control.",UNSTRUCTURED_TRANSFER_GATE / SCHEMA_AS_EVIDENCE / FAILURE_COLLAPSE,Register schema and HB-024; solicit distinct CL/AO48/CW work; preserve exact-field quarantine.,"Every transfer receipt must bind exact source/hash, domains, degree-four margins, rigorous remainders, T1-T10 slacks, trajectory control, failures, controls, and outside reviews.","No downstream contamination; no theorem, instrument, machine, ballot, release, closure, or destructive state changed.",GP-SCHEMA-095; exact-field PRCP transfer receipt,SCHEMA PUBLISHED / EXECUTION OPEN / NO TRANSFER CREDIT,GOA-P02-018,PASS-PROTOCOL-DEFINITION / NO-EXECUTION / NO-PROMOTION
TR-P02-024,2026-07-21T22:55:00Z,PRCP_MARGIN_SPECIFIC_EXACT_FIELD_TRANSFER_BUDGET_PASS,TRUE,P02_PRCP_INTERIOR_001_EXACT_FIELD_TRANSFER_GATE,"GP-DER-092 / GP-DATA-093 established one strict degree-four PRCP fixture, but exact-field transfer remained an unquantified open gate.",GP-DER-095 derives a margin-specific sufficient C1 perturbation budget; raw GP-DATA-096 and GP-AUD-097 reconstruct and rerun it byte-exactly with 5/5 controls. Exact-field membership remains open because no C_D/H5 or direct C1 remainder receipt is supplied.,"For the identical PRCP-INTERIOR-001 finite-jet fixture, endpoint pins R(S)=R(M)=0 and ||F_exact-F_degree4||_{C1(D)} <= 0.00464109194915956199855... are sufficient to preserve endpoint types, selected eigendirection, cone entry, strip invariance, central transit, M-side section geometry, and sink Lyapunov contraction.",GP-DER-095-v1.0; GP-DATA-096 raw source ID 1N7sUEwm_44VFDHjquppFR2PzlH_NRKXo; receipt ID 1jhqCO7xLu-7WEWaeOMNLG7Vv9khY6pPK; GP-AUD-097-v1.0; GP-DER-045-v1.0; CW-AUD-018-v1.0,No prior evidence removed. The degree-four-only guard remains active and exact-field membership remains unclaimed.,EXACT PERTURBATION INEQUALITIES; BYTE-EXACT SAME-LINE SOURCE/RECEIPT; OUTSIDE-VERIFIED GENERAL TRANSFER THEOREM,Exact scaled field and the degree-four PRCP witness field for the same six-pin fixture,"r=1/20 strict fixture; fixed compact chart D={|X|<=0.75,|Y|<=1}; component gate only",Finite witness mu/W/C_mu; exact endpoint pins; C1 vector/Jacobian remainder norm,Normalized pair chart with xi=1/2-X; distinct S-side and M-side sections,CW independently rederived the general GP-DER-045 transfer mechanism; the new fixture-specific budget arithmetic and source are GP same-line and require CL/AO48/CW review.,HB-024; GP-DER-092 exact-field gate; future exact-torus replay and remainder receipt schema,HB-025; GP-DER-092 exact-field gate; future exact-torus replay and remainder receipt schema,Adds a sufficient exact-field transfer budget and identifies unstable-eigendirection retention as the binding margin. It does not show any exact field satisfies the budget.,"Adds explicit C1 norm, pin-identity, eigendirection, cone, strip, transit, sink, section, source-hash, and exact-remainder receipt gates.",,Degree-four evidence could be laundered into exact-field capture; a C0-only or unpinned perturbation could be counted; a declared delta without source could be accepted.,The constant C_D and actual H5/direct C1 remainder remain unknown; exact-torus and outside execution remain open.,Fresh Drive source/receipt hash reconstruction; compile and exact rerun; analytic budget minimum; five negative controls; future outside execution and exact remainder receipt.,The sufficient transfer threshold and its binding component are no longer qualitative unknowns for PRCP-INTERIOR-001.,Actual exact-field membership; C_D/H5 or direct C1 certificate; outside arithmetic/source review; exact-torus replay; occupancy and probability.,No human decision now.,"Reopen on source/hash mismatch, algebraic disagreement, failed control, incorrect norm conversion, endpoint pin mismatch, or an exact trajectory violating the certified implications.",COMPONENT_TRANSFER_BUDGET_NOT_EXACT_FIELD_MEMBERSHIP,Register the budget pass; retain exact-field quarantine; route exact source and receipt to outside lines.,"Every exact-field transfer claim must carry fixture identity, C1 norm convention, pin identity, component budgets, binding margin, source/receipt hashes, and independent review class.","No downstream canonical contamination; no theorem, machine, ballot, closure, activation, release, deletion, or destructive state changed.",GP-DER-092; GP-DER-095; GP-DATA-096; GP-AUD-097; PRCP-INTERIOR-001,TRANSFER-BUDGET COMPONENT PASS / EXACT-FIELD MEMBERSHIP OPEN / P0.2 OPEN,GOA-P02-019,PASS-BUDGET / 5-OF-5-CONTROLS / OUTSIDE-AND-REMAINDER-GATES-OPEN / NO-PROMOTION
TR-P02-025,2026-07-21T23:10:00Z,FAIL_CLOSED_EXACT_FIELD_SCHEMA_PREFILL_PUBLICATION,TRUE,P02_PRCP_INTERIOR_001_EXACT_FIELD_RECEIPT_PREFILL,"GP-SCHEMA-095 defined a comprehensive exact-field transfer receipt and GP-DER-095 quantified a global fixture-specific budget, but no combined machine-readable receipt exposed known versus missing fields.","GP-DATA-098 now prepopulates all supported fixture, source, margin, geometry, and budget fields while leaving exact-field source, rigorous remainders, T1-T10, trajectory tube, schema controls, and outside review explicitly unresolved. GP-AUD-099 verifies exact Drive bytes and the fail-closed status.",A partially populated exact-field transfer receipt must return UNRESOLVED_EXACT_FIELD_TRANSFER / EXACT_FIELD_SOURCE_MISSING. Missing evidence is neither zero nor PASS.,"GP-DATA-098 raw JSON ID 149DFZaa2ePsWHep1fonWQRr2eOUug5Pb, 8,831 bytes, SHA 4913ee66...; GP-AUD-099; GP-SCHEMA-095; GP-DER-095; GP-DATA-093; GP-DATA-096","No source or evidence removed. The schema, budget, degree-four fixture, and all unresolved gates remain separate.",BYTE-EXACT FAIL-CLOSED SCHEMA PREFILL; SAME-LINE VALIDATION; POST-CLOSURE CORROBORATION,Exact normalized-periodized side-24 field versus the identical degree-four PRCP fixture,r=1/20 fixture; workflow and receipt layer only,Known finite witness and degree-four margins; exact-field remainder fields null,Normalized pair chart and explicit cone/strip/section/capture domains,GP same-line publication/validation. CL/AO48/CW exact-field population and review remain open.,HB-024 schema execution; HB-025 fixture budget; GP-SCHEMA-095; GP-DER-095; exact-field replay,All eight terminal closures; EC-014; P0.2 theorem; ballots; machines; activation; releases; destructive operations,NONE — no new exact-field mathematical claim. The known degree-four and budget values are only organized into a fail-closed receipt.,"Adds a machine-readable unresolved state, known/missing-field separation, exact failure class, source hash, and downstream population path.",,A schema or partially populated receipt could be mistaken for transfer evidence; null remainder values could be interpreted as zero; exact equality at the half-ball section could be mislabeled a strict margin.,The prefill may need amendment if outside review changes the schema or finds a known-field mapping error.,Fresh Drive hash and byte-count verification; JSON parse; final-status/failure-class check; explicit unresolved-field census; schema-to-budget crosswalk.,The exact current boundary between populated degree-four/budget evidence and absent exact-field evidence is now machine-readable.,Exact-field source/remainder; rigorous domains; T1-T10; trajectory tube; schema controls; outside review; probability and theorem gates.,No human decision now.,"Reopen on hash mismatch, JSON/schema error, incorrect field mapping, outside schema amendment, or any fail-open final status.",MISSING_EXACT_FIELD_EVIDENCE / FAIL_OPEN_SCHEMA_RISK,Publish prefilled unresolved receipt; route it as the starting object for outside exact-field execution; preserve all source layers.,Every complex technical schema should ship with a prefilled unresolved example that demonstrates missing evidence yields an explicit failure/unresolved state.,"No downstream contamination. Terminal closures remain terminal and no theorem, machine, ballot, activation, release, deletion, or destructive state changed.",GP-SCHEMA-095; GP-DER-095; GP-DATA-098; GP-AUD-099; PRCP-INTERIOR-001,PREFILL SOURCE PASS / EXACT-FIELD TRANSFER UNRESOLVED / NO-PROMOTION,,PASS-PREFILL-IDENTITY / FAIL-CLOSED-UNRESOLVED / OUTSIDE-EXECUTION-OPEN
TR-P02-026,2026-07-21T23:30:00Z,EXPLICIT_PIN_OPERATOR_CONSTANT_AND_H5_THRESHOLD_PASS,TRUE,P02_PRCP_EXPLICIT_CD_AND_H5_GATE,"The GP-DER-045 exact-field transfer used an unspecified chart/interpolation constant C_D, leaving the PRCP fixture condition as H5<=1.856436.../C_D.","GP-DER-100 constructs the cubic Hermite pin operator on the full chart, derives C_D=1.820595770017029... and the concrete H5 threshold 1.019686418169839...; raw GP-DATA-101 and GP-AUD-102 reconstruct exactly with 5/5 controls. GP-DATA-098-v1.1 propagates the value while remaining unresolved.","On D={|X|<=3/4,|Y|<=1}, with Euclidean vector norm and Jacobian operator norm, ||F_exact-F_pin^(4)||_{C1(D)} <= C_D r^2 H5 with the displayed conservative C_D. For PRCP-INTERIOR-001, H5<=1.019686418169839... is sufficient for the GP-DER-095 half-margin budget.",GP-DER-100-v1.0; GP-DATA-101 source ID 1D-AnQhIK2UH1APj16DaUSB6mzor1gQ9U; receipt ID 1hig5Ijt5nbxn8mtnds4wT2pMiJhbMCRe; GP-AUD-102-v1.0; CW-AUD-018-v1.0; GP-DATA-098-v1.1 ID 1gJASdLxcj1gXyQK5zWNWZHjNk_7MpXIU,No prior evidence removed. GP-DATA-098-v1.0 is preserved and superseded for workflow use by v1.1 only.,EXACT RATIONAL/SURD DERIVATION; BYTE-EXACT SOURCE/RECEIPT; CONSTRUCTIVE OUTSIDE BASIS REVIEW,Exact field versus pin-preserving degree-four approximation for PRCP-INTERIOR-001,"Fixed chart D, r=1/20 fixture; deterministic component only",H5=max absolute physical fifth partial; scaled C1 norm; cubic two-point Hermite correction,"Normalized pair chart; full X interval [-3/4,3/4], not only between pins","CW independently verified the constructive pin space/general transfer. The explicit suprema, constant, and source are GP same-line pending outside review.",HB-024 schema population; HB-025 fixture membership; GP-DER-095; GP-DATA-098-v1.1,Actual conditioned H5; exact-field membership; occupancy/probability; P0.2; EC-014; ballots; machines; releases and destructive operations,Adds an explicit conservative deterministic constant and concrete H5 threshold; no exact-field sample or probability statement.,"Removes interpolation-constant ambiguity; adds full-chart domain, exact basis suprema, norm-conversion controls, and versioned prefill propagation.",,"Between-pin basis bounds, entrywise Hessian norms, omitted value-pin residuals, or C0-only constants could underbound the C1 operator.",The conservative constant may be sharpened; actual H5/direct C1 bound and outside execution remain unavailable.,Fresh Drive hash checks; compile and byte-identical rerun; exact basis extrema; five underbound/norm/domain controls; v1.1 prefill status check.,The deterministic interpolation constant and concrete H5 membership threshold are no longer unknown.,Rigorous exact conditioned H5<=1.019686... or direct C1 enclosure; schema T1-T10; outside review; exact-torus replay.,No human decision now.,"Reopen on source/hash mismatch, basis-extremum error, Taylor remainder coefficient error, norm-conversion defect, control failure, or outside contradiction.",EXPLICIT_CONSTANT_COMPONENT_NOT_H5_OR_MEMBERSHIP_PASS,Register explicit constant and updated prefill; redirect outside task from unknown C_D to actual H5/direct remainder evidence.,"Pin-correction transfer claims must state the full chart, endpoint residual basis, derivative suprema, vector/Jacobian norms, source hash, and whether the constant is conservative or optimal.","No downstream canonical contamination; no theorem, closure, ballot, machine, activation, release, deletion, or destructive state changed.",GP-DER-045; GP-DER-095; GP-DER-100; GP-DATA-101; GP-DATA-098-v1.1,EXPLICIT-CD COMPONENT PASS / H5 AND EXACT-FIELD MEMBERSHIP OPEN,,PASS-CD / PASS-5-CONTROLS / PREFILL-V1.1 / H5-OUTSIDE-GATES-OPEN / NO-PROMOTION
TR-EC014-003,2026-07-21T23:50:00Z,EASY_CLOSURE_PACKAGE_COMPLETE_PENDING_OUTSIDE_SCOPE_AND_HUMAN_GATES,TRUE,CORRECTED_SIX_PIN_PAIR_FRAME_EC014,"EC-014 had GP and CL exact reconstructions and one frozen AO48/CW-only scope gate, but no single complete terminal package bound the object, evidence, exclusions, dependencies, approvals, and register actions.","CL-AUD-059 adds disjoint primary-source corroboration and a clean scope read while explicitly preserving the AO48/CW gate. GP-CLS-PROP-017 now packages the exact four-fact closure, reviewer response form, Dylan approval text, register updates, and reopening path.","A complete closure package may be prepared before final approval, but EC-014 remains active until one AO48/CW scope approval and Dylan's explicit post-gate terminal decision are both filed.",File 4 (3.1)-(3.4); GP-DER-061; CL-DER-051; CL-AUD-059; GP-CLS-PROP-017,"No evidence removed. No gate is inferred from CL corroboration, package preparation, silence, or the user's general instruction to continue.",PRIMARY-SOURCE RECONSTRUCTION; EXACT LINEAR ALGEBRA; CLOSURE PACKAGE; SAME-LINE CORROBORATION,Finite-r corrected pair-frame linear transform and algebraic power ledger,r>0 exact algebra; no asymptotic or probabilistic regime,"Declared X_r/Y_r ordering, Jacobian convention, and separate r^2 normalizer factor",Longitudinal/transverse pair frame from File 4,CL reconstruction/corroboration complete; formal AO48 or CW/C047R scope inspection remains open.,EC-014 queue; GP-REQ-078; closure-package routing; future Closure Log entry,Uniform covariance convergence; z_r; contact limits; adjacency; P0.2; Theorem B; ballots; machines; exact-field work; releases/destructive operations,No new mathematical claim beyond existing exact reconstructions. The package freezes the exact terminal boundary.,"Adds one authoritative approval surface and prewritten additive register actions, reducing repeated reconstruction and scope drift.",,A complete package could be mistaken for terminal closure; CL's third computation could be miscounted as the AO48/CW gate; the factor 1/6 could be laundered into a contact-limit coefficient.,AO48/CW may find a scope or convention defect; Dylan may reject or amend the closure.,Primary equations; three reconstruction routes; two exponent mutations; explicit exclusion checklist; reviewer response schema; human approval text.,"The terminal object, evidence chain, exclusions, dependencies, and required actions no longer need to be assembled after the final response.",One AO48/CW scope verdict and Dylan post-gate terminal approval.,Dylan terminal approval after the outside scope gate only.,"Reopen package or future closure on matrix, ordering, determinant, density, mutation, power-ledger, or scope contradiction.",CLOSURE_PACKAGE_NOT_TERMINAL_STATUS,Keep EC-014 active; route one exact outside response; execute prewritten closure actions only after both gates.,"Every near-terminal item should have one package containing exact object, evidence, independence, affected/unaffected dependencies, terminal label, human gate, register actions, and reopening path.","No downstream contamination; no closure, theorem, ballot, machine, activation, release, deletion, or destructive state changed.",EC-014; GP-CLS-PROP-017; GP-REQ-078,PACKAGE READY / TECHNICAL GATE 5 OPEN / HUMAN APPROVAL OPEN / EC-014 ACTIVE,GOA-EC014-003,PASS-PACKAGE-COMPLETENESS / NO-CLOSURE / TWO-EXPLICIT-GATES-OPEN
TR-P02-027,2026-07-22T02:10:00Z,PRCP_DEGREE4_REPAIR_INDEPENDENT_REVIEW_AND_CLOSURE_READINESS,TRUE,P02_PRCP_WITNESS_PARAMETERIZED_DEGREE4_NONEMPTINESS,"GP-DER-092 had a byte-exact GP source, strict fixture, and 5/5 controls, but the degree-four repair remained same-line and HB-023 requested an independent reconstruction.",CL-AUD-060 independently reproduces both GP-AUD-090 defects from CL-DER-058's own formulas and independently reproduces the GP-DER-092 strict fixture and margins. The repaired degree-four event is cross-line verified and human-ready for narrow closure; exact-field and probability layers remain open.,"Close only the existence/nonemptiness and local openness of the repaired witness-parameterized degree-four PRCP event, and supersede CL-DER-058-v1.1 for degree-four execution only.",GP-AUD-090; GP-DER-092; raw GP-DATA-093; GP-AUD-094; CL-AUD-060; GP-CLS-PROP-018,"No provenance removed. CL-DER-058, its counterexamples, failed source shell, readable mirror, and all raw receipts remain preserved.",EXACT COUNTEREXAMPLES; BYTE-EXACT SOURCE; STRICT FIXTURE; INDEPENDENT CL RECONSTRUCTION; CLOSURE PACKAGE,Unconditioned typed pair-Palm degree-four local model only,r=1/20 strict interior fixture and its local finite-jet neighborhood,"Finite witness mu, exact eigendirection, two-section geometry; degree-four field only","Normalized pair chart M=(-1/2,0), S=(1/2,0)",GP construction/execution plus independent fresh CL reconstruction; AO48/CW review optional for this narrow object and still required/preferred for exact-field continuation,EC-015; HB-023 degree-four review; GP-DER-092; PRCP degree-four relation ledger,HB-024; HB-025; exact-field C1 transfer; H5; exact-torus replay; occupancy; probability; P0.2; Theorem B; ballots; machines,Adds cross-line verification of the repaired degree-four nonemptiness object; no exact-field or probability claim.,Moves the narrow object to human-approval-ready and splits completed degree-four review from active exact-field work.,,Same-line repair could have been mistaken for independently established; missing CL-DATA-059 could have continued to block a source-independent mathematical definition.,AO48/CW may still find a new contradiction; human approval is not yet filed.,CL recomputation of both counterexamples and all displayed fixture margins; source/provenance search; closure-scope exclusions.,Whether the repaired degree-four event is nonempty and whether CL-DER-058-v1.1 is valid for degree-four execution.,Dylan exact-scope approval; exact-field and probability work remain separate.,APPROVE EC-015 EXACT SCOPE,"Reopen only on contradiction to the exact fixture, repaired definitions, source identity, arithmetic, local openness, or scope.",CROSS_LINE_DEGREE4_COMPONENT_CLOSURE_READY,Publish GP-CLS-PROP-018; add EC-015; mark HB-023 degree-four review satisfied; retain HB-024/HB-025.,"Separate degree-four existence closures from exact-field, population, asymptotic, and theorem claims.","No canonical contamination; no theorem, machine, ballot, activation, release, deletion, or destructive effect.",GP-DER-092; GP-DATA-093; GP-AUD-094; CL-AUD-060; EC-015,HUMAN-APPROVAL-READY / NOT TERMINAL / EXACT-FIELD-OPEN,GOA-P02-020,PASS-INDEPENDENT-DEGREE4-REVIEW / CLOSURE-PACKAGE-READY / HUMAN-GATE-OPEN
TR-P01-001,2026-07-22T02:30:00Z,P01_JETBOX_EVIDENCE_MATERIAL_SCOPE_CORRECTION,TRUE,P01_JETBOX_CAPTURE_CORRIDOR,"CL-AUD-051 described a_r near one and a fixed approximately 0.71-mass capture box from three accessible rungs, 72 tested points, imported noncapture values, and local degree-four trajectories.","GP-AUD-103 accepts only a corrected numerical corridor diagnostic. GP-DATA-104 verifies all 512 vertices at each of three rungs reach CAPTURE_EVENT under a fail-closed classifier, but continuum capture, imported a_r, exact-torus/exact-field transfer, uniformity, and P0.1 remain open.","Finite-grid success and coordinate-box mass do not imply B subset A_r. A capture-mass lower bound requires continuum inclusion, exact object identity, failure-complete execution, exact-field transfer, and a rigorous positive mass bound.","CL-AUD-051; raw CL-DATA-051 source; GP-AUD-103-v1.0; GP-DATA-104-v1.0 capsule; fresh source reconstruction and 1,536-vertex/rung replay","No provenance removed. The headline a_r values, every-point box claim, exact-law label, uniformity language, and theorem-adjacent interpretation are superseded for current evidentiary use.",SOURCE AUDIT; FAIL-CLOSED FULL-VERTEX REPLAY; INFERENCE AUDIT; BYTE-EXACT CAPSULE,Declared planar finite-r Gaussian sampler with determinant/type weighting; P0.1 exact P_r^MS remains target,"Accessible r in {0.05,0.025,0.0125}; finite grid only",Planar kernel approximation; box widths use declared source STD values; imported a_r constants rejected,Normalized pair chart; degree-four local flow; GP-PROT-065 branch convention,GP adversarial audit only; AO48 or CW/C047R continuum/mass review and exact-field execution remain required,P0.1 corridor route; CL-AUD-051/CM-059 citation scope; HB-026; future interval or small-box proof,EC-015; exact-field H5 work; P0.2; EC-014; ballots; machines; releases; destructive operations,Adds a stronger 512-vertex/rung positive replay while withdrawing unsupported continuum and imported-a_r conclusions.,"Introduces explicit finite-grid-versus-continuum, box-mass-versus-capture-mass, classifier, law-layer, and uniformity guards.",,Finite samples or vertex tests being laundered into continuum inclusion; imported classifier-contaminated a_r treated as new evidence; box membership mass treated as capture mass.,The full 9D interior may contain adverse points; exact-field transfer and small-r mass stability remain unknown.,Exact CL source hash; static source inspection; 512 vertices x 3 rungs; solver/finite/type/branch/capture/escape gates; five planted audit controls.,The current P0.1 evidence grade and the exact reason the large box is not yet a proof are now explicit.,Interval/analytic certification or smaller certified box; rigorous exact mass; exact-field transfer; r-interval stability; outside review.,No human decision now.,"Reopen individual findings on source-hash mismatch, a finite-grid counterexample, a continuum proof, a valid configuration-identical a_r recomputation, or outside contradiction.",FINITE_GRID_TO_CONTINUUM_INFERENCE / IMPORTED_EVIDENCE / INSTRUMENT_FAIL_OPEN / LAW_LAYER_CONFLATION,Quarantine unsupported headlines; preserve corrected positive evidence; route GP-REQ-105 Route A or B.,"Every corridor claim must state grid versus continuum, box membership versus certified capture mass, field/law layer, r domain, classifier states, uncertainty, and outside review.",No downstream canonical contamination; P0.1 remains open and no theorem/machine/ballot/closure state changes.,CL-AUD-051; CL-DATA-051; GP-AUD-103; GP-DATA-104; GP-REQ-105,PARTIAL NUMERICAL EVIDENCE / CONTINUUM PROOF OPEN / IMPORTED a_r REJECTED,GOA-P01-001,PASS-1536-VERTEX-EVENTS / FAIL-CONTINUUM-INFERENCE / OPEN-EXACT-FIELD-AND-P01
TR-EC016-001,2026-07-22T03:25:00Z,EASY_CLOSURE_NEGATIVE_RESULT_PACKAGE_COMPLETE_PENDING_OUTSIDE_AND_HUMAN_GATES,TRUE,P01_IMPORTED_AR_AND_CONTINUUM_BOX_SOURCE_CLAIMS,CL-AUD-051 and CM-059 promoted imported a_r values and finite point tests into direct adjacency and continuum-corridor language; GP-AUD-103 corrected the scope but the rejected claims had no single terminal-retirement package.,"GP-CLS-PROP-019 freezes five exact rejected claims, retained positive evidence, affected/unaffected dependencies, outside-review schema, human approval text, register actions, and reopening path. EC-016 is package-ready but nonterminal.","A source-level negative result may be closed while preserving all numerical diagnostics: CL-DATA-051 does not recompute a_r, finite tests do not prove the continuum event, and box membership is not certified-capture mass without B subset A_r.",CL source; GP-AUD-103; byte-exact GP-DATA-104; 1536 fail-closed vertex/rung results; correction notices; GP-CLS-PROP-019,No source or positive evidence removed. Historical numbers and all original prose remain preserved below additive correction notices.,SOURCE AUDIT; BYTE-EXACT RECONSTRUCTION; FAIL-CLOSED FULL-VERTEX REPLAY; CONDITIONAL CLOSURE PACKAGE,Planar finite-r Gaussian sampler and local degree-four flow; exact P_r^MS remains target,Three accessible rungs; source/inference object only,Declared box coordinates and determinant/type weighting; imported a_r rejected,Normalized pair chart; full 9D coordinate box; degree-four classifier,GP audit complete; AO48 or CW/C047R exact retirement-scope review open,EC-016; CL-AUD-051/CM-059 citation scope; HB-027; P0.1 evidence hygiene,GP-REQ-105 continuum proof; finite-grid corpus; box-mass diagnostic; P0.1/P0.2; EC-014/015; ballots; machines,No new theorem. Freezes the exact negative source/inference result and preserves the positive finite-grid component.,Adds a one-surface retirement package and explicit two-gate closure workflow.,,Unsupported a_r and continuum claims could survive in summaries despite source correction; package readiness could be mistaken for terminal status.,Outside reviewer may identify a narrower or broader affected scope; a valid continuum proof or recomputation may later supersede the negative claims.,Exact source hash; static source audit; fresh capsule reconstruction; 512 vertices x 3 rungs; correction-notice verification; exclusion checklist.,The exact claims proposed for retirement and the positive evidence retained no longer need to be reassembled.,One AO48/CW scope verdict and Dylan post-review approval.,APPROVE EC-016 EXACT RETIREMENT SCOPE after affirmative outside review,"Reopen on source contradiction, a genuine failure-complete a_r recomputation, a proved continuum inclusion, classifier defect, or outside scope disagreement.",NEGATIVE_RESULT_PACKAGE_NOT_TERMINAL,Keep EC-016 active; route exact reviewer form; preserve GP-REQ-105 as positive continuation.,"When retiring an overclaim, separately ledger the admissible evidence that survives so correction does not become evidence destruction.","No downstream canonical contamination; no closure, theorem, ballot, machine, activation, release, deletion, or destructive state changed.",CL-AUD-051; CL-DATA-051; CM-059; GP-AUD-103; GP-DATA-104; GP-CLS-PROP-019; EC-016,PACKAGE READY / OUTSIDE SCOPE GATE OPEN / HUMAN GATE OPEN / ACTIVE,GOA-EC016-001,PASS-PACKAGE-COMPLETENESS / FAIL-PROMOTED-SOURCE-CLAIMS / RETAIN-FINITE-GRID-EVIDENCE / NO-CLOSURE
TR-P01-002,2026-07-22T03:00:00Z,P01_ROUTEB_FULL_DIMENSIONAL_DEGREE4_INTERVAL_BOX_PASS,TRUE,P01_ROUTEB_D4_BOX_001,"P0.1 had a strict degree-four point and a large finite-grid candidate box, but no full-dimensional continuum neighborhood had been certified on every point.",GP-DER-106 defines a positive-width box in all nine jet coordinates around PRCP-INTERIOR-001. GP-DATA-106 outward-rounded interval sufficient conditions certify every degree-four gate G0-G7 on the full box; GP-AUD-107 reconstructs the Drive capsule and 5/5 controls.,"A full-dimensional continuum degree-four capture box is distinct from finite-grid evidence. Its existence does not supply a Palm mass lower bound, exact-field transfer, r-interval uniformity, or P0.1.",GP-DER-106-v1.0; GP-DATA-106-v1.0 capsule; GP-AUD-107-v1.0; GP-DER-092; GP-REQ-105 Route B,No prior evidence removed. The large CL box remains a separate numerical candidate; the strict-point closure EC-015 remains human-ready.,OUTWARD-INTERVAL POLYNOMIAL CERTIFICATE; BYTE-EXACT SOURCE/RECEIPT; FIVE BOX MUTATIONS; SAME-LINE EXECUTION,Degree-four local model under the declared finite-jet typed coordinates; exact P_r^MS mass remains a downstream gate,r=1/20 fixed; full nine-dimensional rational box; degree-four continuum layer,"Fixed witness mu=1/(40sqrt2), sigma=1/10, kappa=1/100; no probability normalization asserted","Normalized pair chart with complete cone, central strip, M-side section, and capture-ball enclosure",GP same-line interval execution complete. CL/AO48/CW independent interval/source review open.,HB-026 Route B; exact finite-r mass integration; HB-024/HB-025 exact-field transfer; future r-family continuation,EC-015; EC-014; P0.1 theorem; P0.2; ballots; machines; release/destructive gates,Adds a continuum degree-four box with explicit positive margins in all nine coordinates.,"Changes HB-026 from box-construction search to outside verification, rigorous mass, exact-field transfer, and r-interval continuation.",,A same-line interval box could be misread as an exact-law positive-mass or exact-field theorem; interval dependency or capture enclosure may hide an overconservative or erroneous bound.,"The exact finite-r Gaussian density/normalizer lower bound, exact-field remainder, and small-r persistence of the box are not established.",Fresh Drive gzip/base64 reconstruction; original frozen filename rerun; 19 positive lower bounds; five targeted box mutations.,Whether an explicit full-dimensional continuum degree-four Route-B box exists around the verified fixture.,Outside interval audit; rigorous determinant-weighted mass lower bound; exact-field transfer; r-interval continuation.,No human decision now.,"Reopen on source/hash mismatch, interval formula error, failed outside check, nonpositive hidden gate, or a point in the declared box violating G0-G7.",DEGREE4_CONTINUUM_COMPONENT_NOT_MASS_OR_EXACT_FIELD,Register component pass; narrow HB-026; route exact law/mass to CW and interval attack to AO48/CL.,"Continuum-box claims must bind all coordinate widths, state-domain enclosures, witness parameters, margin lower bounds, interval source, controls, and field/law layer.",No downstream canonical contamination; P0.1 remains open and no theorem/machine/ballot/closure status changes.,GP-DER-106; GP-DATA-106; GP-AUD-107; GP-REQ-105 Route B,GP-SIDE DEGREE4 CONTINUUM BOX PASS / MASS-EXACT-FIELD-OUTSIDE GATES OPEN,GOA-P01-002,PASS-FULL-DIMENSIONAL-BOX / PASS-5-CONTROLS / OPEN-MASS-EXACT-FIELD-P01
TR-P01-003,2026-07-22T03:35:00Z,ROUTEB_FULL_DIMENSIONAL_DEGREE4_INTERVAL_BOX_COMPONENT_PASS,TRUE,P01_ROUTEB_D4_BOX_001,GP-AUD-103 left the continuum-corridor implication open and GP-REQ-105 Route B requested a smaller analytically certified box around PRCP-INTERIOR-001.,"GP-DER-106 and byte-exact GP-DATA-106 certify all repaired degree-four gates over a positive-width nine-coordinate box at r=1/20; GP-AUD-107 confirms exact Drive reconstruction, byte-identical execution, positive margins, and 5/5 controls. Outside interval review, exact finite-r mass, exact-field transfer, and P0.1 remain open.","For every jet vector in the declared box a∈[0.0024,0.0026], w∈[-0.001,0.001], z∈[0.99,1.01], s∈[-1.02,-0.98], and each quartic coefficient in [-0.01,0.01], the implemented outward-interval sufficient conditions establish strict degree-four saddle typing, maximum typing, selected-cone entry, strip transit, chart containment, and sink capture at r=1/20.",GP-DER-106-v1.0; GP-DATA-106-v1.0 capsule; GP-AUD-107-v1.0; fresh source/receipt reconstruction; all stored interval margins; five planted controls,No prior evidence removed. GP-AUD-103 finite-grid correction remains valid for the larger CL box. EC-015 single-fixture package remains separate.,BYTE-EXACT SOURCE RECONSTRUCTION; OUTWARD-INTERVAL SUFFICIENT CONDITIONS; FULL-DIMENSIONAL DEGREE-FOUR CONTINUUM BOX; SAME-LINE EXECUTION,Degree-four local PRCP event under declared repaired witness/eigendirection/two-section definitions,Fixed r=1/20 and one fixed nine-dimensional box; no r interval,"Finite witness mu=1/(40 sqrt2), sigma=1/10, kappa=1/100; no Gaussian/Palm normalization claim","Normalized pair chart; full cone, strip, section, and capture domains",GP source and interval audit pass; independent CL/AO48/CW interval reconstruction remains open,GP-REQ-105 Route B; EC-018; HB-028; future exact finite-r mass and exact-field transfer,EC-014/015/016; R0.2 ballots; exact-field HB-024/HB-025; P0.1/P0.2 theorem status; machines; releases; destructive operations,Adds the first full-dimensional continuum-box certificate at the degree-four layer and replaces finite-grid extrapolation with interval sufficient conditions for this smaller box.,"Creates a distinct low-distance closure candidate and separates interval-box, mass, exact-field, and r-uniformity gates.",,"A GP-side interval certificate could be mistaken for independent proof, positive Palm mass, exact-field capture, or uniform P0.1 positivity.",Outside interval dependency/eigendirection/Gershgorin review is absent; explicit exact-law mass lower bound and exact-field transfer remain absent.,Fresh capsule hashes; exact filename-bound rerun; minimum margin 0.007485281374238566; full interval gate ledger; five mutation controls.,Whether a positive-width full nine-coordinate degree-four capture box exists at the fixed fixture/rung is now answered on the GP line.,Outside interval review; exact finite-r Gaussian/determinant mass bound; exact-field transfer; r-interval continuation; human closure decision.,No human decision now; EC-018 becomes human-ready only after an affirmative outside interval review.,"Reopen on source/hash mismatch, interval-formula error, failed outside reexecution, invalid cone/capture sufficiency, or a counterexample inside the declared box.",SAME_LINE_INTERVAL_COMPONENT_NOT_MASS_OR_EXACT_FIELD_PASS,Register GP-side pass; solicit independent interval attack; keep mass/exact-field/r-uniformity tasks active.,"Every continuum-box certificate must bind all coordinate widths, state domains, interval formulas, smallest margin, source/receipt hashes, mutation controls, law/field layer, and outside review class.","No downstream canonical contamination; no theorem, closure, ballot, machine, activation, release, deletion, or destructive state changed.",GP-DER-106; GP-DATA-106; GP-AUD-107; P01-ROUTEB-D4-BOX-001; GP-REQ-105,GP-SIDE DEGREE4 CONTINUUM-BOX PASS / OUTSIDE-REVIEW-OPEN / MASS-AND-EXACT-FIELD-OPEN,GOA-P01-003,PASS-SOURCE-AND-INTERVAL-BOX / PASS-5-CONTROLS / OUTSIDE-MASS-FIELD-GATES-OPEN / NO-PROMOTION
TR-P01-004,2026-07-22T03:50:00Z,P01_FIXED_R_EXACT_TYPED_PALM_POSITIVE_MASS_COMPONENT_PASS,TRUE,P01_ROUTEB_D4_BOX_001_FIXED_R_PALM_MASS,"GP-DER-106 provided a full-dimensional degree-four continuum box at r=1/20, but rigorous typed-Palm positive mass remained an open interface.","GP-DER-108 proves qualitative positive P_r^MS mass at r=1/20 using exact-torus covariance nondegeneracy, positive box volume, and uniform determinant-weight margins. GP-AUD-109 records a fresh arbitrary-precision exact-law execution. Outside review and terminal approval remain open.","At r=1/20, P_r^MS(P01-ROUTEB-D4-BOX-001)>0 and therefore P_r^MS(H_r^(4))>0 for the degree-four event only.",GP-DER-106; GP-DATA-106; GP-AUD-107; GP-DER-108; GP-AUD-109; GP-DATA-035 exact finite-r law; covariance min eigenvalue 0.433285274858...; box volume 1.024e-18; weight lower bound 0.959217427694...,"No evidence removed. Quantitative mass, uniform-r, exact-field, and theorem gates remain active.",EXACT FINITE-DIMENSIONAL MEASURE DERIVATION; FRESH ARBITRARY-PRECISION EXACT-TORUS EXECUTION; INTERVAL BOX MARGINS; SAME-LINE,Exact normalized-periodized six-pin midpoint nine-jet Q_r and determinant-weighted typed maximum-saddle Palm law P_r^MS,Single fixed r=1/20; degree-four capture layer only,Exact P_r^MS normalization; fixed-r q↔s linear coordinate change,Normalized pair chart and declared nine-jet ordering,"GP author-line proof/execution complete; one CL, AO48, or CW/C047R independent review required",EC-017; HB-026 fixed-r mass interface; GP-REQ-105 Route B,Exact-field HB-024/HB-025; r-uniform P0.1; P0.2; EC-014/015/016; ballots; machines; releases; destructive gates,Adds an exact qualitative positive fixed-r typed-Palm mass consequence for the certified degree-four box.,"Creates a complete conditional closure surface and separates qualitative fixed-r mass from numerical, uniform-r, and exact-field claims.",,Positive-volume interval boxes could be left in an ambiguous probability state or mistakenly treated as exact-field/uniform-r results.,Same-line interval or covariance errors could contaminate the mass implication; a qualitative result could be misread as a numerical lower bound.,Exact covariance eigenvalue execution; coordinate crosswalk; determinant lower bounds; box volume; Gaussian density positivity; finite polynomial normalizer,Whether the exact finite-r typed-Palm law assigns strictly positive mass to the certified Route-B degree-four box at r=1/20 is resolved on GP line.,One non-GP review; numerical/certified mass magnitude; r-interval continuation; exact-field transfer; P0.1,After affirmative non-GP review: APPROVE EC-017 EXACT SCOPE,"Reopen on law/coordinate mismatch, covariance singularity, interval-box failure, determinant/type failure, Palm-weight/normalizer error, or scope contamination.",FIXED_R_QUALITATIVE_MASS_COMPONENT_NOT_UNIFORM_OR_EXACT_FIELD,"Register author-line component; route outside review; keep quantitative, uniform-r, and exact-field tasks active.","Every positive-mass claim must bind law, coordinates, box volume, density nondegeneracy, weight positivity, normalizer finiteness, r-domain, field layer, and review class.","No theorem, closure, ballot, machine, activation, release, deletion, or destructive state changed.",GP-DER-106; GP-DER-108; GP-AUD-109; P01-ROUTEB-D4-BOX-001; EC-017,AUTHOR-LINE FIXED-r MASS PASS / OUTSIDE REVIEW OPEN / EXACT-FIELD AND P0.1 OPEN,GOA-P01-004,SUPERSEDED FOR EXACT-FIELD SCOPE BY TR-P01-006; FINITE-Q4 QUALITATIVE MATH PRESERVED
TR-ECID-001,2026-07-22T04:00:00Z,EASY_CLOSURE_IDENTIFIER_COLLISION_CORRECTION,TRUE,EC017_EC018_SCOPE_DISAMBIGUATION,Two mathematically distinct queue objects were concurrently labeled EC-017: the degree-four-only interval-box review candidate and the positive fixed-r typed-Palm mass package.,"GP-CLS-PROP-020 retains EC-017 because its package explicitly binds that ID. The earlier degree-four-only interval-box review candidate is renumbered EC-018. All evidence, transitions, and review tasks remain preserved.",Closure candidate identifiers must map one-to-one to exact terminal scopes. A later packaged object does not merge with an earlier technical-review object merely because both involve the same box.,Easy Closure Queue rows; GP-CLS-PROP-020; GP-DER-106; GP-AUD-107; REL-137; TR-P01-003,No mathematical evidence or package removed; only live routing references for the degree-four-only candidate are corrected.,IDENTIFIER AND CLOSURE-SCOPE LINEAGE CORRECTION,Governance and closure workflow only,All regimes unchanged,No law or normalization change,No coordinate change,Source/queue reconciliation; no technical review credited,EC-017 positive fixed-r mass package; EC-018 degree-four interval-box review; HB-028,"All mathematical claims, EC-014/015/016, ballots, machines, exact-field tasks",NONE,Restores unique candidate IDs and prevents scope merging.,,Different terminal scopes sharing one queue ID could cause the wrong review or human approval to close both objects.,Historical documents may still contain the provisional EC-017 label for the degree-four object and must be read with this correction.,Queue row comparison; package ID inspection; relation and transition crosswalk; command-center routing update.,Which exact object owns EC-017 and which identifier routes the degree-four-only review.,Outside reviews and human approvals remain open for both candidates.,No human decision required for identifier correction.,Reopen only if an earlier authoritative package proves EC-018 was already assigned to another exact scope.,IDENTIFIER_COLLISION / SCOPE_CONFLATION,Retain EC-017 for GP-CLS-PROP-020; route GP-DER-106-only closure review as EC-018; preserve all provenance.,"Every closure candidate must have a unique ID, one exact scope, one package lineage, and explicit supersession/correction records.",No scientific contamination; neither candidate becomes terminal by renumbering.,EC-017; EC-018; GP-CLS-PROP-020; GP-DER-106; GP-AUD-107,IDENTIFIERS CORRECTED / BOTH GATES OPEN,GOA-ECID-001,PASS-ID-DISAMBIGUATION / NO-CLOSURE / NO-PROMOTION
TR-P01-005,2026-07-22T04:10:00Z,P01_FIXED_R_EXACT_TYPED_PALM_QUANTITATIVE_LOWER_BOUND_PASS,TRUE,P01_ROUTEB_D4_BOX_001_FIXED_R_QUANTITATIVE_PALM_MASS,GP-DER-108/GP-AUD-109 established qualitative positive exact typed-Palm mass at r=1/20 but explicitly left numerical/certified magnitude open.,"GP-DER-110, byte-exact GP-DATA-110, and GP-AUD-111 give a conservative interval lower bound P_{1/20}^MS(B)>=4.7285293630365039158e-31 with raw/divided-difference overlap, explicit normalizer upper bound, and 5/5 controls. Outside review remains open.","For the identical exact finite-r law, box, determinant/type weight, and q↔s coordinate map, the displayed number is a GP-side certified candidate lower bound on fixed-r finite-jet Palm membership mass. It is not an exact-field or uniform-r result.",GP-DER-110-v1.0; GP-DATA-110-v1.0 capsule; GP-AUD-111-v1.0; GP-DER-108; GP-AUD-109; fresh Drive source/receipt reconstruction,No evidence removed. GP-CLS-PROP-020 retains its qualitative terminal scope; the numerical bound is additive supporting evidence.,EXACT-TORUS INTERVAL CONDITIONAL LAW; DENSITY-INFIMUM RECTANGLE BOUND; DETERMINANT LOWER BOUND; GAUSSIAN-MOMENT NORMALIZER UPPER BOUND; BYTE-EXACT SAME-LINE EXECUTION,Exact normalized-periodized side-24 six-pin midpoint nine-jet law and determinant-weighted typed maximum-saddle Palm law,Single fixed r=1/20; finite-dimensional degree-four capture box only,q=rs fixed-r Jacobian; exact P_r^MS normalization; conservative omitted-image enclosure and normalizer upper bound,Nine midpoint jets in q coordinates; same Route-B box defined in s coordinates,"GP same-line source, arithmetic, and object crosswalk pass; non-GP interval/law/moment review open",EC-017 evidence; HB-026 fixed-r magnitude; HB-029 technical review; GP-REQ-105 Route B,EC-018 interval-only review; exact-field HB-024/HB-025; r-uniform P0.1; P0.2; EC-014/015/016; ballots; machines; releases; destructive gates,Adds a numerical fixed-r lower bound beyond the existing qualitative positivity proof.,Moves active fixed-r magnitude work from derivation to outside verification/optimization; preserves qualitative closure scope.,,"A tiny same-line bound could be mistaken for an optimized probability, uniform c_A, exact-field result, or independently verified constant.","Outside verification of tail, conditional intervals, moment normalizer, and final arithmetic is absent; exact-field and r-interval continuation remain open.",Fresh capsule hashes; original-filename byte-identical rerun; raw/DD overlap; density and Mahalanobis intervals; 5 negative controls.,The numerical/certified fixed-r magnitude is no longer an unquantified unknown on the GP line.,Non-GP review; potential bound optimization; exact-field transfer; r-interval continuation; P0.1.,"After affirmative non-GP review, Dylan still decides EC-017 qualitative terminal scope; numerical-bound adoption is optional and must be explicit.","Reopen the numeric component on source/hash mismatch, interval-law disagreement, insufficient tail enclosure, coordinate Jacobian error, invalid density/weight/normalizer bound, or outside disjoint result.",FIXED_R_QUANTITATIVE_COMPONENT_NOT_UNIFORM_OR_EXACT_FIELD,Add quantitative evidence to EC-017; update HB-026/HB-029; keep exact-field and r-uniform fronts active.,"Every numerical Palm lower bound must bind law, coordinate measure, box volume, density enclosure, weight bound, normalizer bound, source/receipt hashes, controls, and review class.","No downstream canonical contamination; no terminal closure, theorem, ballot, machine, release, deletion, or destructive state changed.",GP-DER-110; GP-DATA-110; GP-AUD-111; GP-DER-108; GP-AUD-109; EC-017,GP-SIDE QUANTITATIVE FIXED-r LOWER BOUND PASS / NON-GP REVIEW OPEN / EXACT-FIELD-P01 OPEN,GOA-P01-005,SUPERSEDED FOR EXACT-FIELD SCOPE BY TR-P01-006; FINITE-Q4 NUMERICAL MATH PRESERVED
TR-P01-006,2026-07-22T04:30:00Z,FINITE_Q4_VERSUS_EXACT_FIELD_PALM_SCOPE_CORRECTION,TRUE,EC017_PALM_WEIGHT_OBJECT_IDENTITY,EC-017 v1.0 and GP-DER-108/110 used exact-field P_r^MS notation while their weight/type formulas came from GP-DER-043's normalized quartic endpoint Hessians measurable from the nine midpoint jets.,"GP-AUD-112 proves the current mass result is for the typed finite-Q4 Palm law P_{r,Q4}^{MS}. v1.0 is superseded for review by GP-CLS-PROP-020-v1.1. The finite-Q4 qualitative and numerical results survive; exact full-field Palm mass and adjacency reopen/remain open.",The exact six-pin full-field Palm weight depends on exact endpoint Hessians. The higher-order residual may change endpoint Jacobians and types; nine midpoint jets alone do not determine the exact weight.,"GP-AUD-112-v1.0; P0.1 READ FIRST; GP-DER-043 §§1,7; GP-DER-045 remainder layer; GP-CLS-PROP-020-v1.1; additive notices on v1.0 derivations/audits/capsule",No source or computation removed. Exact-field notation and v1.0 closure scope are superseded; finite-Q4 mathematics is retained under explicit relabeling.,PRIMARY SOURCE OBJECT AUDIT; FIELD-LAYER CROSSWALK; NUMBERED CLOSURE REVISION,Finite-Q4 nine-jet typed Palm law versus exact full-field determinant-weighted Palm law,Fixed r=1/20 for EC-017; exact-field front separate,Finite-Q4 weight uses normalized quartic endpoint Hessians; exact full-field weight integrates residual endpoint Hessians,Nine midpoint jets versus full conditioned field in the normalized pair chart,GP object audit only; one non-GP review of revised finite-Q4 package and separate exact-field proof remain open,EC-017 revision; HB-029; HB-026; HB-030 exact-field support route; GP-DER-108/110 scope labels,GP-DER-106 degree-four box; finite-Q4 positive mass and numerical bound; EC-018; EC-014/015/016; ballots; machines; releases,No finite-Q4 formula changes. The probability law and closure label are narrowed from exact full field to finite-Q4.,Adds mandatory Palm-weight field-layer identity and prevents exact Gaussian jet law from being confused with exact full-field Palm weighting.,,An exact finite-dimensional conditional jet law can make a model look exact even when determinant weights and event types still depend on unconditioned higher derivatives.,Exact full-field support/weight positivity and residual endpoint Hessian control remain unproved.,"Direct comparison of P0.1 object card, GP-DER-043 finite-Q4 definitions, and GP-DER-045 nonzero Jacobian remainder; constraint measurability audit.",Which probability object is actually proved positive and which exact-field bridge remains missing.,Non-GP review of v1.1; conditional support or populated residual transfer; exact full-field normalizer; r-uniformity.,"After non-GP approval of Revision 1.1, Dylan may close only the finite-Q4 object with exact wording.","Reopen if exact endpoint Hessians are proved measurable from the nine midpoint jets, the residual endpoint Jacobian vanishes identically, or a primary exact crosswalk contradicts GP-AUD-112.",FIELD_LAYER_AND_PALM_WEIGHT_OBJECT_MISMATCH,Supersede EC-017 v1.0 for review; publish v1.1 finite-Q4 package; preserve exact-field front as HB-030.,Every Palm claim must declare whether Hessians/types are exact full-field or truncation-derived and whether the weight is measurable from the stated finite jets.,No theorem or canonical contamination occurred because no outside/human approval had passed. Stale exact-field readings are quarantined.,GP-AUD-112; GP-CLS-PROP-020-v1.0/v1.1; GP-DER-043; GP-DER-045; GP-DER-108/110; EC-017,v1.0 SCOPE FAILED / v1.1 FINITE-Q4 PACKAGE READY / EXACT-FIELD OPEN,GOA-P01-006,PASS-OBJECT-CORRECTION / FINITE-Q4-RESULT-PRESERVED / EXACT-FIELD-P01-OPEN / NO-PROMOTION
TR-P01-006,2026-07-22T04:20:00Z,EC017_EXACT_FIELD_VS_FINITE_Q4_PALM_SCOPE_CORRECTION,TRUE,P01_ROUTEB_EC017_FINITE_Q4_PALM_OBJECT,TR-P01-004/TR-P01-005 and GP-CLS-PROP-020-v1.0 used P_r^MS notation that could be read as the exact full-field Palm law.,"GP-AUD-112 proves the evidence supports only the typed finite-Q4 Palm law P_{r,Q4}^MS. GP-CLS-PROP-020-v1.1 is the sole reviewable package; exact full-field Palm mass and adjacency remain open.","At r=1/20, the certified box has positive mass, with a GP-side candidate lower bound 4.7285293630365039e-31, only under the finite-Q4 typed Palm law built from the exact nine-jet Gaussian law and quartic endpoint Hessians.",GP-AUD-112-v1.0; GP-CLS-PROP-020-v1.1; GP-DER-043; GP-DER-045; GP-DER-106/108/110; GP-AUD-109/111,GP-CLS-PROP-020-v1.0 is superseded for review. Exact-field interpretations of GP-DER-108/110 and TR-P01-004/005 are withdrawn; all files and calculations remain preserved under corrected scope.,PRIMARY-SOURCE OBJECT AUDIT; FIELD-LAYER CROSSWALK; NUMBERED CLOSURE REVISION,"Exact nine-midpoint-jet Gaussian law with quartic endpoint Hessian weight, defining P_{r,Q4}^MS; distinct from exact full-field P_r^MS",Single fixed r=1/20; finite-Q4/degree-four layer only,"Finite-Q4 normalizer Z_{r,Q4}; q=rs fixed-r coordinate Jacobian",Nine midpoint jets plus normalized quartic endpoint Hessians; exact endpoint residual Hessians excluded,GP same-line object audit complete; one CL/AO48/CW review of Revision 1.1 remains required,EC-017; HB-026; HB-029; GP-CLS-PROP-020; definitions and relations for fixed-r mass,GP-DER-106 degree-four interval box; EC-014/015/016/018; exact-field HB-024/HB-025; ballots; machines,Relabels the valid fixed-dimensional probability result and withdraws the unsupported exact-field Palm interpretation; no numerical arithmetic is changed.,"Adds a binding finite-Q4-versus-exact-field distinction, numbered revision, stale-review retirement, and exact-field continuation route.",,Finite-dimensional Gaussian-law evidence being laundered into an exact full-field Palm statement.,Reviewers may still cite v1.0 or old P_r^MS notation unless the revision and alarm are read.,"Read P0.1 object card, GP-DER-043 finite-Q4 definition, GP-DER-045 nonzero endpoint Jacobian remainder, and GP-AUD-112 crosswalk.",The exact probability object supported by GP-DER-108/110 and the reason exact-field weighting is not nine-jet measurable.,Non-GP review of v1.1; exact-field endpoint-Hessian/support transfer; exact-field normalizer; r-interval uniformity; P0.1.,"After affirmative non-GP review, Dylan may approve only with wording APPROVE EC-017 REVISION 1.1 EXACT SCOPE.","Reopen if primary evidence proves exact endpoint Hessians are determined by the nine jets, residual endpoint Jacobians vanish identically, or an equivalent exact-field crosswalk is supplied.",FINITE_Q4_PROXY_LAUNDERING_INTO_EXACT_FIELD_PALM,Supersede v1.0 for review; route all closure review to v1.1; keep exact-field Palm/support work active; preserve every artifact.,Every Palm statement must identify whether endpoint Hessians/types are exact full-field or quartic finite-jet functions and bind the corresponding normalizer.,"No theorem or machine contamination after correction; no terminal closure, ballot, activation, release, deletion, or destructive effect.",GP-AUD-112; GP-CLS-PROP-020-v1.0/v1.1; GP-DER-108/110; GP-AUD-109/111; EC-017,V1.0 MATERIAL-SCOPE-FAILED / V1.1 REVIEWABLE / EXACT-FIELD OPEN,GOA-P01-006,PASS-MATERIAL-SCOPE-CORRECTION / V1.1 NON-GP-AND-HUMAN-GATES-OPEN / NO-PROMOTION
TR-P01-007,2026-07-22T04:55:00Z,P01_FIXED_R_EXACT_FULL_FIELD_CONDITIONAL_SUPPORT_PROOF_CANDIDATE,TRUE,P01_EXACT_FULL_FIELD_PALM_POSITIVITY_r_1_20,"Finite-Q4 positive mass was proved, but exact full-field endpoint Hessian weighting and exact capture still depended on higher-order residual field information.","GP-DER-112-v1.1 proves a fixed-r exact-field positivity candidate via C4 exact-torus affine RKHS support under all fifteen constraints, positive nine-jet density, a uniform robust capture neighborhood, measurable disintegration, exact endpoint weight positivity, and exact full-field normalizer finiteness. GP-AUD-113 passes the GP-side proof audit.","At r=1/20, positive exact full-field typed-Palm adjacency mass follows if the cited-standard Gaussian support theorem and the project-specific fifteen-Gram, RKHS-density, and uniform-capture dependencies are accepted. No numerical or uniform-r conclusion follows.",GP-DER-112-v1.1; GP-AUD-113-v1.0; GP-CLS-PROP-023-v1.0; GP-DER-106; GP-DER-044; GP-DER-045; GP-PROT-065; Q0_MASTER LB-ARCH precedent; GP-AUD-112,No evidence removed. GP-DER-112-v1.0 is superseded for review due to C2/C4 and physical/scaled notation hazards.,ANALYTIC CONDITIONAL GAUSSIAN SUPPORT; AFFINE RKHS CONSTRAINT CORRECTION; DISINTEGRATION; ROBUST DYNAMICAL TRANSFER; EXACT WEIGHT/NORMALIZER,Exact normalized-periodized six-pin full-field conditional law and exact determinant-weighted typed Palm law,Single fixed r=1/20; qualitative positivity only,GP-DER-045 physical/scaled map; exact fifteen physical constraints; exact full-field endpoint Hessians,C4 torus field space; C2 scaled local capture neighborhood,GP same-line proof and audit complete; non-GP line-by-line review open,EC-019; HB-030; fixed-r exact-field portion of GP-REQ-105 Route B,EC-017 finite-Q4 mass; EC-018 degree-four box; numerical exact-field mass; r-uniform P0.1; P0.2; EC-014/015/016; ballots; machines; releases,Adds a complete fixed-r exact-field qualitative support proof candidate and exact Palm normalizer argument.,Creates EC-019 review/human gates and separates fixed-r exact-field existence from numerical and uniform-r fronts.,,Banach support or constraint topology could be misstated; finite-Q4 weights could re-enter silently; a single conditioned jet could be mistaken for positive unconditional mass; exact normalizer could be conflated.,"Object-specific non-GP review of the C4 support, full constraint Gram, uniform epsilon, measurability, and exact weight/normalizer remains absent.","Six logical mutations in GP-AUD-113: C2 topology, missing constraint correction, single-jet zero mass, unnecessary uniform small-ball constant, finite-Q4 numerator, finite-Q4 normalizer.",The exact fixed-r support/weight proof path and its separation from finite-Q4 evidence are now explicit.,Non-GP proof review; Dylan approval for EC-019; numerical exact-field lower bound; r-interval continuation; P0.1.,"After affirmative non-GP review, Dylan must state APPROVE EC-019 EXACT FIXED-r FULL-FIELD SCOPE.","Reopen on singular Gram, failed RKHS density/correction, invalid conditional support/disintegration, no uniform capture neighborhood, exact type/capture counterexample, weight/normalizer failure, or hidden finite-Q4 substitution.",FIXED_R_EXACT_FIELD_COMPONENT_NOT_UNIFORM_P01,Register EC-019 package; route HB-030 review; keep numerical and r-uniform fronts active.,"Every exact-field support claim must bind Banach topology, constraint order, scaled-field map, affine RKHS correction, disintegration set, exact weight, normalizer, branch convention, and review class.","No downstream canonical contamination; no terminal closure, P0.1 theorem, ballot, machine, release, deletion, or destructive state changed.",GP-DER-112-v1.1; GP-AUD-113; GP-CLS-PROP-023; EC-019; HB-030,GP-SIDE FIXED-r EXACT-FIELD PROOF CANDIDATE / OUTSIDE-AND-HUMAN-GATES-OPEN / P0.1 OPEN,GOA-P01-007,PASS-GP-PROOF-AUDIT / NON-GP-REVIEW-OPEN / NO-PROMOTION
TR-P01-007-COLLISION-PROVENANCE,2026-07-22T04:22:00Z,P01_FIXED_R_EXACT_FIELD_CANDIDATE_COLLISION_PROVENANCE,TRUE,P01_EXACT_FULL_FIELD_FIXED_R_SUPPORT_BRIDGE,"A same-line candidate transition was appended before a concurrent, more complete TR-P01-007 row became visible.","This earlier-scope row is preserved as collision provenance only. Operative routing is the authoritative TR-P01-007 row binding GP-DER-112-v1.1, GP-AUD-113, GP-CLS-PROP-023, EC-019, and HB-030.",No independent mathematical claim is added by this provenance row. It records the same GP-side candidate at an earlier coordination state and must not be used instead of the authoritative EC-019 stack.,GP-DER-112-v1.1; GP-AUD-113-v1.0; GP-CLS-PROP-023-v1.0; EC-019; HB-030; authoritative TR-P01-007,No evidence removed. The original text and timestamp are preserved through this additive collision label.,IDENTIFIER_COLLISION_PROVENANCE / NO NEW EVIDENCE,Exact full conditioned Gaussian field and exact determinant-weighted typed Palm law P_r^MS,Single fixed r=1/20; qualitative candidate only,Exact full-field Palm normalizer and endpoint Hessian/type weight,Side-24 torus physical field in C4 and normalized scaled pair chart,Nonoperative provenance row; outside review status governed by authoritative TR-P01-007 and EC-019,Identifier audit and historical trace only,EC-017/018; P0.1; P0.2; ballots; machines; releases remain unaffected,NONE — no mathematical change beyond the authoritative row.,Resolves duplicate-ID ambiguity without deleting either concurrent record.,NCC-P01-TR007-COLLISION,Concurrent writers allocated the same transition ID before visibility convergence.,Readers could count the candidate twice or route review through the less complete row.,Search must return exactly one authoritative TR-P01-007 and one explicitly labeled collision-provenance row.,Which TR-P01-007 row governs operative routing is now explicit.,"Outside review, human EC-019 approval, quantitative mass, r-uniformity, and P0.1 remain open.",No human decision required for the identifier repair.,Reopen identifier reconciliation if another duplicate TR-P01-007 appears or authoritative dependencies change.,CONCURRENT_TRANSITION_ID_COLLISION,Preserve both records; make the later complete row authoritative; quarantine this row as provenance.,Transition IDs require post-write collision scans; collision rows must name the authoritative operative object.,No downstream mathematical or canonical contamination; this repair is coordination-only.,GP-DER-112-v1.1; GP-AUD-113; GP-CLS-PROP-023; EC-019; HB-030,COLLISION PROVENANCE / NONOPERATIVE / AUTHORITATIVE ROUTING VIA TR-P01-007,GOA-P01-007-DUP1,PASS-PROVENANCE-PRESERVATION / DUPLICATE-ID-REMOVED / NO-PROMOTION
TR-P01ID-001,2026-07-22T04:30:00Z,TRANSITION_IDENTIFIER_COLLISION_RECONCILIATION,TRUE,P01_TR007_IDENTIFIER_NAMESPACE,Two concurrent rows became visible with Transition ID TR-P01-007: a later complete EC-019 stack and an earlier candidate-only coordination row.,"The later row binding GP-DER-112-v1.1, GP-AUD-113, GP-CLS-PROP-023, EC-019, and HB-030 remains authoritative as TR-P01-007. The earlier row is relabeled TR-P01-007-COLLISION-PROVENANCE and made nonoperative.","Identifier reconciliation changes no mathematics, proof status, review status, or human gate.",Register post-write scan; verified GP-AUD-113 and GP-CLS-PROP-023; preserved both concurrent rows,No evidence deleted or overwritten.,REGISTER_INTEGRITY / COLLISION_REPAIR,N/A,Coordination layer only,N/A,Transition Register namespace,No mathematical review credit,Authoritative EC-019 routing; future register searches and audits,All P0.1 mathematical objects and gates unchanged,NONE,Adds authoritative/nonoperative distinction and collision provenance.,NCC-P01-TR007-COLLISION,Duplicate transition IDs under concurrent writes,Future collision if writers allocate IDs without a fresh tail scan,"Search TR-P01-007, TR-P01-007-COLLISION-PROVENANCE, and TR-P01ID-001; verify one result each.",Operative routing ambiguity for this collision is removed.,Broader historical duplicate-ID census remains separate.,No human decision required.,Reopen if any operative reference points to the provenance row or a new TR-P01-007 duplicate appears.,CONCURRENT_ID_COLLISION,"Preserve provenance, designate authority, add alarm, and require post-write uniqueness scans.",Every append must be followed by an exact-ID search; collisions are relabeled rather than erased.,No downstream contamination; authoritative mathematical state unchanged.,TR-P01-007; TR-P01-007-COLLISION-PROVENANCE; EC-019,IDENTIFIER RECONCILED / MATHEMATICAL STATE UNCHANGED,GOA-P01ID-001,PASS-UNIQUE-AUTHORITY / PROVENANCE-PRESERVED / NO-PROMOTION
TR-P01-008,2026-07-22T05:20:00Z,P01_UNIFORM_R_FIXED_Q_DEGREE4_CORRIDOR_COMPONENT_PASS,TRUE,P01_UNIFORMQ_D4_BOX_001,"P0.1 had fixed-r/fixed-s degree-four boxes and fixed-r support results, but no full-dimensional deterministic corridor box with nonshrinking physical q-width certified over the complete small-r interval.","GP-DER-114 and verified GP-DATA-114 certify every point of a fixed negative-q nine-jet box for all 0<r<=1/20 at the degree-four layer. GP-AUD-115 verifies source identity, byte-identical rerun, monotone s reduction, all positive margins, and 5/5 controls. Outside review and all probability/exact-field gates remain open.","For q in [-1.02,-0.98], q/r<=-19.6 on 0<r<=1/20. Every s-dependent lower margin is minimized at s=-19.6; quartic corrections are interval-bounded with r in [0,0.05]. The declared box therefore satisfies degree-four typing, branch cone, strip transit, section, chart, and capture gates uniformly in r.",GP-DER-114-v1.0; GP-DATA-114-v1.0 source/receipt; verified v1.1 wrapper 1f__v4_Nn61G0yRzJgDSJymMIT7iMB3hUI6kc6qGtU9U; GP-AUD-115-v1.0; fresh Drive reconstruction; 19 positive margins; 5 planted controls,No prior evidence removed. Failed first capsule 18auUSnBQ5273Scv-hvjx7zc6-TxQC2078EtkID27eRw remains failed staging. Fixed-s Route-B objects remain valid for their fixed-r scopes.,BYTE-EXACT SOURCE RECONSTRUCTION; OUTWARD INTERVAL ARITHMETIC; ANALYTIC MONOTONICITY REDUCTION; FULL-DIMENSIONAL DEGREE-FOUR CONTINUUM BOX,Repaired degree-four local PRCP flow; no probability law is credited in this transition,Uniform interval 0<r<=1/20; fixed q-box; degree-four field layer only,"Fixed mu=1/(40 sqrt2), sigma=1/10, kappa=1/100; q is physical midpoint transverse curvature; s=q/r used only through a proved upper bound","Normalized pair chart with S-side cone, central strip, M-side section, and capture ball",GP source and audit pass; CL/AO48/CW non-GP interval and monotonicity review open,EC-020; HB-031; GP-REQ-105 uniform corridor route; future finite-Q4 and exact-field mass integration,EC-014/015/016/017/018/019; exact R0.2 ballot; fixed-r closure records; machines; releases; destructive gates,Adds the first GP-side full-dimensional fixed-q degree-four corridor certificate uniform on the full small-r interval.,"Creates distinct fixed-q box identity and separates deterministic uniform geometry from Palm mass, exact-field support, and theorem uniformity.",,A fixed-s box can be mistaken for an r-uniform positive-mass event; unbounded s=q/r can be mishandled by interval division; a same-line interval source can be mistaken for independent proof.,"Outside monotonicity/interval review is absent; finite-Q4 mass, exact residual transfer, exact endpoint weights, uniform small-ball support, and P0.1 remain unproved.","Fresh capsule hashes; original-filename rerun; explicit s-monotonicity ledger; minimum margin 0.007485281374238566; controls for zero width, typing, q crossing zero, narrow cone, and capture-chart failure.",Whether a nonshrinking physical-q full-dimensional degree-four capture corridor exists uniformly for all 0<r<=1/20 is answered on the GP line.,One non-GP interval review; uniform finite-Q4 Palm mass; uniform exact-field transfer/support; exact full-field weighting/normalization; P0.1 proof review.,No human decision now. EC-020 becomes human-ready only after a qualifying non-GP technical review.,"Reopen on hash mismatch, wrong s-monotonicity sign, incorrect interval polynomial, q-domain violation, counterexample inside the box, failed control, or outside disagreement.",SAME_LINE_UNIFORM_DEGREE4_COMPONENT_NOT_PALM_OR_EXACT_FIELD_PASS,Register component; route HB-031; preserve fixed-r boxes; keep mass/exact-field/uniform theorem gates active.,"Uniform corridor objects must bind physical q versus scaled s, r-domain, monotonicity signs, coordinate widths, fixed witnesses, smallest margin, source/receipt hashes, controls, field layer, and review class.","No downstream canonical contamination; no theorem, terminal closure, ballot, machine, activation, release, deletion, or destructive state changed.",GP-DER-114; GP-DATA-114; GP-AUD-115; P01-UNIFORMQ-D4-BOX-001; EC-020; HB-031,GP-SIDE UNIFORM-r FIXED-q DEGREE4 PASS / OUTSIDE-REVIEW-OPEN / MASS-AND-EXACT-FIELD-OPEN,GOA-P01-008,PASS-SOURCE-AND-UNIFORM-INTERVAL-BOX / PASS-5-CONTROLS / NO-PROMOTION
TR-P01-009,2026-07-22T05:45:00Z,P01_UNIFORM_FINITE_Q4_PALM_MASS_THEOREM_CANDIDATE,TRUE,P01_UNIFORMQ_D4_BOX_001_FINITE_Q4_PALM_MASS,"GP-DER-114 established uniform-r degree-four capture geometry for a fixed physical-q box, but no normalized finite-Q4 Palm lower bound uniform in r had been derived.","GP-DER-116 combines exact-torus Gaussian regularity, a compact positive density minimum, uniform quartic determinant/type factors, and Z_{r,Q4}=r^2 z_r to prove a positive finite-Q4 Palm mass lower bound for all sufficiently small r. GP-AUD-117 passes a same-line proof audit. Exact full-field uniform positivity and P0.1 remain open.","For r_1=min(r_GR,1/20), the fixed-q box has density phi_r>=c_phi>0, finite-Q4 weight W_{r,Q4}>=r^2 w_0, and normalizer Z_{r,Q4}<=r^2 C_Z; therefore P_{r,Q4}^{MS}(B_q)>=w_0 c_phi Vol(B_q)/C_Z=:c_Q4>0 uniformly on 0<r<=r_1.","GP-DER-116-v1.0; GP-AUD-117-v1.0; GP-DER-114; GP-AUD-115; GP-DER-043 finite-Q4 law/normalizer; GP-DER-044 exact-torus regularity; determinant factor bounds d_M>=0.9799309528350694, d_S>=0.9799310428385416",No prior evidence removed. Fixed-r EC-017 and exact-field EC-019 remain separate. No numerical c_Q4 is promoted.,ANALYTIC COMPACT-DENSITY LOWER BOUND; UNIFORM DETERMINANT/TYPE WEIGHT; NORMALIZER CANCELLATION; SAME-LINE PROOF AUDIT,"Exact nine-jet Gaussian law gamma_r and typed finite-Q4 Palm law P_{r,Q4}^{MS}",All sufficiently small 0<r<=r_1; fixed physical-q box; degree-four field layer,"Physical q-coordinate measure; finite-Q4 endpoint Hessians; Z_{r,Q4}=r^2 z_r",Exact midpoint nine-jet coordinates and normalized pair chart; no q-to-s change in the probability integral,"GP same-line theorem and audit complete; one CL/AO48/CW review of regularity, determinant factors, coordinate measure, and normalizer cancellation required",EC-021; HB-032; finite-dimensional P0.1 probability layer; GP-REQ-105 fixed-q route,Exact full-field Palm law; exact endpoint weights; uniform conditional support; P0.1; P0.2; EC-014 through EC-020; ballots; machines; releases; destructive gates,Adds the complete GP-side uniform finite-Q4 probability layer for the explicit fixed-q corridor.,Creates a narrow proof-review candidate and separates finite-Q4 uniform mass from exact-field uniform adjacency.,,An exact finite-dimensional Gaussian law and nonvanishing finite-Q4 mass can be laundered into exact full-field P0.1; fixed-s and fixed-q coordinate measures can be conflated; an unspecified regularity interval can be overextended to 1/20.,All load-bearing dependencies are GP-origin; outside review is absent. Exact full-field support/weight bounds uniform in r remain unproved.,"Object-identity audit; fixed-q versus fixed-s power count; compact-density minimum; determinant-factor intervals; finite-Q4 normalizer cancellation; r_1=min(r_GR,1/20); nine proof mutations in GP-AUD-117.",Whether the certified fixed-q box has a nonvanishing normalized mass under the finite-Q4 Palm law for all sufficiently small r is answered on the GP line.,Non-GP proof review; exact-field uniform support and determinant weighting; uniform exact-field normalizer; P0.1 promotion review.,No human decision now. EC-021 becomes human-ready only after affirmative non-GP review and a complete closure package.,"Reopen on Gaussian-regularity failure, wrong density coordinates, determinant/type interval error, failed normalizer scaling, degree-four inclusion failure, or exact-field notation contamination.",SAME_LINE_UNIFORM_FINITE_Q4_THEOREM_NOT_EXACT_FIELD_P01,Register EC-021 and HB-032; solicit cross-line review; preserve exact-field uniform front as active.,"Uniform Palm lower bounds must bind law, physical coordinate measure, density lower bound, determinant/type factor, normalizer scaling, r-domain, event inclusion, field layer, and review class.","No downstream canonical contamination; no terminal closure, P0.1 theorem, ballot, machine, activation, release, deletion, or destructive state changed.",GP-DER-116; GP-AUD-117; GP-DER-114; GP-DER-043/044; P01-UNIFORMQ-D4-BOX-001; EC-021,GP-SIDE UNIFORM FINITE-Q4 MASS CANDIDATE / NON-GP-REVIEW-OPEN / EXACT-FIELD-P0.1-OPEN,GOA-P01-009,PASS-GP-PROOF-AUDIT / OUTSIDE-REVIEW-OPEN / NO-PROMOTION
TR-P01-010,2026-07-22T06:20:00Z,P01_EXACT_FULL_FIELD_UNIFORM_POSITIVITY_COMPLETE_GP_CANDIDATE,TRUE,P01_UNIFORM_ADJACENCY_POSITIVITY_EXACT_FULL_FIELD,"P0.1 remained open after uniform degree-four geometry and uniform finite-Q4 Palm mass because exact endpoint Hessian weighting, exact normalizer scaling, high-remainder transfer, and exact selected-branch capture had not been assembled under the exact full-field Palm law.",GP-DER-118-v1.2 is the sole active P0.1 theorem review object. It replaces the unsupported coupling/dominated-convergence wording with finite-dimensional weak convergence plus uniform integrability. GP-PRP-121-v1.1 governs review. Earlier theorem/audit/routing objects are preserved but nonoperative for approval.,"There exist r_*>0 and c_A>0 such that P_r^{MS}(A_r)>=c_A for all 0<r<=r_* under the exact full-field typed Palm law, as a GP-side candidate only. The normalizer limit uses convergence in distribution, a null type boundary, and uniform integrability—not an unnamed almost-sure coupling.",GP-DER-118-v1.2; GP-AUD-119-v1.0; GP-PRP-121-v1.1; GP-DER-114/115; GP-DER-044/045/046; GP-PROT-065; preserved component lineage GP-DER-118-v1.0 and supplementary GP-DER-119/GP-AUD-120,"GP-DER-118-v1.0/v1.1, GP-DER-119, GP-AUD-120, and GP-PRP-121-v1.0 are superseded for active theorem review but preserved as component, audit, or revision provenance. No evidence is deleted.",EXACT FULL-FIELD GAUSSIAN/PALM SYNTHESIS; WEAK CONVERGENCE + UNIFORM INTEGRABILITY; EXACT NORMALIZER; GT5; ROBUST TRANSFER; NUMBERED REVISION,Exact six-pin full-field typed maximum–saddle Palm law P_r^{MS} and exact GP-PROT-065 selected-branch event A_r,Existential sufficiently small interval 0<r<=r_*; fixed physical-q corridor; exact full-field layer,Exact physical endpoint Hessians and Z_r^{exact}; finite-Q4 weights explicitly excluded,Side-24 torus field; normalized pair chart; confluent endpoint-Hessian variables; exact selected branch,"GP Revision 1.2 candidate and same-line audits complete. At least two distinct non-GP lines must collectively cover Domains G, D, and T. No qualifying Revision 1.2 verdict has been filed.",P0.1 theorem review; HB-033; GP-PRP-121-v1.1; exact normalizer and typed-to-adjacent denominator interface,P0.2; numerical c_A; EC closures; exact R0.2 ballot; GP-AUTO-034; machine state; releases; destructive operations,Corrects the theorem's convergence mode and consolidates the active proof surface into Revision 1.2 without changing the candidate conclusion.,"Retires stale approval wording and creates a revision-specific, multi-domain review gate.",,"Reviewers could approve superseded revisions, rely on an unnamed coupling, or count same-line supplementary artifacts as independent theorem review.","Independent reconstruction of endpoint divided differences, uniform integrability, complete transfer coverage, GT5 synthesis, and object identity remains absent.",GP-AUD-119 weak-convergence correction; GP-PRP-121-v1.1 fourteen-question review; exact subchain wording; source and dependency crosswalk; supersession notices.,The sole operative P0.1 theorem revision and exact valid review wording are now explicit.,At least two distinct non-GP Revision 1.2 approvals covering all three domains; numbered corrections for objections; fresh scope audit; Dylan theorem-promotion approval; separate machine/governance gates.,"After qualifying reviews and fresh scope audit, Dylan must explicitly authorize theorem promotion. General work authorization does not count.","Reopen or revise on any GP-AUD-119/Revision 1.2 falsifier, non-GP contradiction, invalid weak-convergence/UI step, incomplete transfer, law mismatch, or failed branch event.",COMPLETE_GP_CANDIDATE_NUMBERED_REVISION_WITH_INDEPENDENCE_AND_PROMOTION_BLOCKER,Route only GP-DER-118-v1.2 through GP-PRP-121-v1.1; quarantine prior review wording; preserve all provenance; prohibit theorem/machine/canonical promotion.,"Every theorem review must identify the exact numbered revision, convergence mode, law, weight, normalizer, event, r-domain, subchain coverage, and human/machine non-effect.",No canonical contamination; prior objects remain preserved but nonoperative for approval.,GP-DER-118-v1.2; GP-AUD-119-v1.0; GP-PRP-121-v1.1; P0.1; HB-033; prior v1.0/v1.1 and supplementary lineage,SOLE ACTIVE REVISION 1.2 / MULTI-LINE REVIEW OPEN / THEOREM PROMOTION BLOCKED,GOA-P01-010-R1.2,PASS-NUMBERED-CORRECTION / REVIEW-ROUTING-CURRENT / INDEPENDENCE-BLOCKED / NO-PROMOTION
TR-P01-011,2026-07-22T06:35:00Z,P01_ALTERNATE_DERIVATION_LINEAGE_RECONCILIATION,TRUE,P01_GOVERNING_THEOREM_REVIEW_STACK,"A same-line alternate GP-DER-118-v1.1/v1.2 and GP-AUD-119 lineage appeared while the populated governing GP-DER-118-v1.0, GP-DER-119-v1.0, GP-AUD-120-v1.0, and GP-PRP-121-v1.0 stack became visible.",The governing stack remains GP-DER-118-v1.0 + GP-DER-119-v1.0 + GP-AUD-120-v1.0 + GP-PRP-121-v1.0. GP-DER-118-v1.2 is only a same-line weak-convergence cross-check; GP-AUD-119 applies only to that alternate lineage.,"Alternate same-line derivations do not create independent evidence, duplicate theorem tracks, votes, or approval surfaces.",GP-DER-118-v1.0; GP-DER-119-v1.0; GP-AUD-120-v1.0; GP-PRP-121-v1.0; GP-DER-118-v1.2; GP-AUD-119-v1.0,No evidence removed; all alternate artifacts and objections remain preserved as provenance.,LINEAGE RECONCILIATION / NO NEW MATHEMATICAL EVIDENCE,Exact full-field P0.1 theorem-review architecture,Coordination and review-routing layer only,No normalization or law change,Exact full-field torus and normalized pair chart,No independent credit; multi-line review remains open under GP-PRP-121.,GP-PRP-121 routing; theorem-review navigation; relation and alarm ledgers,"All mathematics, closures, ballots, machines, releases, and destructive gates unchanged",NONE,Creates one authoritative review route and labels the alternate derivation nonoperative.,NCC-P01-011,Concurrent same-line theorem packages could be mistaken for independent agreement.,Reviewers could double-count GP evidence or use the wrong review surface.,"Exact-ID searches, top notices, dependency comparison, and GP-PRP-121 addendum.",Authoritative theorem/review stack is now explicit.,Two distinct non-GP lines covering all review domains; numbered objections; Dylan promotion approval; separate machine/governance gates.,No human decision required for reconciliation.,Reopen if a governing artifact promotes the alternate lineage or evidence is double-counted.,DUPLICATE_REVIEW_TRACK_AND_FALSE_INDEPENDENCE_RISK,"Preserve alternates, label supplemental/nonoperative, retain one review surface.","Every theorem family must identify one authoritative proof, audit, review package, and supplemental derivations.",No downstream contamination; candidate and blockers unchanged.,GP-DER-118-v1.0/v1.2; GP-DER-119; GP-AUD-119/120; GP-PRP-121,AUTHORITATIVE GP-PRP-121 ROUTING / ALTERNATE NONOPERATIVE / MULTILINE REVIEW OPEN,GOA-P01-011,PASS-LINEAGE-RECONCILIATION / NO-MATHEMATICAL-CHANGE / NO-PROMOTION
TR-P01-011,2026-07-22T06:45:00Z,P01_NUMBERED_REVISION_AND_ACTIVE_REVIEW_LINEAGE_RECONCILIATION,TRUE,P01_GP_DER_118_REVISION_FAMILY,"TR-P01-010 registered GP-DER-118-v1.0, GP-DER-119, GP-AUD-120, and GP-PRP-121-v1.0 as the candidate theorem/review chain. Concurrently, GP-AUD-119 identified an unsupported common-coupling/dominated-convergence presentation in GP-DER-118-v1.1 and triggered GP-DER-118-v1.2.","GP-DER-118-v1.2 is the sole active P0.1 theorem review object. It replaces the unsupported coupling presentation with finite-dimensional convergence in distribution plus uniform integrability. GP-DER-118-v1.0 remains populated component normalizer provenance; GP-DER-119, GP-AUD-120, and GP-PRP-121-v1.0 remain supplementary historical objects. GP-PRP-121-v1.1 now governs review routing.","Active verdicts and objections must name GP-DER-118 Revision 1.2 exactly. Weak convergence plus uniform integrability, not an unnamed common almost-sure coupling or ordinary dominated convergence, governs the normalizer expectation limit.","GP-DER-118-v1.2; GP-AUD-119-v1.0; GP-PRP-121-v1.1; additive notices on GP-DER-118-v1.0, GP-DER-119-v1.0, GP-AUD-120-v1.0, GP-PRP-121-v1.0; concurrency correction in v1.2",No mathematical component or provenance deleted. GP-DER-118-v1.1 and prior review routing are superseded for active use; GP-DER-118-v1.0 is corrected from erroneously described empty staging to populated component provenance.,NUMBERED THEOREM REVISION; CONVERGENCE-MODE CORRECTION; IDENTIFIER/LINEAGE RECONCILIATION; REVIEW-ROUTING REVISION,Exact full-field six-pin typed Palm law and exact P0.1 candidate theorem,Sufficiently small r; exact full-field layer; theorem-review workflow,Exact endpoint weights and normalizer; weak convergence plus uniform integrability,"Physical torus field, normalized pair chart, fixed-q corridor",GP numbered revision complete. No non-GP Revision 1.2 review has been filed; independence and promotion gates remain open.,HB-033; GP-PRP-121-v1.1; active P0.1 review citations; future numbered objections and scope audit,Finite-Q4 EC objects; eight terminal closures; R0.2 ballot; P0.2; machines; releases; destructive operations,The core candidate theorem remains mathematically unchanged except for the convergence-mode repair; expectation convergence is now justified by weak convergence plus uniform integrability.,Prevents reviewers from approving superseded theorem versions or relying on an unconstructed common coupling; corrects concurrent provenance misclassification.,,A later revision could silently erase a populated concurrent component; old review wording could be mistaken as valid; stale dominated-convergence text could re-enter the active proof.,"Revision 1.2 still lacks non-GP reconstruction; endpoint divided differences, transfer completeness, and the combined theorem require independent review.",Full reads of GP-AUD-119 and GP-DER-118-v1.2; comparison with v1.0/v1.1/GP-DER-119; exact review-wording audit; explicit UI/weak-convergence replacement.,"Which numbered theorem and review package are operative, and which earlier objects remain component provenance.",Revision 1.2 multi-line review; material-objection corrections; fresh scope audit; Dylan promotion decision; separate machine/governance gates.,No human decision now. Any future approval must name Revision 1.2 after qualifying independent reviews.,"Reopen on conflict in active lineage, a valid objection to weak-convergence/UI, evidence v1.0 was actually empty, or a later numbered revision.",CONCURRENT_REVISION_LINEAGE_AND_CONVERGENCE_PRESENTATION_FAILURE,Route all active review to v1.2 and PRP v1.1; preserve all earlier artifacts; add alarms against superseded wording.,"Theorem revision families must distinguish active review object, component provenance, superseded synthesis, audit trigger, and exact accepted-verdict wording.","No theorem or machine contamination: no non-GP review, promotion, ballot, or machine change had occurred.",GP-DER-118-v1.0/v1.1/v1.2; GP-AUD-119; GP-DER-119; GP-AUD-120; GP-PRP-121-v1.0/v1.1; P0.1,REVISION-1.2 SOLE ACTIVE REVIEW / MULTI-LINE REVIEW OPEN / NO PROMOTION,GOA-P01-011,PASS-LINEAGE-CORRECTION / PASS-WEAK-CONVERGENCE-REVISION / INDEPENDENCE-BLOCKED
TR-P01-011,2026-07-22T06:40:00Z,P01_REVISION_1_2_LINEAGE_AND_REVIEW_ROUTING_CORRECTION,TRUE,P01_GP_DER_118_ACTIVE_REVISION_LINEAGE,"Concurrent GP artifacts left multiple plausible theorem review surfaces: populated v1.0 component, v1.1 synthesis, v1.2 correction, separate GP-DER-119 synthesis, GP-AUD-120, and GP-PRP-121-v1.0.",GP-DER-118-v1.2 is designated the sole active theorem review object; GP-AUD-119 is the governing revision audit; GP-PRP-121-v1.1 is the sole active review package. All earlier theorem/routing wording is nonoperative but preserved.,"The candidate conclusion is unchanged. The exact normalizer expectation limit is justified by weak convergence plus uniform integrability, with the type boundary null under Q_L.","GP-DER-118-v1.2; GP-AUD-119-v1.0; GP-PRP-121-v1.1; supersession notices on GP-DER-118-v1.0/v1.1, GP-DER-119, GP-AUD-120, and GP-PRP-121-v1.0","No evidence removed. Earlier objects are retained as component, audit, revision, or collision provenance.",NUMBERED REVISION; SUPERSESSION RECONCILIATION; REVIEW-SURFACE CORRECTION,Exact full-field P0.1 theorem candidate,Sufficiently small r interval; governance status unchanged,Exact full-field endpoint weight and normalizer,Confluent endpoint-Hessian frame and normalized pair chart,No non-GP Revision 1.2 verdict; at least two distinct non-GP lines must collectively cover all three review domains,HB-033; P0.1 review; future promotion package,Mathematical candidate conclusion; P0.2; EC queue; R0.2; machines; releases,No new theorem claim; convergence proof is corrected and active lineage is consolidated.,Prevents approval of stale revisions and duplicate counting of same-line artifacts.,NCC-P01-R118-LINEAGE,Concurrent artifact creation produced conflicting active-review candidates.,A reviewer may cite v1.0/v1.1 or GP-DER-119 instead of Revision 1.2.,Exact title/Drive-ID search; supersession notices; HB-033 and relation updates; Revision 1.2 wording check.,Which theorem revision and review package are operative.,"Independent Revision 1.2 review, corrections, fresh audit, and human promotion gate.",No human decision now.,Reopen lineage reconciliation if a later numbered revision appears or an active pointer still references a superseded review surface.,CONCURRENT_REVISION_AND_REVIEW_SURFACE_COLLISION,"Preserve all files, designate Revision 1.2 and PRP v1.1 as operative, retire stale wording.",Every review task must bind exact artifact revision and Drive ID; later revisions automatically invalidate prior affirmative wording.,No downstream mathematical or canonical contamination; coordination state corrected before outside votes.,GP-DER-118-v1.0/v1.1/v1.2; GP-DER-119; GP-AUD-119/120; GP-PRP-121-v1.0/v1.1; HB-033,REVISION LINEAGE RECONCILED / PRIOR REVIEW SURFACES NONOPERATIVE,GOA-P01-011,PASS-PROVENANCE-PRESERVATION / SOLE-ACTIVE-REVISION-SET / NO-PROMOTION
TR-P01-012,2026-07-22T07:00:00Z,P01_GP_DER_118_V1_3_FAILED_CLEAN_REVISION_QUARANTINE,TRUE,GP_DER_118_V1_3_REVISION_IDENTITY,A newly created Drive file was titled GP-DER-118-v1.3 Clean Review Revision and appeared later than v1.2.,"Full-body audit shows the file still identifies itself as v1.2, contains contradictory active-routing notices, retains v1.2 approval wording/end delimiter, repeats a corrected false empty-v1.0 claim, and retains stale convergence language. GP-AUD-122 quarantines it as failed revision staging. GP-DER-118-v1.2 remains the sole active review object.","A numbered theorem revision is valid only when title, artifact ID, hyper-tags, status notice, approval wording, and end delimiter agree and when prior material corrections are consistently incorporated.",GP-DER-118-v1.3 Drive ID 1rDBs-tak2WVMRKNJOex8Cht9L_YmBy5H0FJWWZ1lsXU; GP-AUD-122-v1.0; full document read; additive failed-revision notice,No mathematics or provenance removed. v1.3 is denied supersession effect and preserved as failed staging. v1.2 and PRP v1.1 remain active.,REVISION IDENTITY AUDIT; INTERNAL ROUTING CONSISTENCY AUDIT; CONVERGENCE-LANGUAGE AUDIT; PROVENANCE AUDIT,P0.1 candidate theorem revision workflow,Review and governance layer only; exact mathematics unchanged,No normalization change,No coordinate change,GP audit only. No non-GP review or theorem gate changes.,Recent-document navigation; HB-033; artifact index; alarms; future version selection,GP-DER-118-v1.2 mathematics; finite-Q4 and exact-field components; closures; ballots; machines; P0.2,No mathematical claim changes. Revision 1.3 is rejected as an incoherent packaging object.,Adds a clean-revision identity gate and prevents timestamp-only supersession.,,"A later-timestamp file can silently supersede a coherent theorem despite carrying an older internal ID, contradictory authority notices, and stale corrected text.",A future valid v1.3 may still be published and require a fresh audit.,Title/body/artifact/hyper-tag/end-delimiter comparison; routing-notice consistency; stale convergence and provenance search.,Whether the recent v1.3 file is a valid clean theorem revision and whether it supersedes v1.2.,No work on failed v1.3; continue revision-specific v1.2 non-GP review. A future v1.3 must satisfy GP-AUD-122 Section 7.,No human decision required.,Reopen only if a newly coherent v1.3 is published with aligned identity and separately audited.,NUMBERED_REVISION_IDENTITY_AND_INTERNAL_ROUTING_FAILURE,"Quarantine v1.3, preserve it, keep v1.2 active, alarm against timestamp-only routing.","Revision promotion requires aligned title, body ID, tags, approval wording, delimiter, one authority notice, and complete incorporation of prior corrections.","No downstream contamination because v1.3 was caught before any non-GP review, promotion, ballot, or machine action.",GP-DER-118-v1.3; GP-AUD-122; GP-DER-118-v1.2; GP-PRP-121-v1.1,V1.3 FAILED STAGING / V1.2 SOLE ACTIVE REVIEW / NO PROMOTION,GOA-P01-012,FAIL-CLEAN-REVISION / PASS-QUARANTINE / ACTIVE-V1.2-PRESERVED
TR-P01-012,2026-07-22T06:55:00Z,P01_CLEAN_REVISION_1_3_AND_REVIEW_ROUTING,TRUE,P01_UNIFORM_ADJACENCY_POSITIVITY_REVIEW_OBJECT,GP-DER-118-v1.2 and GP-PRP-121-v1.1 contained mutually contradictory routing notices and stale provenance wording.,"GP-DER-118-v1.3 is the sole internally consistent theorem-review object. GP-PRP-121-v1.2 is the sole active multi-line review package. Earlier theorem, audit, and routing versions remain nonoperative provenance and supporting evidence.",Materially contradictory review-surface metadata requires a clean numbered revision. Only verdicts naming the active theorem revision and subchain count.,GP-DER-118-v1.3; GP-PRP-121-v1.2; supersession notices on v1.2 and PRP v1.1; HB-033 revision,"No evidence removed. GP-DER-118-v1.0/v1.1/v1.2, GP-DER-119, GP-AUD-119/120, and prior review packages remain preserved.",NUMBERED CLEAN REVISION / REVIEW ROUTING CORRECTION / NO NEW INDEPENDENT EVIDENCE,Exact full-field P0.1 candidate theorem,Uniform sufficiently small r; exact full-field layer,Exact endpoint Hessian weight and exact Palm normalizer,Exact torus field and normalized pair chart,"No non-GP Revision 1.3 review yet; at least two distinct lines covering G,D,T remain required.",HB-033; theorem review routing; GP-PRP-121 lineage; promotion gate,"Candidate mathematics unchanged; closures, R0.2, machines, releases, and destructive gates unchanged",NONE — cleans presentation and routing only,Removes contradictory live authority notices and creates one revision-specific verdict surface.,NCC-P01-012,Contradictory notices could allow incompatible approvals or stale revision review.,Reviewers may approve a superseded theorem or package.,Top-notice comparison; exact verdict scan; clean-document read; HB-033 crosswalk.,Active theorem and review-package identities are now unambiguous.,Two non-GP lines covering all domains; numbered objections; fresh scope audit; Dylan promotion approval; separate machine/governance gates.,No human decision now.,"Reopen on contradictory top notices, stale operative links, or any verdict counted against an earlier revision.",CONTRADICTORY_REVIEW_SURFACE_AND_STALE_REVISION_RISK,"Issue clean v1.3/v1.2 pair, retire earlier review wording, preserve provenance.",Every review package and verdict must name the exact current theorem revision.,No downstream contamination; theorem remains unpromoted and independence-blocked.,GP-DER-118-v1.3; GP-PRP-121-v1.2; HB-033; P0.1,CLEAN REVISION 1.3 ACTIVE / MULTILINE REVIEW OPEN / PROMOTION PROHIBITED,GOA-P01-012,PASS-ROUTING-CLEANUP / NO-MATHEMATICAL-PROMOTION
TR-P01-016,2026-07-22T14:12:00Z,P01_FROZEN_THEOREM_REVIEWER_SOURCE_CROSSWALK_PUBLISHED,TRUE,P01_GP_DER_118_V1_3_FROZEN_REVIEW_EXECUTION_AID,"The frozen theorem body and hash-specific review package existed, but each non-GP reviewer still had to reconstruct the source graph, load-bearing claims, attacks, and noncounting conditions.","GP-XWALK-128-v1.0 maps Domains G, D, and T to exact source chains, load-bearing checks, required adversarial attacks, counting rules, and material-objection format. It is linked into all three active reviewer threads.","The crosswalk is a routing and execution aid only. It adds no theorem evidence, no independence credit, and no promotion authority.",GP-XWALK-128-v1.0; GP-DATA-123-v1.0; GP-PRP-121-v1.3; reviewer comment threads AO48/CW/CL,No evidence removed or superseded.,PROTOCOL CROSSWALK / SOURCE MAP / ADVERSARIAL CHECKLIST / ZERO REVIEW CREDIT,Exact full-field P0.1 candidate theorem under frozen SHA-256 666f582c...,Frozen Revision 1.3 review workflow only,"No law, weight, normalizer, or coordinate change","Domains G, D, T source and attack map",No independent mathematical review; all three domains remain open,HB-033; GP-PRP-121-v1.3 reviewer execution; future material objections,"EC-014 through EC-021, EC-019, P0.2, ballots, machines, releases, and theorem truth remain unchanged",NONE,Converts broad reviewer assignments into one content-addressed executable crosswalk.,NCC-P01-XWALK128,Reviewers could mistake a source map for evidence or cite the crosswalk without independently verifying the frozen body and mathematics.,The crosswalk may omit a source or attack and require additive revision; mathematical review still has not begun.,"Verify full hash, exact source IDs, domain separation, required attacks, and explicit zero-credit status.",The reviewer source graph and adversarial task partition no longer need to be reconstructed independently.,"At least two distinct non-GP hash-specific reviews collectively covering G, D, and T; objections may require a new theorem revision and hash.",No human decision now.,"Reopen or revise if a reviewer identifies a missing source, incorrect dependency, omitted attack, or ambiguity in domain coverage.",ROUTING_AID_MISTAKEN_FOR_REVIEW_EVIDENCE,Register protocol-only artifact; link it to reviewer threads; keep theorem promotion prohibited.,"Every theorem-review crosswalk must state exact hash, source chain, load-bearing claims, attacks, counting rules, and zero evidentiary authority.","No downstream contamination; no theorem, closure, ballot, machine, release, deletion, or destructive state changed.",GP-XWALK-128-v1.0; GP-DATA-123; GP-PRP-121-v1.3; HB-033,PUBLISHED / NON-GP REVIEW STILL OPEN / NO PROMOTION,GOA-P01-016,PASS-ROUTING-AID / ZERO-EVIDENCE-CREDIT / INDEPENDENCE-OPEN
TR-P01-014,2026-07-22T07:25:00Z,P01_REVISION_BOUND_CURRENT_BODY_AUDIT_AND_ROUTING_PASS,TRUE,P01_GP_DER_118_V1_3_CURRENT_THEOREM_AND_PRP_V1_2,"An earlier v1.3 snapshot failed identity audit; an intermediate repaired body passed GP-AUD-122-v1.1; later concurrency inserted additional notices, requiring an exact revision-bound re-audit of both theorem and routing files.",GP-AUD-122-v1.2 audits the exact current theorem and routing revision IDs and passes current-body identity/routing. GP-DER-118-v1.3 and GP-PRP-121-v1.2 are active for outside mathematical review only. Historical quarantine and intermediate notices remain preserved and explicitly nonoperative.,"Reviewability is revision-bound. Any later edit automatically reopens identity review. No mathematical theorem, independence, promotion, ballot, machine, or closure gate passes.",GP-AUD-122-v1.2; exact current revision IDs; current theorem and PRP full reads; GP-AUD-122-v1.0/v1.1 historical lineage; HB-033 update,"No evidence removed. Failed snapshot, intermediate repaired body, stale quarantine notices, v1.2 theorem, and prior PRP packages remain preserved as scoped provenance.",REVISION-BOUND CURRENT-BODY AUDIT; ROUTING IDENTITY; CONCURRENCY RECONCILIATION; ZERO INDEPENDENCE CREDIT,Exact full-field P0.1 candidate theorem and multi-line review workflow,Sufficiently small r theorem candidate; coordination transition only,Exact full-field endpoint weight and normalizer; no mathematical re-adjudication,"Current theorem revision, routing package, and exact Drive revision IDs",GP current-body audit only. No non-GP Revision 1.3 mathematical verdict exists; at least two distinct non-GP lines must collectively cover all three domains.,HB-033; GP-DER-118-v1.3; GP-PRP-121-v1.2; artifact/relation/navigation state,P0.1 mathematical truth; P0.2; EC queue; exact R0.2 ballot; machines; GP-AUTO-034; releases; destructive operations,NONE — theorem mathematics unchanged.,Establishes one current revision-bound review surface and historical scope for each prior audit.,NCC-P01-R118-CURRENT-BODY,Concurrent edits can make a clean-revision audit stale or leave historical quarantine text above a repaired body.,Any future edit can invalidate the audit; reviewers may confuse identity review with theorem verification.,Exact revision-ID capture; top governing-notice check; title/body/tag/review-wording/end-delimiter check; routing crosswalk; convergence-method scan; provenance scan.,"Which exact current theorem and routing revisions are reviewable, and the precise historical scope of v1.0/v1.1 audits.",Non-GP mathematical review; material-objection revisions; fresh scope audit; Dylan promotion approval; separate machine/governance gates.,No human decision now. General authorization does not count as theorem approval.,"Reopen automatically on theorem or PRP revision-ID change, identity divergence, operative stale convergence language, routing change, or outside version objection.",CONCURRENT_REVISION_NOTICE_AND_AUDIT_STALENESS,Activate exact current v1.3/PRP v1.2 for review only; preserve every historical state; route HB-033; prohibit promotion.,Every clean-revision audit must bind exact document revision IDs and becomes stale on any later edit.,No downstream canonical contamination; no non-GP review or promotion occurred during the conflict.,GP-DER-118-v1.3; GP-PRP-121-v1.2; GP-AUD-122-v1.0/v1.1/v1.2; HB-033; P0.1,CURRENT-BODY ROUTING PASS / MULTI-LINE MATHEMATICAL REVIEW OPEN / NO PROMOTION,GOA-P01-014,PASS-REVISION-BOUND-IDENTITY / PASS-ROUTING / INDEPENDENCE-OPEN / NO-PROMOTION
TR-GOV-017,2026-07-22T14:50:00Z,INDEPENDENCE_TAXONOMY_EXECUTION_LINE_ORGANIZATIONAL,TRUE,GLOBAL_REVIEW_INDEPENDENCE_CLASSIFICATION,"Prior packages sometimes used different-line language without distinguishing execution, project-line, and provider-family independence.","HA-007 V2 establishes three explicit levels: execution independence, line independence, and organizational independence. Future packages must state which level is required.",Line independence does not imply organizational independence. EC-014/016 are closed only because their literal narrow gate required a non-GP/non-CL line; this creates no precedent for cross-organization theorem review.,HA-007 V2.pdf; GP-CLS-BATCH-129-v1.0; OP-PROT-003 operational roster.,No evidence removed.,OPERATOR GOVERNANCE DIRECTIVE / REVIEW TAXONOMY,All laws and measures unchanged.,Global governance and future package design.,No normalization change.,No coordinate change.,No mathematical review credit is granted by the taxonomy itself.,Future review packages; EC-019; P0.1/P0.2 theorem gates; human approval queue.,"All mathematical claims, closures outside EC-014/016, machines, ballots, releases, and source artifacts unchanged.",NONE,Adds mandatory independence-level declaration and prevents line separation from being mistaken for provider-family independence.,NCC-GOV-INDEP-001,Ambiguous use of independent/different-line terminology.,A future theorem package may incorrectly count same-provider sessions as organizationally independent.,Every future review request must declare required independence level and reviewer affiliation; theorem-promotion checks must reject lower levels when organizational independence is required.,The EC-014/016 governance ambiguity is resolved.,Project-wide retrofit of older package wording and independent-review audits remains open.,No further human decision required for this taxonomy; operator already directed it in HA-007 V2.,Reopen only on operator amendment or conflict with a higher-authority governance protocol.,INDEPENDENCE_LEVEL_AMBIGUITY,Apply three-level taxonomy prospectively and annotate load-bearing existing gates.,"Every package must state EXECUTION, LINE, or ORGANIZATIONAL independence explicitly.",No theorem or machine contamination; EC-019 and frozen P0.1 remain blocked under their own stricter gates.,HA-007 V2; EC-014; EC-016; EC-019; GP-PRP-121-v1.3.,ACTIVE GOVERNANCE RULE / NO MATHEMATICAL PROMOTION,GOA-GOV-017,PASS-TAXONOMY-ADOPTION / EC014-016-SCOPE-ONLY / THEOREM-GATES-UNCHANGED
TR-P01-017,2026-07-22T15:30:00Z,EC019_R1_R10_ORGANIZATIONAL_REVIEW_PACKAGE_PUBLISHED,TRUE,EC019_FIXED_R_EXACT_FULL_FIELD_REVIEW_SURFACE,"GP-REQ-127 and EC-019 existed, but the independence level and counting rules were not expressed in one fail-closed review object.","GP-PRP-130-v1.0 freezes R1-R10, exact source order, verdict syntax, material-objection schema, noncounting conditions, and organizational-independence requirement.","This is a protocol-only review package. It adds no mathematical evidence, no independent verdict, and no human approval.",GP-PRP-130-v1.0; GP-REQ-127; GP-DER-112-v1.1; GP-AUD-113; GP-CLS-PROP-023; HA-007 V2; TR-GOV-017,No evidence removed.,REVIEW PROTOCOL / ORGANIZATIONAL-INDEPENDENCE DECLARATION / ZERO REVIEW CREDIT,Exact full-field typed Palm law P_r^MS and exact selected-branch event A_r,Single fixed r=1/20; qualitative positivity only,Exact full-field endpoint Hessians and exact normalizer,C4 torus field and normalized pair chart,No qualifying organizationally independent R1-R10 verdict exists.,EC-019; HB-030; future terminal package,"EC-020/021, P0.1/P0.2, machines, ballots, releases unchanged",NONE,Creates one explicit review gate and prevents line-independent same-provider work from being miscounted as organizational independence.,NCC-P01-PRP130,Ambiguous independent-review classification and partial-check approvals.,A reviewer may omit one R item or use finite-Q4 evidence while still appearing to approve EC-019.,"Check all R1-R10 labels, source IDs, exact approval wording, reviewer affiliation, and zero-credit status.",The precise admissible review format and independence level are fixed.,One organizationally independent R1-R10 PASS or numbered AMEND/FAIL remains required; then Dylan decides.,No human decision now.,"Reopen or revise if the operator changes the independence level, the source stack changes, or a reviewer identifies a missing mandatory check.",REVIEW_GATE_AMBIGUITY_OR_PARTIAL_APPROVAL,Route EC-019 only through GP-PRP-130; preserve prior requests as provenance; keep terminal state blocked.,"Every load-bearing review package must bind source identity, independence level, itemized checks, verdict syntax, and noncounting conditions.",No downstream contamination; no closure or theorem promotion.,GP-PRP-130; EC-019; GP-DER-112-v1.1; GP-AUD-113,PUBLISHED / ORGANIZATIONAL REVIEW OPEN / NOT HUMAN-READY,GOA-P01-017,PASS-PROTOCOL-PUBLICATION / ZERO-REVIEW-CREDIT / NO-CLOSURE
TR-P01-020,2026-07-22T21:42:17-05:00,EC020_TERMINAL_OPERATOR_APPROVAL_APPLIED,TRUE,EC020_UNIFORM_R_FIXED_Q_D4_CORRIDOR,P01-UNIFORMQ-D4-BOX-001,HUMAN-APPROVAL-READY / TECHNICAL REVIEW COMPLETE / NOT TERMINAL,TERMINAL / REMOVED FROM ACTIVE ATTENTION / DETERMINISTIC SCOPE ONLY,Dylan M. Roy explicitly approved EC-020 under GP-CLS-PROP-024-v1.0 and CL-AUD-073-v1.0. Closure is restricted to the exact deterministic uniform-r fixed-q degree-four corridor on 0<r<=1/20.,EC-020 WORKFLOW DIRECTIVE; GP-CLS-PROP-024-v1.0; CL-AUD-073-v1.0; verified GP-DATA-114-v1.1; GP-DER-114; GP-AUD-115,No evidence removed. Corrupt GP-DATA-114 staging provenance preserved.,EXACT DETERMINISTIC INTERVAL/MONOTONICITY CLOSURE + LINE-INDEPENDENT REVIEW + OPERATOR APPROVAL,Uniform-r fixed-q degree-four capture corridor,0<r<=1/20,Verified GP-DATA-114-v1.1 normalization only,P01-UNIFORMQ-D4-BOX-001 physical corridor coordinates,SATISFIED — CL-AUD-073-v1.0,EC-021 may rely on the deterministic corridor dependency only.,"EC-019 exact full-field review, P0.1, P0.2, machines, ballots, releases, and numerical constants remain unaffected.",NONE beyond the already-reviewed deterministic statement.,Terminal incorporation and scope firewall added.,NCC-EC020-TERMINAL-001,"Prevented approval bleed from deterministic geometry into probability, exact-field, or numerical claims.",Potential future scope bleed by downstream summaries.,Check every EC-020 citation against the approved exact object and exclusions; reject any mass/exact-field/numerical inference.,Human approval uncertainty for EC-020 removed.,EC-021 human decision remains open; exact-field and P0.1 work remain open.,No further EC-020 decision required.,"Contradictory source/hash evidence, demonstrated interval/monotonicity defect, or explicit operator revocation.",HUMAN_APPROVED_NARROW_TERMINAL_CLOSURE,Close exact object; retire active queue; preserve exclusions and correction path.,"Future closure packages must bind exact object, review, operator approval, and exclusions before terminal action.",No downstream contamination detected; EC-021 remains separate and pending.,EC-020; P01-UNIFORMQ-D4-BOX-001; GP-CLS-PROP-024-v1.0; CL-AUD-073-v1.0,TERMINAL / NOT QUARANTINED,PASS-TERMINAL-CLOSURE / SCOPE-ISOLATED / EC021-PENDING
TR-P01-019,2026-07-22T15:32:00Z,EC021_FINITE_Q4_PROOF_REVIEW_PACKAGE_PUBLISHED,TRUE,EC021_UNIFORM_FINITE_Q4_MASS_REVIEW_SURFACE,"The GP-side proof and audit existed, but the required proof review was not consolidated into one exact finite-Q4 checklist.","GP-PRP-132-v1.0 binds Q1-Q10, source order, finite-Q4 object identity, EC-020 dependency handling, verdict syntax, and line-independence requirement.",This package adds no independent proof review and no closure.,GP-PRP-132-v1.0; GP-DER-116; GP-AUD-117; GP-DER-043/044/114; GP-AUD-112; GP-PRP-131,No evidence removed.,REVIEW PROTOCOL / FINITE_Q4 OBJECT GUARD / ZERO REVIEW CREDIT,"Typed finite-Q4 Palm law P_{r,Q4}^{MS}",Sufficiently small r; fixed physical q box,"Finite-Q4 endpoint weights and Z_{r,Q4}=r^2 z_r",Exact nine-jet physical-q coordinates,No qualifying non-GP Q1-Q10 verdict exists.,EC-021; HB-032; future terminal package,"Exact full-field P0.1/P0.2, EC-019/020 status, machines, releases unchanged",NONE,Creates one proof-review surface and blocks exact-field substitution or fixed-r EC-017 laundering.,NCC-P01-PRP132,Finite-Q4/exact-field object conflation and partial proof review.,"A reviewer may approve normalizer cancellation without checking EC-020 inclusion, physical coordinates, or r-domain.","Check Q1-Q10, source locations, exact approval wording, independence classification, and noncounting conditions.",The exact finite-Q4 review object and dependency handling are fixed.,One line-independent non-GP PASS or numbered AMEND/FAIL remains; then terminal package and Dylan decision.,No human decision now.,"Reopen or revise on source change, EC-020 objection, law/coordinate mismatch, normalizer defect, or scope ambiguity.",FINITE_Q4_OBJECT_CONFLATION_OR_INCOMPLETE_REVIEW,Route EC-021 through PRP-132; keep exact-field and P0.1 claims excluded.,"Every Palm-mass review must bind law, coordinates, geometry dependency, density, weight, normalizer, r-domain, exclusions, and independence level.",No downstream contamination; no closure or theorem promotion.,GP-PRP-132; EC-021; GP-DER-116; GP-AUD-117,PUBLISHED / LINE-INDEPENDENT PROOF REVIEW OPEN / NOT HUMAN-READY,GOA-P01-019,PASS-REVIEW-ROUTING / FINITE-Q4-GUARD / NO-CLOSURE
TR-FILE-001,2026-07-22T16:10:00Z,WORKSPACE_FILE_MANAGEMENT,TRUE,GP-OPR-135-v1.0,Corrupt and explicitly superseded source-publication objects remained mixed with active project folders; no directive-specific master folders existed.,"Protected DELETE, OUTDATED, and CORRUPTED root folders with 2026-07 subfolders; six explicit corrupt/failed objects quarantined, two explicitly superseded objects archived, delete folder empty.","Move only objects with exact consensus-delete, explicit supersession, or reproducible corruption evidence; preserve Drive IDs, contents, provenance, links, and all mathematical/governance states.",URGENT Workspace File Management Protocol; GP-OPR-135; C047R-VAL-004; C047R-ERR-001; file metadata; numbered supersession notices,NONE — location changed only; no evidence deleted or invalidated,OPERATOR_DIRECTIVE; SOURCE_AUDIT; FILE_METADATA; SUPERSESSION_NOTICE,N/A — workspace filing only,"Shared-drive workspace, July 2026",N/A,Drive IDs and parent-folder metadata,Direct operator filing authority; classifications bound to existing primary evidence; no mathematical independence credit,Root navigation; source-publication routing; manifest staging; corrupted and superseded provenance access,Consensus Ballot; Closure Log; Easy Closure mathematical states; Q0/P0.1/P0.2 theorem states; GP-AUTO-034; active machines,NONE,Added protected master-folder and monthly routing architecture; recorded exact moved-object lineage and empty deletion state.,,Corrupt or obsolete publications appearing active; accidental deletion; title-only deduplication; provenance loss,Folder placement could be misread as evidentiary demotion; future users could place files in DELETE without consensus,Verify exact Drive IDs and parents; confirm verified replacements remain active; confirm DELETE/2026-07 contains zero files; audit receipt against C047R evidence,Exact protected locations for eight explicitly classified objects and the workspace directive,Classification and hashing of remaining ambiguous historical files; any future exact consensus deletion decisions,No new human decision required for these authorized moves; every future deletion or DELETE placement requires exact consensus naming the file,"Reopen if any moved object's corrupt/superseded status is contradicted, an active dependency requires its prior folder placement, or the directive is revoked/amended",WORKSPACE_NAVIGATION_AND_PROVENANCE_CONTAMINATION,"Protected master folders, month subfolders, evidence-bound moves, additive receipt, and fail-closed empty deletion folder",No title-only inference; inspect primary corruption/supersession evidence before each move; retain IDs and links,No downstream mathematical or governance contamination; links remain stable because file IDs are unchanged,Six corrupt/failed source-publication objects; GP-DER-112-v1.0; GP-CLS-PROP-020-v1.0; workspace directive and master folders,SIX CORRUPT OBJECTS QUARANTINED / TWO SUPERSEDED OBJECTS ARCHIVED / DELETE EMPTY,,PASS — NONDESTRUCTIVE
TR-P01-021,2026-07-22,MATHEMATICAL_CLOSURE,TRUE,EC-021_UNIFORM_FINITE_Q4_MASS,"Reviewed finite-Q4 candidate, human-approval-ready, active queue item",Terminal narrow finite-Q4 closure; removed from active attention,"There exist r_1,c_Q4>0 with inf_{0<r<=r_1} P_{r,Q4}^{MS}(B_q)>=c_Q4; no numerical constants and no exact-field transfer.",GP-CLS-141; HA-008; CL-AUD-074; terminal EC-020 dependency,Repeated finite-Q4 mass and cancellation re-derivations retired,PROOF; INDEPENDENT REVIEW; HUMAN APPROVAL,"Typed finite-Q4 Palm law P_{r,Q4}^{MS}","Sufficiently small r, r_1=min(r_GR,1/20) existential",Exact normalized-periodized nine-jet law; quartic endpoint Hessians,Physical fixed-q nine-jet coordinates,CL-AUD-074 gate-qualifying; HA-008 approved,"EC-021 queue, HB-032, finite-Q4 downstream input","Exact-field mass, A_r, P0.1/P0.2, Theorem B, machine, release",Status change only: proved candidate to terminal exact narrow closure,Register and navigation state reconciled; no architecture change,,Repeated review/resource leak for an already complete finite-Q4 object,Potential scope bleed into exact full-field probability,"Object identity, coordinate-measure, determinant weight, normalizer and scope-firewall checks",Qualitative finite-Q4 uniform positivity no longer uncertain,"Exact-field bridge, quantitative constants, r-uniform exact-field support",COMPLETED — HA-008,"Additive contradiction to density, measure, weight, normalizer, EC-020 inclusion, scope, or operator revocation",CLOSURE_AND_SCOPE_CONTROL,Terminal record plus explicit unaffected-dependency firewall,Future consumers must type finite-Q4 versus exact-field objects explicitly,No downstream exact-field or theorem contamination authorized,EC-021 finite-Q4 mass component only,NONE,,PASS / TERMINAL
TR-P01-019A,2026-07-22,REVIEW_GATE_RESOLUTION,TRUE,EC-019_FIXED_R_EXACT_FIELD_POSITIVITY,Held under strict Option B; CL-AUD-072 support-only; R2 cosmetic amendment open,Human-approval-ready under Option A; CL-AUD-072 gate-qualifying; R2 repaired,Reviewer independence is measured relative to the OpenAI/GP author organization; fixed-r exact-field proof has R1–R10 PASS after additive R2 display repair.,HA-008; GP-COR-142; GP-CLS-PROP-023-v1.1,Strict Option B interim hold superseded for EC-019 routing,HUMAN GATE; INDEPENDENT REVIEW; PRESENTATION CORRECTION,Exact six-pin full-field typed Palm law P_{1/20}^{MS},Single fixed r=1/20,C^4 physical/scaled convention displayed in GP-COR-142,Exact physical endpoint Hessians and scaled local chart,CL-AUD-072 qualifies under Option A; R2 PASS after repair,"EC-019 queue, HB-030, human-decision routing","Numerical mass, r-interval, r-uniformity, P0.1/P0.2, Theorem B, machine, release",No theorem closed; review eligibility and presentation state changed,No architecture change; register routing corrected,,Contradictory organizational-independence rule and unexposed normalization display,Risk of treating Option A as terminal approval,Exact Option A authority record; R1–R10 review; normalization/extension display; scope checks,Reviewer eligibility and R2 presentation ambiguity removed,Separate Dylan terminal approval; all quantitative and uniform exact-field fronts,OPEN — APPROVE EC-019 EXACT FIXED-r FULL-FIELD SCOPE,Additive contradiction to the proof/review or explicit operator revocation,REVIEW_GATE_AMBIGUITY,"Numbered clarification, operator selection, additive repair, revised decision package",Future gate changes require explicit numbered decision and separate terminal approval,No downstream theorem or machine state changed,EC-019 fixed-r exact-field positivity review state,NONE,,PASS / HUMAN-APPROVAL-READY
VOID-DUPLICATE-TR-P01-021-20260723,2026-07-23,DUPLICATE_REGISTER_ENTRY,TRUE,EC-021_UNIFORM_FINITE_Q4_PALM_MASS,HUMAN-APPROVAL-READY; technical review complete; finite-Q4 statement nonterminal.,VOID — AUTHORITATIVE EC-021 TRANSITION IS TR-P01-021 AT ROW 68,"There exist r_1>0 and c_Q4>0 such that inf_{0<r<=r_1} P_{r,Q4}^{MS}(P01-UNIFORMQ-D4-BOX-001)>=c_Q4>0; no numerical r_1 or c_Q4.",GP-CLS-PROP-025; CL-AUD-074; terminal EC-020; HA-008; GP-CLS-141,Active review request HB-032 and repeated finite-Q4 cancellation/mass derivations retired; no source evidence deleted.,EXACT FINITE-DIMENSIONAL PROOF; INDEPENDENT REVIEW; HUMAN APPROVAL,"Typed finite-Q4 Palm law P_{r,Q4}^{MS} with quartic endpoint determinant/type weight.","Exact normalized-periodized field’s nine-jet finite-Q4 projection; sufficiently small 0<r<=r_1=min(r_GR,1/20).","Physical q coordinate with fixed q-width; W_{r,Q4} and Z_{r,Q4}=r^2 z_r; no exact full-field substitution.",Nine midpoint physical-jet coordinates.,PASS — CL-AUD-074 Q1–Q10; EC-020 dependency independently reviewed and terminal.,"Easy Closure Queue, Closure Log, HB-032, Dashboard, evidence/review/transition/relation registers.",Exact full-field Palm mass and selected-branch adjacency; numerical constants; P0.1/P0.2; Theorem B; machines; ballots; release; deletion.,No formula changed after review; the already-supported exact finite-Q4 existence statement acquired terminal human approval.,Terminal records and scope-firewall relations added; active-attention routing removed.,,Closure-state drift; finite-Q4/exact-field object laundering; human-approval omission.,Misuse of finite-Q4 c_Q4 as an exact full-field lower bound or extension beyond the existence interval.,Object/measure checks; physical-q coordinate check; r^2 numerator/normalizer cancellation; dependency and scope audits.,Whether the fixed-q corridor has uniformly positive finite-Q4 Palm mass for sufficiently small r.,"Exact full-field probability, uniform exact-field continuation, numerical lower bounds, P0.1/P0.2, and theorem implications.",COMPLETED — HA-008 exact item-level approval.,"Reopen on finite-Q4/full-field substitution, nine-jet singularity, incorrect measure, EC-020 inclusion failure, nonpositive weight, incorrect r^2 factorization, lack of finite C_Z/positive c_phi, scope contamination, or operator revocation.",SCOPE_OR_OBJECT_MISMATCH,"Applied complete additive closure package, queue retirement, evidence/review records, and explicit exclusions.",Terminal label + Relation Index firewall + reopening rule + preserved provenance.,No downstream contamination detected; exact-field and theorem objects remain expressly open.,EC-021; P01-UNIFORMQ-D4-BOX-001 finite-Q4 mass; HB-032.,NONE,,VOID-DUPLICATE / GP-COR-143-v1.0
VOID-DUPLICATE-TR-P01-019-GATE-A,2026-07-23,DUPLICATE_REGISTER_ENTRY,TRUE,EC-019_FIXED-r_EXACT_FULL_FIELD_POSITIVITY,HELD under strict Option B interim interpretation; CL review support-only; R2 cosmetic AMEND.,VOID — AUTHORITATIVE EC-019 GATE TRANSITION IS TR-P01-019A AT ROW 69,Reviewer eligibility is different-provider-from-GP or human; this resolves review credit only and does not approve P_{1/20}^{MS}(A_{1/20})>0 terminally.,HA-008; CL-AUD-072; GP-COR-142; GP-CLS-PROP-023-v1.1,Strict Option B interim routing and uncorrected R2 presentation state superseded for active routing; all records preserved.,OPERATOR GATE SELECTION; ORGANIZATION-INDEPENDENT PROOF REVIEW; ADDITIVE CORRECTION,Exact full-field typed Palm law P_{1/20}^{MS}.,Single fixed separation r=1/20 only.,Explicit physical/scaled affine normalization and inverse extension; exact endpoint Hessian weight.,Exact physical field plus nine midpoint jets.,PASS UNDER OPTION A — CL-AUD-072; R2 PASS AFTER GP-COR-142.,"EC-019 queue state, HB-030, decision routing, proof-review credit.","Numerical exact-field mass, nontrivial-r continuation, uniform positivity, GT5, P0.1, P0.2, Theorem B, machine, ballots, release, deletion.",No mathematical claim promoted or closed; only technical gate status changed.,Contradictory reviewer rule removed from active routing; human-ready package issued.,,Independence-rule contradiction; missing normalization display; gate/terminal conflation.,Future sessions may confuse Option A selection with EC-019 approval or fixed-r positivity with r-uniform positivity.,Exact approval-phrase check; Option A source check; R1–R10 ledger; R2 correction link; scope-firewall relations.,Reviewer eligibility and the R2 presentation ambiguity.,Exact item-level Dylan approval; quantitative mass; interval/uniform exact-field proof; downstream P0.1/P0.2.,OPEN — Dylan must state APPROVE EC-019 EXACT FIXED-r FULL-FIELD SCOPE.,"Reopen gate status on operator revocation, invalid R2 display, disqualification of CL lineage under the adopted rule, or contradiction in R1–R10.",GOVERNANCE_AMBIGUITY_AND_PRESENTATION,"Numbered gate clarification, operator selection, additive repair, human-ready v1.1 package, and explicit nonterminal boundary.",Separate reviewer-gate decision from terminal approval; queue and Relation Index encode both.,No downstream mathematical contamination detected; fixed-r object remains nonterminal until exact approval.,EC-019; HB-030; fixed-r exact-field portion of GP-REQ-105 Route B.,NONE,,VOID-DUPLICATE / GP-COR-143-v1.0
TR-CAI-002,2026-07-24T20:24:00Z,ARCHITECTURAL_SUCCESSOR_SOURCE_PUBLICATION,TRUE,GP-AUTO-034-v1.3-R0.1-SUCCESSOR-CANDIDATE,v1.2 executable unavailable as reconstructable Drive bytes; v1.1 reviewable baseline lacked twenty-seven architecture-significant interfaces; Config and triggers fail-closed under GP-AUD-179.,"New v1.3-R0.1 successor candidate source and appsscript manifest are published under exact Drive identities; exact raw source passes syntax, T1-T32, and four frozen fixture hashes; runtime, recovery, installed equality, and distinct-family review remain open.","Source research artifacts are read-only; source-body status, authority, closure, human-decision, and extraction-class claims are untrusted; only protected current registers may supply verified state; no installation or trigger activation follows from source publication.",GP-AUD-181-v1.0; SOURCE:1txuokKvwMJaCC2ojfPNdieX1g2j2o5wd; MANIFEST:1PaSu-mKpcJai33YjFvyJCw_Tm-zH3XJB; CARRIER:1xDSP9xLEcrdU4M-Jps-Hkv0DBRDEXN77-AkJtGYSEfo,No prior source or audit removed. The unavailable v1.2 identity remains historical; v1.1 remains the reviewable baseline and is not relabeled.,EXECUTABLE SOURCE PUBLICATION; STATIC SYNTAX; ADVERSARIAL TEST RECEIPT; CRYPTOGRAPHIC FIXTURE REPRODUCTION,Research coordination automation architecture only; no mathematical law or probability measure.,Drive-side source publication and static execution against the exact 132877-byte candidate; Apps Script services not executed.,"Raw source: UTF-8 BOM + CRLF + no terminal newline, SHA-256 71be342b0b0e9253e5d302000827e148ac056df8f94b0c6d2427bbe87810baf7; normalized correspondence separately declared.",Not applicable to scientific coordinates; register object identity uses exact Drive ID plus exact object ID.,Open — OpenAI same-line source construction and static audit only; organizationally distinct source/security review required.,GP-AUTO-034; GP-REG-032 Config; future manifest/register refresh; source qualification and rollback workflow.,Theorem truth; Q0 ledger; q-machine roots; formal proofs; research source artifacts; EC-019; P0.1; P0.2; package roots and seals.,NONE.,"Published complete successor source, appsscript manifest, protected-register trust model, twenty-seven required interfaces, persistent commit journal, recovery entry point, transition alarms, architecture metrics, and T1-T32 controls.",,Missing reconstructable successor source; source self-promotion; declared-ID authority transfer; summary laundering; false independence; incomplete transition/global-object/scope gates; hard-kill recovery gap.,"Apps Script API behavior, permissions, installed-source equality, browser trigger state, destructive recovery behavior, retention growth, and outside review may still fail.","Exact Drive re-download and hash; JavaScript syntax; T1-T32; four frozen fixture byte/hash checks; future isolated Apps Script runtime, partial-commit injection, recoverIncompleteCommit, and distinct-family audit.","Uncertainty over whether a complete reviewable successor source exists, its exact raw Drive identity, whether all twenty-seven required interfaces are present, and whether static trust-boundary controls pass is removed.",Runtime/OAuth/service compatibility; isolated refresh receipts; hard-kill rollback; installed-project source equality; normalized LF raw-object publication; distinct-family review; any future activation decision.,"Dylan approval is required before installation, trigger activation, production write capability, or treating the candidate as terminally qualified.","Reopen or reject on source/hash mismatch, any T1-T32 or fixture failure, runtime write outside approved targets, inability to recover a partial commit, source-body promotion leakage, independent-review defect, or installed-source mismatch.",EXECUTABLE_SOURCE_IDENTITY_AND_TRUST_BOUNDARY,Publish a new explicitly versioned successor rather than impersonating v1.2; bind exact source and manifest identities; preserve fail-closed Config; separate static evidence from runtime and independent qualification.,"Future automation releases require immutable source and manifest identities, Drive re-download hash receipts, static and runtime tests, recovery injection, distinct-family review, installed-source equality, and explicit activation authority.","No downstream mathematical contamination: no script was installed or run against live generated outputs, no source research file was modified, and no theorem, machine root, package seal, or canonical claim changed.",None directly; future live coordination surfaces only after separate qualification and activation.,DO NOT INSTALL / TRIGGERS REMAIN DISABLED / REVIEW AND RUNTIME IN ISOLATED COPY ONLY.,,PASS-SOURCE-STATIC / RUNTIME-RECOVERY-INDEPENDENT-REVIEW-PENDING
TR-CAI-003,2026-07-24T20:34:00Z,ARCHITECTURAL_CANDIDATE_CORRECTION_AND_STATIC_REQUALIFICATION,TRUE,GP-AUTO-034-v1.3-R0.2-SUCCESSOR-CANDIDATE,"R0.1 source was published and T1-T32 passed, but a distinct-family audit found that buildContextRows_ could label the candidate ACTIVE / Production R0.2 package. R0.1 static qualification was therefore AMEND REQUIRED.","R0.2 is a new immutable source identity. Candidate labeling is repaired; T33 permanently tests the no-production boundary; exact Drive source passes syntax, T1-T33, and four frozen fixtures. Runtime, recovery, installed equality, normalized raw-object publication, and distinct-family review remain open.","A GP-AUTO candidate must identify itself CANDIDATE / DO NOT INSTALL in generated context surfaces and must explicitly state runtime, recovery, installed equality, and distinct-family review as pending. Candidate source may not describe itself as production.",GP-AUD-182-v1.0; SOURCE:14jTtCmv7xhYrFCfx3kumP9mysNPxNP7m; CARRIER:1_d4AJ4Lp8aidFHk_LL6LoCdzcLKpNGHMW9x3Rh7l8us; MANIFEST:1PaSu-mKpcJai33YjFvyJCw_Tm-zH3XJB; prior audit notice on R0.1 carrier,"R0.1 raw source and GP-AUD-181 are preserved as superseded candidate evidence. No source, audit, fixture, register, or historical identity was deleted.",EXECUTABLE SOURCE CORRECTION; STATIC SYNTAX; CONTROLLED VM ACCEPTANCE BATTERY; CRYPTOGRAPHIC FIXTURE REPRODUCTION; ROUND-TRIP BYTE IDENTITY,Research coordination automation architecture only; no mathematical law or probability measure.,Exact 133632-byte Drive source; non-runtime JavaScript VM with controlled Apps Script mocks; live Google Apps Script services not executed.,"Raw source: UTF-8 BOM + CRLF + no final newline, SHA-256 50589fc1f6f5e0df0d5acf8148848c10d6e3c06ebaa319fb830c71c856502b06. Deterministic LF correspondence: 130281 bytes, SHA-256 ecd13ed9baa3746993121f6202ee7faac774f5a849d0a196c0ec285325130333.",Not applicable to scientific coordinates; automation object identity uses exact release name and exact Drive source ID.,R0.1 received distinct-family AMEND REQUIRED review. Exact R0.2 bytes have not yet received a distinct-family technical/security review.,GP-AUTO-034 current source routing; GP-REG-032 Config; future isolated runtime and recovery test packet; GP-AUD-181 correction state.,Mathematical claims; Q0; q-machine roots; formal proof state; EC-019; P0.1; P0.2; package roots/seals; production trigger state.,NONE.,Replaced false production labeling with candidate-aware status and pending-gate description; added T33; created new R0.2 source identity and requalified all static controls.,,False candidate-to-production labeling and inadequate regression coverage for generated readiness surfaces.,"Apps Script/OAuth/runtime behavior, permissions, manifest publication behavior, normal refresh, hard-kill recovery, installed-source equality, direct LF raw object, retention growth, and outside review may still fail.","Exact Drive re-download equality; SHA-256; JavaScript syntax; T1-T33 in controlled VM; four fixture hashes; future isolated Apps Script execution, partial-commit injection, recoverIncompleteCommit verification, and exact-byte distinct-family review.",The known R0.1 false-production labeling defect is removed from the exact R0.2 bytes and guarded by T33.,"All runtime, destructive recovery, installation, browser trigger, permission, source-equality, normalized raw-object, and independent-review uncertainty remains.","Dylan approval remains required before installation, trigger activation, production write capability, or terminal qualification.","Reopen or reject on any recurrence of production wording for a candidate, source/hash mismatch, test or fixture failure, runtime write outside approved targets, failed rollback, installed-source mismatch, or review defect.",CANDIDATE_READINESS_MISREPRESENTATION,Issued a new source version instead of silently changing R0.1; repaired generated candidate labeling; added a permanent negative test; preserved all prior evidence; kept Config and triggers fail-closed.,Every candidate release must include an executable regression test proving that generated status surfaces preserve its nonproduction state.,No downstream mathematical contamination. No Apps Script project was installed or executed; no trigger was enabled; no live generated register output was refreshed by the candidate.,None directly; future live coordination surfaces only after separate isolated qualification and explicit activation.,DO NOT INSTALL / TRIGGERS REMAIN DISABLED / EXACT R0.2 DISTINCT-FAMILY REVIEW AND ISOLATED RUNTIME REQUIRED.,,PASS-STATIC-REPAIRED / RUNTIME-RECOVERY-INSTALLED-EQUALITY-INDEPENDENT-REVIEW-PENDING
TR-CAI-004,2026-07-24T20:55:00Z,ARCHITECTURAL_EXPLICIT_TARGET_REPAIR_AND_RUNTIME_SANDBOX_PREPARATION,TRUE,GP-AUTO-034-v1.3-R0.3-SUCCESSOR-CANDIDATE,"R0.2 repaired false production labeling and passed T1-T33, but exact source hardcoded the live GP-REG-032 spreadsheet ID. A nominal isolated Apps Script project could therefore still target live coordination data.","R0.3 is a new immutable source identity with no live registry default. Runtime requires explicit Script Property GP_AUTO_REGISTRY_SPREADSHEET_ID. T34 verifies absent-property failure and exact explicit binding. Exact Drive source passes syntax, T1-T34, and four fixtures. A fully isolated registry/navigation/output sandbox and read-first recovery protocol now exist.",Every executable automation candidate must require an explicit runtime target identity and must fail closed when that identity is absent or malformed. Test execution may not inherit a production/live target from source constants or copied Config.,GP-AUD-185-v1.0; SOURCE:1bLNbR77ggE-TBppO_p9kRX3IAn-FQ7vX; CARRIER:1b_BQsqbkC6lTfK3ekBQtp6ivMJmjumVpnOpn2mrYo0s; READ_FIRST:1obzqC59KPxQ6YV38rvHRNWKEFv1FYAfyoOEMw8h3lVQ; SANDBOX:1UlWMqsNWdhl5bxqD50BC0QLOtTNrxDiH; TEST_REGISTRY:11kjAdxXCB4gY_2IleE9dWbscwkOpmZijpceUhrGnGpo,"R0.2 raw source, carrier, GP-AUD-182, and TR-CAI-003 remain preserved as superseded candidate provenance. No source, audit, register history, fixture, or mathematical artifact was deleted.",EXECUTABLE SOURCE CORRECTION; EXACT DRIVE ROUND TRIP; STATIC SYNTAX; CONTROLLED VM T1-T34; CRYPTOGRAPHIC FIXTURES; ISOLATED WRITE-TARGET CONSTRUCTION; RECOVERY PREREGISTRATION,Research coordination automation architecture only; no mathematical law or probability measure.,Exact 134700-byte raw Drive source under controlled non-runtime VM; copied spreadsheet/navigation/output targets for future Apps Script execution; no Apps Script service call executed.,"Raw source: UTF-8 BOM + CRLF + no final newline, SHA-256 4f491c622fbd400167bb62dbd0564d6ab4ee9515338891c41e1779459f1ea34e. Deterministic LF correspondence: 131330 bytes, 2599 lines, SHA-256 c646af244e8d864455366b3f05b7c46e83bf52c78c0afe238668b1542372f34b.",Not applicable to scientific coordinates; automation write identity is exact source release plus explicit Script Property target plus isolated Config destinations.,R0.1 received distinct-family AMEND REQUIRED evidence. R0.2 and R0.3 remain version-specific review objects; exact R0.3 distinct-family source/security review is open.,"GP-AUTO-034 current source routing; GP-REG-032 Config; future installed-source equality; isolated runtime, refresh, hard-kill recovery, and teardown receipts.",Live GP-REG-032 data; live Navigation Companion; live manifest staging; theorem truth; Q0; q-machine roots; formal proof state; EC-019; P0.1/P0.2; package roots and seals.,NONE.,"Removed hardcoded live registry default; added explicit Script Property resolver and T34; replaced all runtime registry references; created isolated registry, navigation, and generated-output targets; published an exact runtime/recovery handoff.",,Implicit live-target inheritance in test/runtime source; insufficient separation between source identity and deployment target; absent regression coverage for missing target binding.,"Apps Script API/OAuth behavior, installed-source correspondence, actual target-property configuration, normal refresh, permissions, hard-kill recovery, trigger state, retention growth, normalized raw-object publication, and outside review may still fail.",Exact Drive re-download equality; SHA-256; JavaScript syntax; T1-T34 in controlled VM; four fixture hashes; future absent-property and explicit-property tests in Apps Script; isolated refresh; write-target audit; partial-commit injection; recoverIncompleteCommit comparison; teardown.,The known R0.2 hardcoded-live-target defect is removed from exact R0.3 bytes; no live registry default remains; isolated write destinations and a complete takeover protocol are prepared.,"All Google Apps Script runtime, destructive recovery, installed-source equality, permissions, browser trigger, normalized raw-object, and exact-byte independent-review uncertainty remains.","Dylan approval remains required before installation, production trigger activation, write-capable deployment, or terminal qualification.","Reopen or reject on any implicit live fallback, property-binding failure, source/hash mismatch, T1-T34 or fixture failure, runtime write outside the sandbox, source mutation, failed rollback, installed-source mismatch, or review defect.",IMPLICIT_LIVE_RUNTIME_TARGET,Issued a new source version rather than altering R0.2; removed the default target; added an executable negative test; prepared copied write targets and a fail-closed recovery protocol; preserved all prior evidence.,Every automation release must separate immutable source identity from explicit deployment-target identity and must test the absent-target branch before any service call.,No downstream mathematical contamination. No Apps Script project was executed; no live generated surface was refreshed; no trigger was enabled; all prepared runtime targets are copies or new generated-only objects.,"None directly. Future live coordination surfaces may change only after separate runtime, recovery, review, and activation gates.",DO NOT INSTALL / LIVE AUTHORIZATION AND TRIGGERS REMAIN FALSE / USE ONLY THE R0.3 ISOLATED SANDBOX.,,PASS-STATIC-EXPLICIT-TARGET / SANDBOX-PREPARED / RUNTIME-RECOVERY-EQUALITY-INDEPENDENT-REVIEW-PENDING
TR-CAI-005,2026-07-24T21:08:00Z,ARCHITECTURAL_COMPLETE_WRITE_TARGET_EXPLICITNESS_REPAIR,TRUE,GP-AUTO-034-v1.3-R0.4-SUCCESSOR-CANDIDATE,"R0.3 removed the hardcoded live registry target and passed T1-T34, but source still contained live Navigation Companion and manifest-staging fallbacks when NAVIGATION_DOC_ID or MANIFEST_OUTPUT_FOLDER_ID was absent.","R0.4 removes all registry, navigation, and manifest live defaults. Registry requires explicit Script Property; navigation and manifest require explicit Config IDs. T35 verifies missing-target failures and exact binding. Exact Drive source passes syntax, T1-T35, and four fixtures. Current sandbox handoff is updated.","Every write-capable target class must be explicitly bound. Missing or malformed registry, navigation, or manifest targets must fail closed before context construction or service writes. No live fallback may exist in source.",GP-AUD-186-v1.0; SOURCE:1Z2BGcE8r9AqsnyPs1k8_qqn_kQFeaT99; CARRIER:1VVKDeG8-PcV5EJYfNc1JSlv7b_s2KeUUjpdtRDA-yXk; READ_FIRST:1gZum-OCx4IhdhDS3CyLJ1jajJHK1Ik9Orph4NAELiic; SANDBOX:1UlWMqsNWdhl5bxqD50BC0QLOtTNrxDiH,"R0.3 raw source, carrier, GP-AUD-185, TR-CAI-004, and prior read-first remain preserved as superseded candidate provenance. Nothing deleted.",EXECUTABLE SOURCE CORRECTION; EXACT DRIVE ROUND TRIP; STATIC SYNTAX; CONTROLLED VM T1-T35; CRYPTOGRAPHIC FIXTURES; WRITE-TARGET FIREWALL; RUNTIME/RECOVERY PREREGISTRATION,Research coordination automation architecture only; no mathematical law or probability measure.,Exact 135668-byte raw Drive source under controlled non-runtime VM; no Apps Script service call executed.,"Raw source: UTF-8 BOM + CRLF + no final newline, SHA-256 11ba6ccdb3f68a38215036b55dec4a4e53cc2022adf6af8f5c6dffec8f9aa9d3. LF correspondence: 132283 bytes, 2608 lines, SHA-256 e6dbb29eac4d78bd1ce8e0be1457e1632704b9f612bebebc0abefabaa14f847f.",Not applicable to scientific coordinates; deployment identity uses exact source release plus explicit registry Script Property and explicit Config navigation/manifest IDs.,Exact R0.4 distinct-family technical/security review remains open. Earlier reviews are version-specific only.,GP-AUTO-034 current source routing; GP-REG-032 Config; isolated runtime/refresh/recovery/teardown package; future installed-source equality.,"Live registry, live navigation, live manifest staging, mathematical claims, Q0, q-machine roots, formal proof state, EC-019, P0.1/P0.2, roots and seals.",NONE.,Removed navigation and manifest live defaults and TREE_04_4 fallback; added requiredConfigDriveId_ and T35; updated isolated runtime handoff.,,Implicit live navigation/manifest target inheritance and incomplete regression coverage for output-target absence.,"Apps Script/OAuth behavior, installed equality, actual property/config binding, normal refresh, permissions, hard-kill recovery, trigger state, retention, normalized raw-object publication, and outside review may still fail.",Drive re-download equality; SHA-256; JavaScript syntax; T1-T35; four fixtures; future absent-target Apps Script tests; isolated refresh; complete write-target audit; partial-commit injection; recovery; teardown.,"All known source-level live write defaults are removed. Exact R0.4 source contains zero occurrences of live registry, live navigation, or live manifest-staging IDs.","Runtime, recovery, permissions, installed-source equality, trigger inspection, normalized raw publication, and independent review uncertainty remains.","Dylan approval remains required before installation, trigger activation, production write capability, or terminal qualification.","Reopen or reject on any live fallback, missing-target nonfailure, source/hash mismatch, T1-T35 or fixture failure, sandbox escape, source mutation, failed recovery, installed mismatch, or review defect.",IMPLICIT_LIVE_NAVIGATION_OR_MANIFEST_TARGET,Issued a new immutable source version; removed every known live write fallback; added executable negative tests; preserved prior evidence and fail-closed switches.,Every target class must be explicitly configured and its absent branch tested before any write-capable release can advance.,No downstream mathematical contamination. No Apps Script project executed; no live output refreshed; no trigger enabled; no source artifact modified.,"None directly. Future coordination outputs may change only after separate runtime, recovery, review, and activation gates.",DO NOT INSTALL / USE ONLY R0.4 READ-FIRST AND ISOLATED TARGETS / LIVE AUTHORIZATION AND TRIGGERS REMAIN FALSE.,,PASS-STATIC-ALL-TARGETS-EXPLICIT / SANDBOX-HANDOFF-UPDATED / RUNTIME-RECOVERY-EQUALITY-INDEPENDENT-REVIEW-PENDING
TR-EC019-PATHB-AUTOYES-20260730,2026-07-31T00:03:27Z,MATHEMATICAL_CLOSURE,TRUE,EC-019_FIXED-r_EXACT_FULL_FIELD_TYPED_PALM_POSITIVITY,T1/T2 scientific PASS; Path-B successor published; distinct-family package-integrity replay open; AD-009 HOLD,TERMINAL narrow fixed-r closure; removed from active attention,P_{1/20}^{MS}(A_{1/20})>0 for the exact normalized periodized side-24 BF field under the exact six-pin typed-Palm law and selected branch; no numerical value and no r-uniformity.,GP-AUD-EC019-PATHB-20260730-v1.0; exact source/gzip/result hashes; byte-identical clean replay; 19/19 margins; 5/5 controls; 9/9 mutations; chronology and contradiction scan PASS,Nothing deleted. Historical human/T2-open alarm language is superseded for current-state routing; all predecessor evidence remains provenance.,EXACT PROOF; ORGANIZATIONALLY DISTINCT SCIENTIFIC REVIEW; DISTINCT-FAMILY PACKAGE-INTEGRITY REPLAY,Exact full-field typed Palm law P_{1/20}^{MS},Side-24 torus; r=1/20 only,Exact normalized-periodized Bargmann–Fock field,Frozen scaled chart and physical selected-branch event as declared in EC-019,Mathematical independence: original Anthropic A-line PASS. Package integrity: OpenAI replay PASS; zero additional mathematical-independence credit.,Easy Closure Queue; Closure Log; AD-009; current command surfaces; EC-019 consumers at the exact fixed-r input,Numerical probability; any r other than 1/20; uniform-r positivity; P0.1/P0.2; Theorem B; lifetime/elder-rule asymptotics; machines; roots; seals; release; deletion,Status change only: the already-established exact fixed-r result acquires the missing package-integrity PASS and terminal label.,Additive register synchronization and void-carrier metadata repair; no mathematical source changed.,,Package-integrity hold drift; stale predecessor alarms; void carrier advertised good hash,Potential misuse as a numerical or uniform-r probability statement,Exact byte/hash checks; full source-to-spec audit; clean CPython execution; binary comparison; 19-margin/control/mutation parsing; successor and contradiction scan,Whether the exact published Path-B package is independently reproducible from Drive and satisfies the frozen source/spec/result identities,"All broader probability, uniformity, theorem, formalization, root, seal, and release questions",NONE — AD-009 AUTO-YES under OP-PROT-012,"Reopen on valid counterexample, T1/T2 defect, carrier mismatch, law/conditioning/branch change, dependency retraction, or scope breach.",CLOSURE_AND_SCOPE_CONTROL,"Issued an immutable exact replay receipt, preserved one-lineage independence accounting, repaired the void title, and synchronized terminal state additively.",Future consumers must cite the exact r=1/20 law and must not infer a numerical or uniform-r bound.,"No downstream contamination authorized; P0.1, P0.2, Theorem B, machines, roots, seals, and release remain unchanged.",EC-019 only at exact fixed-r scope,VOID carrier 16DuTZ... retained and visibly marked DO NOT USE,GP-AUD-EC019-PATHB-20260730-v1.0,PASS / TERMINAL
TR-P01G-CLOSE-20260730,2026-07-31T00:24:08Z,MATHEMATICAL_SUBLEMMA_CLOSURE,TRUE,P01_DOMAIN_G_EXACT_GAUSSIAN_PALM_NORMALIZER_SHA_666f582c,Queue labelled independent-review pending although CL-AUD-231 had completed the exact-hash G1–G9 review and LS-CTL-003 already marked G0 TRUE.,TERMINAL qualitative Domain-G sublemma; removed from active attention; overall P0.1 remains HOLD.,"For the declared exact side-24 six-pin law, Z_r^exact/r^2 converges to E[Q_L^2 1{Q_L<0}] in (0,infinity), hence Z_r^exact=Theta(r^2) for sufficiently small r.",CL-REG-230; CL-AUD-231; CL-REC-232; GP-CLS-P01G-20260730-v1.0; LS-CTL-003 G0 TRUE,Nothing deleted or invalidated. Same-line preparatory audits remain provenance; no additional provider credit created.,FROZEN EXACT-HASH THEOREM BODY; PREREGISTERED INDEPENDENT RECONSTRUCTION; STATUS RECONCILIATION,Exact normalized-periodized side-24 six-pin conditioned Gaussian/Palm law,r down to 0; qualitative sufficiently-small-r Domain-G scope,Exact normalizer Z_r^exact/r^2,Pin-adjusted endpoint-Hessian frame in the declared scaled chart,CL-AUD-231 APPROVE; G1–G9 ALL PASS; one Anthropic-lineage credit,P0.1 G0 gate; consumers of the exact qualitative normalizer sublemma,PZ0/N1; numerical c_Z/C_Z/r_G; Domain D/T/I; Carrier B; integrated v1.9 theorem; P0.2; Theorem B,No theorem-body change; status only.,"Additive closure, review, evidence, queue, and transition synchronization.",NONE,Stale independent-review-pending label and missing review/evidence records,Risk of over-transferring one Domain-G review to a second family or to other P0.1 gates,Frozen-hash match; preregistration chronology; exact verdict text; G1–G9 ledger; LS-CTL-003 G0 state; successor search,Whether the exact qualitative Domain-G normalizer sublemma had a qualifying hash-specific review,"All broader P0.1 family, D/T/I, periodization, recombination, integrity, and promotion uncertainty",NONE for this component closure,"Reopen on hash contradiction, CL-AUD-231 invalidation, material Domain-G defect, object/law change, or scope breach.",STALE_REVIEW_STATUS,Issued immutable closure receipt and synchronized the exact review lineage without changing theorem text.,Future routing must treat G0 as complete and must not repeat-count the Anthropic lineage.,No downstream theorem promotion; P0.1 remains active and nonterminal; no effect on P0.2/Theorem B/root/seal/release/deletion.,P0.1 Domain-G only,NONE,GP-CLS-P01G-20260730-v1.0,PASS / TERMINAL SUBLEMMA / P0.1 HOLD
TR-DQ059-CLOSE-20260730,2026-07-31T00:35:27Z,OPERATIONS_EVIDENCE_TRANSITION,FALSE,DQ059_OPPROT017_BLANK_LINE_CONVERSION_CONTROL,Negative control open; blank-line expansion rationale not directly tested.,Negative control PASS; exact authored/exported divergence preserved; DQ-059 complete.,A converting TXT-to-Google-Docs upload expanded two authored empty lines to four and changed the marker-body identity from 199 B / 17d9a0ef…f1b to 201 B / d842f1f3…4ecf.,DQ-059 control; GP-REC-DQ059-20260730-v1.0; OP-PROT-017,Nothing invalidated. C1 remains unchanged; C3 rationale gains direct evidence.,PREREGISTERED SANDBOX EXACT-IDENTITY COMPARISON,Marker-delimited plain-text control under Google Docs conversion,One same-run conversion and native text/plain re-export,Frozen-body byte sequence and run length of empty lines,OP-PROT-017 normalized line-anchored extraction,SAME-LINE OPERATIONS / ZERO REVIEW CREDIT,OP-PROT-017 creation guidance and future conversion tests,"All mathematical objects, theorem packages, review verdicts, roots, seals, and releases",No theorem-body change.,"Additive evidence, receipt, queue, gate, lineage, and transition synchronization.",NONE,Missing negative conversion control,Risk of treating untested creation-path rationale as universal,Preregistered authored hash; same-run native export; unique markers; exact body comparison; folder parent check,Whether this conversion path expands consecutive blank lines,Behavior of other conversion/import paths,NONE,"Reopen on object drift, extraction-standard change, or untested route-equivalence claim.",DQ059_NEGATIVE_CONTROL_OPEN,Executed the bounded sandbox falsifier and preserved both identities.,Keep C1 unchanged; retain C3 as conservative guidance supported by this route-specific result.,No downstream mathematical or governance transition.,DQ-059 sandbox only,OpenAI / GP zero-credit operations,GP-REC-DQ059-20260730-v1.0,PASS / COMPLETE / NO SCIENTIFIC EFFECT
TR-DQ058-SOURCE-SUCCESSOR-20260730,2026-07-31T01:00:38Z,SOURCE_IDENTITY_TRANSITION,FALSE,LSDER023_PARAMETER_WINDOWS_OUTSIDE_HASH,"LS-DER-023-v1.0 uses P_* inside the frozen body while B_*, K_*, and P_* are defined only in an unfrozen header.",LS-DER-023-v1.1 carries the same definitions inside the frozen body and is the current future-review object.,Added exactly four definition lines; deleting them reproduces the predecessor body byte-for-byte.,LS-DER-023-v1.0; LS-DER-023-v1.1; LS-REQ-019-v1.1; GP-REC-DQ058; LS-MAN-046,"No theorem statement, hypothesis, estimate, proof step, or scientific status invalidated.",NUMBERED SUCCESSOR + EXACT DELETION CROSSWALK + WHOLE-EXPORT INVENTORY,TB-G3A compact source object and package transport inventory,197 Doc exports; two folder members; final manifest insertion,Frozen-body byte identity and package direct-child membership,OP-PROT-017 normalized marker extraction; raw native export SHA-256,SAME-LINE OPERATIONS / ZERO REVIEW CREDIT,Future external review routing for LS-DER-023-v1.1,"All mathematical approval, external review, package root, seal, and release predicates",No proof or theorem-body content beyond definitions changed.,"Additive successor, request, receipt, manifest, and register synchronization.",NONE,Parameter windows outside frozen identity,Exact-hash reviewer could bind a different parameter window,Numbered successor; exact deletion test; stable IDs; version sweep; current-folder enumeration,Whether v1.1 differs mathematically from v1.0,Organizationally distinct exact-hash review and remaining Theorem B dependencies,NONE,"Reopen on identity drift, later successor, crosswalk failure, route mismatch, membership drift, root failure, or XLSX disagreement.",DQ058_SOURCE_FREEZE_OPEN,Published exact successor and routed review to it.,Release operations task after XLSX; keep mathematical review open.,No mathematical contamination; future review routes to v1.1 while v1.0 remains preserved for historical dependency bindings.,LS-DER-023-v1.0; LS-DER-023-v1.1; LS-REQ-019-v1.0/v1.1; Theorem B package control surfaces,NONE / predecessor preserved; one exact-title collision disclosed in LS-MAN-046,GOA-LSDER023-V11-DQ058,PASS / SOURCE REPAIR COMPLETE / XLSX PASS / OPERATIONS RELEASED
TR-LSDER036-REVIEW-COLLISION-20260730,2026-07-31T01:12:57Z,CONTROL_PLANE_IDENTITY_TRANSITION,FALSE,LSDER036_DUPLICATE_REVIEW_TITLE_AND_CLWO_KEY,"Two distinct Anthropic review objects and two distinct work orders shared stable titles/IDs, creating silent-substitution and double-credit risk.",Exact controlling/supplemental mapping and compound work-order keys are materialized; successor review remains open.,Earlier 1zMq review controls v1.0; later 1AcC review supplements with zero extra credit; predecessor verdict does not transfer to v1.1.,CL-CLWO-20260727-03; CL-CLWO-20260727-07@1jG; GP-REC-SELFHEAL-20260727-27; LS-MAN-046; collision receipt,Nothing invalidated; both review objects and both work orders preserved.,EXACT DRIVE-ID / TIMESTAMP / BODY-HASH / LINEAGE RECONCILIATION,LS-DER-036-v1.0 predecessor review and LS-DER-036-v1.1 successor route,Two review objects; two work orders; one provider lineage,"Drive ID, raw export identity, marker-body identity, and stable compound key",OP-PROT-017 marker extraction; LS-MAN-046 whole-export inventory,ONE ANTHROPIC-LINEAGE V1.0 CREDIT / SUPPLEMENT SCORE ZERO,DQ-057 and future consumers of predecessor verdict,LS-DER-036-v1.1 exact-hash review; DQ-023; DQ-028; all package/root/seal/release predicates,No theorem or proof text changed.,"Additive receipt, object, review, evidence, duplicate, relation, watch, audit, transition, and work-order synchronization.",NONE,Duplicate review title and duplicate CLWO base key,"Silent substitution, double-counting, or stale predecessor-verdict transfer",Exact Drive IDs; creation timestamps; raw and body SHA-256; work-order register readback; LS-MAN-046 inventory,Which review object controls and whether later object adds review-family credit,Mathematical correctness of v1.1 and imported dependency estimates,NONE,"Reopen on identity drift, contrary evidence, later successor, compound-key loss, or attempted credit transfer.",DUPLICATE_OBJECT_CONTROL_UNMATERIALIZED,Published immutable operations receipt and installed compound-key control rows.,Use 1zMq only for v1.0 predecessor verdict; treat 1AcC as supplemental; route v1.1 to LS-REQ-032.,No package membership/title change; LS-MAN-046 current; no root/seal/release effect.,LS-DER-036-v1.0; LS-DER-036-v1.1; DQ-057; two CLWO07 objects,NONE / both preserved / one title collision remains disclosed,GOA-LSDER036-REVIEW-COLLISION,PASS / OPERATIONS RESOLVED / V1.1 EXTERNAL REVIEW OPEN
TR-DEF-LSDER034-TOKENS-20260730,2026-07-31T01:26:45Z,REGISTER_METADATA_TRANSITION,FALSE,LSDER034_EXTRACTION_RULE_AND_LSDER024_NOTICE,LS-DER-034 Frozen Body Rule named nonexistent INTERP markers; SUP-A/B were unbound; LS-DER-024 notice state needed current verification.,Correct INTERPOLATION rule executes and reproduces body; SUP-A/B bound/watched; LS-DER-024 notice/body current and unchanged.,Only register metadata and provenance bindings changed; theorem bodies and scientific statuses did not.,LS-DER-034 fresh raw/body replay; OP-PROT SUP-A/B fresh identities; LS-DER-024 notice/body replay; compound CLWO keys; receipt,Nothing removed or invalidated; wrong token string superseded in one register cell.,EXACT CURRENT-OBJECT TRANSPORT AND REGISTER-RULE EXECUTION,Existing exact theorem objects and operations supplements,One current export per object; no successor versions present,Declared marker-body identities,OP-PROT-017 normalized extraction; unfrozen amendment notice outside markers,SAME-LINE OPERATIONS / ZERO REVIEW CREDIT,Current consumers of LS-DER-034 rule and LS-DER-024 status,"All mathematical proofs, DQ-028/DQ-057 reviews, package/root/seal/release predicates",No mathematical change.,One-cell rule correction; supplement bindings; compound work-order keys; no-change status reconciliation.,NONE,Retyped marker token and missing provenance rows,Future token-cell drift or stale complete-status reuse,Exact marker counts; wrong-token zero count; fresh SHA-256; notice tag; successor sweep; XLSX readback,Whether the current register rule is executable and the current amendment notice exists,Mathematical correctness and external review of current successor chain,NONE,"Reopen on marker/body drift, missing notice, later successor, compound-key loss, or external contrary evidence.",REGISTER_RULE_DRIFT,Corrected the single cell and added current-object controls.,Copy marker tokens mechanically; use numbered successor only for body change; preserve historical notice/body split.,No downstream scientific contamination; LS-DER-024 remains AMEND REQUIRED and LS-DER-034 DQ-028 review stays open.,LS-DER-034-v1.0; LS-DER-024-v1.0; OP-PROT-017-SUP-A/B,NONE / all objects preserved,GOA-LSDER034-TOKENS-LSDER024-NOTICE,PASS / OPERATIONS RESOLVED / NO THEOREM CHANGE
TR-SIDE24-RATIFIED-SCOPE-20260802,2026-08-02T16:10:54Z,THEOREM_STATUS_TRANSITION,TRUE,SIDE24_3D_RP_C_RP_S_THEOREM_V1_0,HOLD / RP-C OPEN / RP-S OPEN,RATIFIED-AT-STATED-SCOPE / RP-C CLOSED / RP-S CLOSED,"At the exact AO48-OPR-045 scope, sup(1-p_r) <= C r^3 and nu_{3,24}(ell)=c_{3,24} ell^(-1/3)(1+o(1)); carried dependencies remain explicit.",FACEWISE v1.1; KIMI-AUD-006 and 006b as relayed in AO48-AUD-043/044; AO48-OPR-045; status fold; diagnostic handoff.,SIDE24 HOLD/OPEN labels only; no proof evidence removed.,OPERATOR-RATIFIED THIRD-FAMILY AUDIT CHAIN PLUS BYTE-FROZEN CONTROLLERS,Normalized periodized Bargmann–Fock field; stated Palm/facewise constructions,"side-24 three-torus; uniform pair direction; compact (b,kappa) subsets; ell downarrow 0",Existing V3.3/V3.4 normalizations retained,"Existing pair, axial, endpoint, and singular-near charts retained",APPROVE CONVERSION REPORTED IN AO48-AUD-044; direct raw KIMI carriers pending,"SIDE24 RP-C, RP-S, and theorem status surfaces",q0/P0.1 gates; cross-track promotion; carried V3.3 eigenfloor and Palm normalizer dependencies,No new mathematics after audited FACEWISE v1.1; status fold only.,Controlling SIDE24 status changed to ratified-at-stated-scope and exported through raw/native surfaces.,NONE,Stale HOLD/OPEN status after operator ratification,Carrier-level drift; Kimi raw-report provenance gap until direct texts land,SHA-256 readback; native Doc readback; coupled-register append; diagnostic byte comparison,Whether the operator ratified RP-C/RP-S and the theorem at stated scope,Optional independent re-derivation of V3.3 eigenfloor tables; direct Kimi carrier hashes,NONE — AO48-OPR-045 is the controlling operator decision,"Exact audited-display counterexample, eigenfloor failure, or landed diagnostic contradiction",STATUS_DRIFT / PROVENANCE_CARRIER_GAP,"Freeze new controllers, preserve carried dependencies verbatim, and quarantine cross-track inference.",Numbered successors only; byte/hash receipts; native mirrors; exact-scope firewall.,No downstream q0 contamination; q0/P0.1 remains HOLD with prior booleans unchanged.,SIDE24 RP-C; RP-S; facewise closure; theorem export surface,NONE for SIDE24 at stated scope / q0 cross-track inference prohibited,GOA-SIDE24-RPCS-20260802,PASS / RATIFIED-AT-STATED-SCOPE / q0 UNCHANGED
TR-P01-E0E2-20260803,2026-08-03T23:18:34Z,BOOLEAN_OVERLAY_TRANSITION,TRUE,GP-DER-118-v1.10 / LS-CTL-003-v1.3,E0=FALSE/PENDING; E2=FALSE/PENDING; FOUNDATION=FALSE; APPLICATION=TRUE; P0.1 HOLD,E0=TRUE; E2=TRUE; FOUNDATION=TRUE; APPLICATION=TRUE; INDEPENDENCE=FALSE; INTEGRITY=FALSE; P0.1 HOLD,Exact KIMI-AUD-020/021 approvals plus AO48-AUD-056/057 satisfy the current E0 and E2 predicates; this transition changes only E0 and E2 and performs no theorem promotion.,"KIMI-AUD-020 5,475 B / 9daf84d0…; KIMI-AUD-021 4,848 B / 1245fa9b…; GP-DER-197 13,797 B / 035d5a18…; LCR-DER-057 11,144 B / 62c23788…; LCR-DER-061 8,928 B / 8ec4386f…; AO48-AUD-056/057; LS-CTL-003-v1.3",Nothing removed. v1.2 and all predecessor evidence remain provenance.,ORGANIZATIONALLY DISTINCT EXACT-SCOPE VERDICTS; BYTE-TIER RECONCILIATION; FAIL-CLOSED BOOLEAN OVERLAY,Exact normalized-periodized six-pin conditioned field law and exact Palm event/weight within GP-DER-118-v1.10 scope,q0 P0.1 qualitative uniform positivity candidate at declared small-r/common-radius scope,GP-DER-118-v1.10 normalization unchanged,"Exact existing event, selector, path-space, and Palm coordinate conventions unchanged",Kimi third-provider-family APPROVE for E0/E2; AO48 independent reconciliation and byte-tier receipt,E0; E2; FOUNDATION; downstream recombination readiness,"N1,D0,I0,APPLICATION; SIDE24 AO48-OPR-045 theorem; all INTEGRITY predicates",No proof-body mathematics changed; qualifying external conversion verdicts changed Boolean state.,Published LS-CTL-003-v1.3 raw/native; appended exact run-28 and register carriers; routed C2 separately.,NONE,Stale E0/E2 FALSE labels after qualifying verdicts,Risk of overfolding B0 or mislabeling C2 as closed,Whole-file SHA checks; exact-body identity checks; native Doc readback; register readback; AO48-AUD-056/057 scope comparison,Whether E0/E2 have qualifying organizationally distinct exact-scope verdicts,B0 atomic fold; A0/F0; R0/M0/C0/S0/L0/P0 and promotion eligibility,NONE for E0/E2; a separate explicit control action is required for B0,"Reopen E0/E2 on in-scope counterexample, acceptance-condition failure, identity drift, or superseding operator disposition",STATUS_DRIFT / SCOPE_OVERREACH,"Numbered successor overlay with raw hash, native mirror, transition row, and separate B0/C2 boundaries",Fail-closed event-driven updates; no automatic adjacent Boolean transfer,No SIDE24 reopening; no P0.1 promotion; B0 and C2 remain explicitly nontransitioned,GP-DER-118-v1.10; GP-DER-197; LCR-DER-057/061; LS-CTL-003,NONE; all frozen bodies preserved,GOA-P01-E0E2-20260803,PASS
