L,N,dx,b,sample,delta,pin_height,area,radius,wrap
12.0,48,0.25,1.2,0,0.25,1.45,5.75,3.5355339059327378,0.0
12.0,48,0.25,1.2,1,0.25,1.45,13.8125,4.00780488547035,0.0
12.0,48,0.25,1.2,2,0.25,1.45,2.125,1.6770509831248424,0.0
12.0,48,0.25,1.2,3,0.25,1.45,5.375,2.850438562747845,0.0
12.0,48,0.25,1.2,4,0.25,1.45,2.625,2.1360009363293826,0.0
12.0,48,0.25,1.2,5,0.25,1.45,4.0,2.6100766272276377,0.0
12.0,48,0.25,1.2,6,0.25,1.45,2.5,2.1505813167606567,0.0
12.0,48,0.25,1.2,7,0.25,1.45,9.8125,3.3634060117684275,0.0
12.0,48,0.25,1.2,8,0.25,1.45,27.25,7.352720584926371,0.0
12.0,48,0.25,1.2,9,0.25,1.45,10.875,4.2793106921559225,0.0
12.0,48,0.25,1.2,10,0.25,1.45,11.9375,4.75,0.0
12.0,48,0.25,1.2,11,0.25,1.45,26.375,7.075485849042453,0.0
12.0,48,0.25,1.2,12,0.25,1.45,16.125,6.604922406811453,0.0
12.0,48,0.25,1.2,13,0.25,1.45,14.1875,4.589389937671455,0.0
12.0,48,0.25,1.2,14,0.25,1.45,7.6875,3.69120576505835,0.0
12.0,48,0.25,1.2,15,0.25,1.45,4.5625,3.3354160160315836,0.0
12.0,48,0.25,1.2,16,0.25,1.45,1.0,0.7905694150420949,0.0
12.0,48,0.25,1.2,17,0.25,1.45,18.0625,6.5,0.0
12.0,48,0.25,1.2,18,0.25,1.45,9.5625,6.046693311223912,0.0
12.0,48,0.25,1.2,19,0.25,1.45,4.625,2.7950849718747373,0.0
12.0,48,0.25,1.2,20,0.25,1.45,3.5625,1.6007810593582121,0.0
12.0,48,0.25,1.2,21,0.25,1.45,3.5,1.8027756377319946,0.0
12.0,48,0.25,1.2,22,0.25,1.45,7.8125,4.756574397610112,0.0
12.0,48,0.25,1.2,23,0.25,1.45,1.8125,1.6770509831248424,0.0
12.0,48,0.25,1.2,24,0.25,1.45,6.0,2.7950849718747373,0.0
12.0,48,0.25,1.2,25,0.25,1.45,2.1875,1.8027756377319946,0.0
12.0,48,0.25,1.2,26,0.25,1.45,12.875,3.2596012026013246,0.0
12.0,48,0.25,1.2,27,0.25,1.45,5.6875,3.5794552658190883,0.0
12.0,48,0.25,1.2,28,0.25,1.45,3.0,2.0155644370746373,0.0
12.0,48,0.25,1.2,29,0.25,1.45,7.9375,2.9261749776799064,0.0
12.0,48,0.25,1.2,30,0.25,1.45,3.6875,2.23606797749979,0.0
12.0,48,0.25,1.2,31,0.25,1.45,1.25,1.0307764064044151,0.0
12.0,48,0.25,1.2,32,0.25,1.45,8.875,3.5794552658190883,0.0
12.0,48,0.25,1.2,33,0.25,1.45,7.6875,3.020761493398643,0.0
12.0,48,0.25,1.2,34,0.25,1.45,8.25,3.0413812651491097,0.0
12.0,48,0.25,1.2,35,0.25,1.45,2.625,2.1360009363293826,0.0
12.0,48,0.25,1.2,36,0.25,1.45,10.4375,3.2882366094914763,0.0
12.0,48,0.25,1.2,37,0.25,1.45,2.875,2.1360009363293826,0.0
12.0,48,0.25,1.2,38,0.25,1.45,8.9375,4.138236339311712,0.0
12.0,48,0.25,1.2,39,0.25,1.45,20.375,8.31038506929733,0.0
12.0,48,0.25,1.2,40,0.25,1.45,7.1875,5.533985905294664,0.0
12.0,48,0.25,1.2,41,0.25,1.45,10.6875,4.038873605350878,0.0
12.0,48,0.25,1.2,42,0.25,1.45,4.625,3.181980515339464,0.0
12.0,48,0.25,1.2,43,0.25,1.45,3.4375,1.8200274723201295,0.0
12.0,48,0.25,1.2,44,0.25,1.45,7.4375,4.25,0.0
12.0,48,0.25,1.2,45,0.25,1.45,19.3125,6.324555320336759,0.0
12.0,48,0.25,1.2,46,0.25,1.45,4.125,3.132491021535417,0.0
12.0,48,0.25,1.2,47,0.25,1.45,7.75,3.913118960624632,0.0
12.0,48,0.25,1.2,48,0.25,1.45,2.375,1.5811388300841898,0.0
12.0,48,0.25,1.2,49,0.25,1.45,12.1875,5.706356105256663,0.0
12.0,48,0.25,1.2,50,0.25,1.45,8.875,4.8541219597369,0.0
12.0,48,0.25,1.2,51,0.25,1.45,1.625,1.25,0.0
12.0,48,0.25,1.2,52,0.25,1.45,1.25,1.2747548783981961,0.0
12.0,48,0.25,1.2,53,0.25,1.45,18.875,5.273755777432247,0.0
12.0,48,0.25,1.2,54,0.25,1.45,0.8125,0.7071067811865476,0.0
12.0,48,0.25,1.2,55,0.25,1.45,6.625,2.5495097567963922,0.0
12.0,48,0.25,1.2,56,0.25,1.45,17.375,4.596194077712559,0.0
12.0,48,0.25,1.2,57,0.25,1.45,3.875,1.9039432764659772,0.0
12.0,48,0.25,1.2,58,0.25,1.45,9.125,3.7165171868296265,0.0
12.0,48,0.25,1.2,59,0.25,1.45,6.5,3.132491021535417,0.0
12.0,48,0.25,1.2,60,0.25,1.45,0.5,0.5590169943749475,0.0
12.0,48,0.25,1.2,61,0.25,1.45,2.6875,2.0155644370746373,0.0
12.0,48,0.25,1.2,62,0.25,1.45,6.125,2.6100766272276377,0.0
12.0,48,0.25,1.2,63,0.25,1.45,3.5,1.6770509831248424,0.0
12.0,48,0.25,1.2,64,0.25,1.45,6.125,2.850438562747845,0.0
12.0,48,0.25,1.2,65,0.25,1.45,2.375,2.0155644370746373,0.0
12.0,48,0.25,1.2,66,0.25,1.45,1.6875,1.4577379737113252,0.0
12.0,48,0.25,1.2,67,0.25,1.45,4.3125,2.9154759474226504,0.0
12.0,48,0.25,1.2,68,0.25,1.45,12.8125,5.482928049865327,0.0
12.0,48,0.25,1.2,69,0.25,1.45,7.0625,3.48209706929603,0.0
12.0,48,0.25,1.2,70,0.25,1.45,6.875,3.132491021535417,0.0
12.0,48,0.25,1.2,71,0.25,1.45,9.1875,3.640054944640259,0.0
12.0,48,0.25,1.2,72,0.25,1.45,1.125,0.9013878188659973,0.0
12.0,48,0.25,1.2,73,0.25,1.45,21.25,7.211102550927978,0.0
12.0,48,0.25,1.2,74,0.25,1.45,4.5625,2.7950849718747373,0.0
12.0,48,0.25,1.2,75,0.25,1.45,1.375,1.118033988749895,0.0
12.0,48,0.25,1.2,76,0.25,1.45,1.75,1.25,0.0
12.0,48,0.25,1.2,77,0.25,1.45,1.25,1.0307764064044151,0.0
12.0,48,0.25,1.2,78,0.25,1.45,4.6875,3.400367627183861,0.0
12.0,48,0.25,1.2,79,0.25,1.45,1.3125,1.25,0.0
12.0,48,0.25,1.2,80,0.25,1.45,9.0,4.272001872658765,0.0
12.0,48,0.25,1.2,81,0.25,1.45,7.1875,4.16082924427331,0.0
12.0,48,0.25,1.2,82,0.25,1.45,2.75,1.6770509831248424,0.0
12.0,48,0.25,1.2,83,0.25,1.45,1.125,1.0307764064044151,0.0
12.0,48,0.25,1.2,84,0.25,1.45,13.375,5.024937810560445,0.0
12.0,48,0.25,1.2,85,0.25,1.45,7.6875,2.7950849718747373,0.0
12.0,48,0.25,1.2,86,0.25,1.45,5.125,3.7165171868296265,0.0
12.0,48,0.25,1.2,87,0.25,1.45,0.8125,0.5590169943749475,0.0
12.0,48,0.25,1.2,88,0.25,1.45,2.125,1.5811388300841898,0.0
12.0,48,0.25,1.2,89,0.25,1.45,1.3125,1.25,0.0
12.0,48,0.25,1.2,90,0.25,1.45,2.4375,1.9525624189766635,0.0
12.0,48,0.25,1.2,91,0.25,1.45,15.3125,6.5,0.0
12.0,48,0.25,1.2,92,0.25,1.45,2.0,1.5206906325745548,0.0
12.0,48,0.25,1.2,93,0.25,1.45,5.125,2.3717082451262845,0.0
12.0,48,0.25,1.2,94,0.25,1.45,9.5,5.220153254455275,0.0
12.0,48,0.25,1.2,95,0.25,1.45,11.75,3.8078865529319543,0.0
12.0,48,0.25,1.2,96,0.25,1.45,3.0,2.5,0.0
12.0,48,0.25,1.2,97,0.25,1.45,12.625,4.315669125408017,0.0
12.0,48,0.25,1.2,98,0.25,1.45,4.125,2.9154759474226504,0.0
12.0,48,0.25,1.2,99,0.25,1.45,16.5,5.618051263561058,0.0
12.0,48,0.25,1.2,100,0.25,1.45,5.625,4.038873605350878,0.0
12.0,48,0.25,1.2,101,0.25,1.45,5.3125,3.1622776601683795,0.0
12.0,48,0.25,1.2,102,0.25,1.45,7.0,2.692582403567252,0.0
12.0,48,0.25,1.2,103,0.25,1.45,1.8125,1.346291201783626,0.0
12.0,48,0.25,1.2,104,0.25,1.45,2.375,1.4577379737113252,0.0
12.0,48,0.25,1.2,105,0.25,1.45,10.375,4.138236339311712,0.0
12.0,48,0.25,1.2,106,0.25,1.45,1.1875,0.7905694150420949,0.0
12.0,48,0.25,1.2,107,0.25,1.45,16.5625,6.082762530298219,0.0
12.0,48,0.25,1.2,108,0.25,1.45,5.9375,3.905124837953327,0.0
12.0,48,0.25,1.2,109,0.25,1.45,6.25,3.020761493398643,0.0
12.0,48,0.25,1.2,110,0.25,1.45,13.1875,6.128825336065631,0.0
12.0,48,0.25,1.2,111,0.25,1.45,2.25,1.5811388300841898,0.0
12.0,48,0.25,1.2,112,0.25,1.45,2.1875,1.6770509831248424,0.0
12.0,48,0.25,1.2,113,0.25,1.45,21.875,5.814851674806504,0.0
12.0,48,0.25,1.2,114,0.25,1.45,4.625,2.5495097567963922,0.0
12.0,48,0.25,1.2,115,0.25,1.45,5.375,3.3541019662496847,0.0
12.0,48,0.25,1.2,116,0.25,1.45,12.8125,3.783186487605389,0.0
12.0,48,0.25,1.2,117,0.25,1.45,3.25,1.7677669529663689,0.0
12.0,48,0.25,1.2,118,0.25,1.45,2.9375,2.0155644370746373,0.0
12.0,48,0.25,1.2,119,0.25,1.45,8.25,2.850438562747845,0.0
12.0,48,0.25,1.2,120,0.25,1.45,41.9375,8.48528137423857,0.0
12.0,48,0.25,1.2,121,0.25,1.45,3.375,1.9039432764659772,0.0
12.0,48,0.25,1.2,122,0.25,1.45,5.875,3.010398644698074,0.0
12.0,48,0.25,1.2,123,0.25,1.45,3.75,2.462214450449026,0.0
12.0,48,0.25,1.2,124,0.25,1.45,3.5,2.850438562747845,0.0
12.0,48,0.25,1.2,125,0.25,1.45,21.6875,7.352720584926371,0.0
12.0,48,0.25,1.2,126,0.25,1.45,5.75,4.301162633521313,0.0
12.0,48,0.25,1.2,127,0.25,1.45,5.875,3.5355339059327378,0.0
12.0,48,0.25,1.2,128,0.25,1.45,9.0,3.553167600887974,0.0
12.0,48,0.25,1.2,129,0.25,1.45,4.3125,2.6100766272276377,0.0
12.0,48,0.25,1.2,130,0.25,1.45,2.9375,1.8027756377319946,0.0
12.0,48,0.25,1.2,131,0.25,1.45,0.875,0.7905694150420949,0.0
12.0,48,0.25,1.2,132,0.25,1.45,0.75,0.7905694150420949,0.0
12.0,48,0.25,1.2,133,0.25,1.45,7.75,3.132491021535417,0.0
12.0,48,0.25,1.2,134,0.25,1.45,1.5625,1.6007810593582121,0.0
12.0,48,0.25,1.2,135,0.25,1.45,3.0,1.9039432764659772,0.0
12.0,48,0.25,1.2,136,0.25,1.45,3.125,1.5811388300841898,0.0
12.0,48,0.25,1.2,137,0.25,1.45,16.6875,4.962358310319802,0.0
12.0,48,0.25,1.2,138,0.25,1.45,4.1875,3.5089172119045497,0.0
12.0,48,0.25,1.2,139,0.25,1.45,2.4375,1.4142135623730951,0.0
12.0,48,0.25,1.2,140,0.25,1.45,5.5625,2.4748737341529163,0.0
12.0,48,0.25,1.2,141,0.25,1.45,11.5625,4.5069390943299865,0.0
12.0,48,0.25,1.2,142,0.25,1.45,9.6875,4.038873605350878,0.0
12.0,48,0.25,1.2,143,0.25,1.45,0.8125,0.7071067811865476,0.0
12.0,48,0.25,1.2,144,0.25,1.45,5.6875,3.7165171868296265,0.0
12.0,48,0.25,1.2,145,0.25,1.45,1.625,1.5,0.0
12.0,48,0.25,1.2,146,0.25,1.45,7.375,3.5794552658190883,0.0
12.0,48,0.25,1.2,147,0.25,1.45,0.5625,0.5,0.0
12.0,48,0.25,1.2,148,0.25,1.45,5.75,2.5495097567963922,0.0
12.0,48,0.25,1.2,149,0.25,1.45,6.6875,4.0697051490249265,0.0
12.0,48,0.25,1.2,150,0.25,1.45,7.125,2.850438562747845,0.0
12.0,48,0.25,1.2,151,0.25,1.45,0.6875,0.5590169943749475,0.0
12.0,48,0.25,1.2,152,0.25,1.45,0.875,0.7071067811865476,0.0
12.0,48,0.25,1.2,153,0.25,1.45,0.9375,0.9013878188659973,0.0
12.0,48,0.25,1.2,154,0.25,1.45,1.75,1.5206906325745548,0.0
12.0,48,0.25,1.2,155,0.25,1.45,2.125,1.6770509831248424,0.0
12.0,48,0.25,1.2,156,0.25,1.45,20.5625,7.079901129253148,0.0
12.0,48,0.25,1.2,157,0.25,1.45,1.5625,1.0606601717798212,0.0
12.0,48,0.25,1.2,158,0.25,1.45,4.75,2.5495097567963922,0.0
12.0,48,0.25,1.2,159,0.25,1.45,3.0625,1.6007810593582121,0.0
12.0,48,0.25,1.2,160,0.25,1.45,2.875,1.5206906325745548,0.0
12.0,48,0.25,1.2,161,0.25,1.45,4.5,2.0155644370746373,0.0
12.0,48,0.25,1.2,162,0.25,1.45,5.6875,2.692582403567252,0.0
12.0,48,0.25,1.2,163,0.25,1.45,2.875,1.8200274723201295,0.0
12.0,48,0.25,1.2,164,0.25,1.45,10.0625,5.942432162002357,0.0
12.0,48,0.25,1.2,165,0.25,1.45,7.875,4.038873605350878,0.0
12.0,48,0.25,1.2,166,0.25,1.45,7.4375,3.020761493398643,0.0
12.0,48,0.25,1.2,167,0.25,1.45,0.875,0.7905694150420949,0.0
12.0,48,0.25,1.2,168,0.25,1.45,5.75,3.3354160160315836,0.0
12.0,48,0.25,1.2,169,0.25,1.45,1.8125,1.8200274723201295,0.0
12.0,48,0.25,1.2,170,0.25,1.45,5.25,3.132491021535417,0.0
12.0,48,0.25,1.2,171,0.25,1.45,5.4375,2.704163456597992,0.0
12.0,48,0.25,1.2,172,0.25,1.45,11.1875,6.4031242374328485,0.0
12.0,48,0.25,1.2,173,0.25,1.45,7.8125,3.783186487605389,0.0
12.0,48,0.25,1.2,174,0.25,1.45,12.875,5.771698190307598,0.0
12.0,48,0.25,1.2,175,0.25,1.45,3.625,1.9039432764659772,0.0
12.0,48,0.25,1.2,176,0.25,1.45,3.3125,1.9525624189766635,0.0
12.0,48,0.25,1.2,177,0.25,1.45,9.8125,5.482928049865327,0.0
12.0,48,0.25,1.2,178,0.25,1.45,10.4375,5.70087712549569,0.0
12.0,48,0.25,1.2,179,0.25,1.45,19.25,6.082762530298219,0.0
12.0,48,0.25,1.2,180,0.25,1.45,5.5625,3.5794552658190883,0.0
12.0,48,0.25,1.2,181,0.25,1.45,10.3125,7.652613932506983,0.0
12.0,48,0.25,1.2,182,0.25,1.45,5.4375,2.4748737341529163,0.0
12.0,48,0.25,1.2,183,0.25,1.45,15.75,4.716990566028302,0.0
12.0,48,0.25,1.2,184,0.25,1.45,3.5625,2.358495283014151,0.0
12.0,48,0.25,1.2,185,0.25,1.45,1.75,1.0606601717798212,0.0
12.0,48,0.25,1.2,186,0.25,1.45,5.0625,3.824264635194589,0.0
12.0,48,0.25,1.2,187,0.25,1.45,0.875,0.7071067811865476,0.0
12.0,48,0.25,1.2,188,0.25,1.45,11.9375,3.5794552658190883,0.0
12.0,48,0.25,1.2,189,0.25,1.45,0.6875,0.75,0.0
12.0,48,0.25,1.2,190,0.25,1.45,2.0,1.5811388300841898,0.0
12.0,48,0.25,1.2,191,0.25,1.45,9.8125,3.3634060117684275,0.0
12.0,48,0.25,1.2,192,0.25,1.45,3.5,2.0155644370746373,0.0
12.0,48,0.25,1.2,193,0.25,1.45,5.875,3.2596012026013246,0.0
12.0,48,0.25,1.2,194,0.25,1.45,4.375,2.3048861143232218,0.0
12.0,48,0.25,1.2,195,0.25,1.45,1.8125,1.346291201783626,0.0
12.0,48,0.25,1.2,196,0.25,1.45,4.25,2.23606797749979,0.0
12.0,48,0.25,1.2,197,0.25,1.45,1.1875,1.0,0.0
12.0,48,0.25,1.2,198,0.25,1.45,4.0625,1.9039432764659772,0.0
12.0,48,0.25,1.2,199,0.25,1.45,1.8125,1.0307764064044151,0.0
12.0,48,0.25,1.2,200,0.25,1.45,7.8125,3.092329219213245,0.0
12.0,48,0.25,1.2,201,0.25,1.45,2.4375,1.4142135623730951,0.0
12.0,48,0.25,1.2,202,0.25,1.45,25.1875,6.73145600891813,0.0
12.0,48,0.25,1.2,203,0.25,1.45,4.0,2.1360009363293826,0.0
12.0,48,0.25,1.2,204,0.25,1.45,3.5625,1.6770509831248424,0.0
12.0,48,0.25,1.2,205,0.25,1.45,23.8125,7.352720584926371,0.0
12.0,48,0.25,1.2,206,0.25,1.45,1.5,2.1505813167606567,0.0
12.0,48,0.25,1.2,207,0.25,1.45,6.0625,3.25,0.0
12.0,48,0.25,1.2,208,0.25,1.45,6.1875,2.704163456597992,0.0
12.0,48,0.25,1.2,209,0.25,1.45,9.625,5.367727638395972,0.0
12.0,48,0.25,1.2,210,0.25,1.45,3.8125,1.8200274723201295,0.0
12.0,48,0.25,1.2,211,0.25,1.45,5.8125,3.400367627183861,0.0
12.0,48,0.25,1.2,212,0.25,1.45,1.4375,1.0307764064044151,0.0
12.0,48,0.25,1.2,213,0.25,1.45,2.8125,1.4577379737113252,0.0
12.0,48,0.25,1.2,214,0.25,1.45,3.0625,2.5,0.0
12.0,48,0.25,1.2,215,0.25,1.45,9.9375,4.6097722286464435,0.0
12.0,48,0.25,1.2,216,0.25,1.45,10.3125,6.408002808988148,0.0
12.0,48,0.25,1.2,217,0.25,1.45,3.1875,1.7677669529663689,0.0
12.0,48,0.25,1.2,218,0.25,1.45,4.875,2.1213203435596424,0.0
12.0,48,0.25,1.2,219,0.25,1.45,23.9375,7.211102550927978,0.0
12.0,48,0.25,1.2,220,0.25,1.45,4.75,3.0516389039334255,0.0
12.0,48,0.25,1.2,221,0.25,1.45,2.875,2.3048861143232218,0.0
12.0,48,0.25,1.2,222,0.25,1.45,1.875,1.25,0.0
12.0,48,0.25,1.2,223,0.25,1.45,2.875,1.7677669529663689,0.0
12.0,48,0.25,1.2,224,0.25,1.45,3.875,2.3048861143232218,0.0
12.0,48,0.25,1.2,225,0.25,1.45,7.5,4.802343178074636,0.0
12.0,48,0.25,1.2,226,0.25,1.45,6.375,3.25,0.0
12.0,48,0.25,1.2,227,0.25,1.45,2.0625,2.23606797749979,0.0
12.0,48,0.25,1.2,228,0.25,1.45,6.125,3.824264635194589,0.0
12.0,48,0.25,1.2,229,0.25,1.45,17.5625,7.5,0.0
12.0,48,0.25,1.2,230,0.25,1.45,5.9375,2.7613402542968153,0.0
12.0,48,0.25,1.2,231,0.25,1.45,7.125,3.553167600887974,0.0
12.0,48,0.25,1.2,232,0.25,1.45,6.5,2.9261749776799064,0.0
12.0,48,0.25,1.2,233,0.25,1.45,1.0,0.9013878188659973,0.0
12.0,48,0.25,1.2,234,0.25,1.45,3.875,1.6770509831248424,0.0
12.0,48,0.25,1.2,235,0.25,1.45,13.25,6.708203932499369,0.0
12.0,48,0.25,1.2,236,0.25,1.45,10.625,4.5069390943299865,0.0
12.0,48,0.25,1.2,237,0.25,1.45,2.1875,1.4577379737113252,0.0
12.0,48,0.25,1.2,238,0.25,1.45,2.6875,1.8027756377319946,0.0
12.0,48,0.25,1.2,239,0.25,1.45,7.875,4.6097722286464435,0.0
12.0,48,0.25,1.2,240,0.25,1.45,6.875,3.010398644698074,0.0
12.0,48,0.25,1.2,241,0.25,1.45,9.0625,3.7165171868296265,0.0
12.0,48,0.25,1.2,242,0.25,1.45,21.4375,7.211102550927978,0.0
12.0,48,0.25,1.2,243,0.25,1.45,13.375,4.100304866714182,0.0
12.0,48,0.25,1.2,244,0.25,1.45,7.75,4.596194077712559,0.0
12.0,48,0.25,1.2,245,0.25,1.45,3.5625,2.9154759474226504,0.0
12.0,48,0.25,1.2,246,0.25,1.45,8.3125,4.716990566028302,0.0
12.0,48,0.25,1.2,247,0.25,1.45,3.375,2.0615528128088303,0.0
12.0,48,0.25,1.2,248,0.25,1.45,7.625,3.905124837953327,0.0
12.0,48,0.25,1.2,249,0.25,1.45,2.875,2.0155644370746373,0.0
12.0,48,0.25,1.2,250,0.25,1.45,5.25,2.5,0.0
12.0,48,0.25,1.2,251,0.25,1.45,5.625,2.704163456597992,0.0
12.0,48,0.25,1.2,252,0.25,1.45,3.625,2.5495097567963922,0.0
12.0,48,0.25,1.2,253,0.25,1.45,2.25,2.57390753524675,0.0
12.0,48,0.25,1.2,254,0.25,1.45,1.75,1.5811388300841898,0.0
12.0,48,0.25,1.2,255,0.25,1.45,0.8125,0.7905694150420949,0.0
12.0,48,0.25,1.2,256,0.25,1.45,1.75,1.6007810593582121,0.0
12.0,48,0.25,1.2,257,0.25,1.45,1.25,1.0606601717798212,0.0
12.0,48,0.25,1.2,258,0.25,1.45,11.875,5.25594901040716,0.0
12.0,48,0.25,1.2,259,0.25,1.45,1.3125,0.9013878188659973,0.0
12.0,48,0.25,1.2,260,0.25,1.45,6.5,4.031128874149275,0.0
12.0,48,0.25,1.2,261,0.25,1.45,14.3125,4.8541219597369,0.0
12.0,48,0.25,1.2,262,0.25,1.45,2.0625,1.4142135623730951,0.0
12.0,48,0.25,1.2,263,0.25,1.45,11.3125,5.460082416960389,0.0
12.0,48,0.25,1.2,264,0.25,1.45,31.6875,6.823672031978091,1.0
12.0,48,0.25,1.2,265,0.25,1.45,26.8125,7.00446286306095,0.0
12.0,48,0.25,1.2,266,0.25,1.45,2.5,1.9039432764659772,0.0
12.0,48,0.25,1.2,267,0.25,1.45,7.375,2.704163456597992,0.0
12.0,48,0.25,1.2,268,0.25,1.45,3.625,1.9525624189766635,0.0
12.0,48,0.25,1.2,269,0.25,1.45,22.75,6.5,0.0
12.0,48,0.25,1.2,270,0.25,1.45,5.125,2.462214450449026,0.0
12.0,48,0.25,1.2,271,0.25,1.45,1.875,1.346291201783626,0.0
12.0,48,0.25,1.2,272,0.25,1.45,18.75,7.5,0.0
12.0,48,0.25,1.2,273,0.25,1.45,5.1875,3.2596012026013246,0.0
12.0,48,0.25,1.2,274,0.25,1.45,1.875,1.118033988749895,0.0
12.0,48,0.25,1.2,275,0.25,1.45,6.875,4.422951503238533,0.0
12.0,48,0.25,1.2,276,0.25,1.45,1.75,1.5811388300841898,0.0
12.0,48,0.25,1.2,277,0.25,1.45,15.125,6.408002808988148,0.0
12.0,48,0.25,1.2,278,0.25,1.45,6.5,2.6100766272276377,0.0
12.0,48,0.25,1.2,279,0.25,1.45,2.3125,1.5,0.0
12.0,48,0.25,1.2,280,0.25,1.45,24.25,6.25,0.0
12.0,48,0.25,1.2,281,0.25,1.45,2.75,1.9039432764659772,0.0
12.0,48,0.25,1.2,282,0.25,1.45,5.3125,2.3048861143232218,0.0
12.0,48,0.25,1.2,283,0.25,1.45,6.0,2.7613402542968153,0.0
12.0,48,0.25,1.2,284,0.25,1.45,1.5625,1.2747548783981961,0.0
12.0,48,0.25,1.2,285,0.25,1.45,2.5625,1.5811388300841898,0.0
12.0,48,0.25,1.2,286,0.25,1.45,1.375,1.25,0.0
12.0,48,0.25,1.2,287,0.25,1.45,2.5625,1.4577379737113252,0.0
12.0,48,0.25,1.2,288,0.25,1.45,12.125,4.190763653560053,0.0
12.0,48,0.25,1.2,289,0.25,1.45,17.9375,6.600189391222043,0.0
12.0,48,0.25,1.2,290,0.25,1.45,18.3125,6.604922406811453,0.0
12.0,48,0.25,1.2,291,0.25,1.45,6.3125,3.1622776601683795,0.0
12.0,48,0.25,1.2,292,0.25,1.45,15.6875,3.5794552658190883,0.0
12.0,48,0.25,1.2,293,0.25,1.45,13.5,3.75,0.0
12.0,48,0.25,1.2,294,0.25,1.45,1.25,1.118033988749895,0.0
12.0,48,0.25,1.2,295,0.25,1.45,1.125,1.0,0.0
12.0,48,0.25,1.2,296,0.25,1.45,2.6875,1.6007810593582121,0.0
12.0,48,0.25,1.2,297,0.25,1.45,6.3125,4.0697051490249265,0.0
12.0,48,0.25,1.2,298,0.25,1.45,7.4375,3.2596012026013246,0.0
12.0,48,0.25,1.2,299,0.25,1.45,0.9375,0.7905694150420949,0.0
12.0,48,0.25,0.8,0,0.25,1.05,17.5,6.324555320336759,0.0
12.0,48,0.25,0.8,1,0.25,1.05,7.125,3.824264635194589,0.0
12.0,48,0.25,0.8,2,0.25,1.05,22.4375,4.743416490252569,0.0
12.0,48,0.25,0.8,3,0.25,1.05,47.1875,7.652613932506983,0.0
12.0,48,0.25,0.8,4,0.25,1.05,26.625,5.618051263561058,0.0
12.0,48,0.25,0.8,5,0.25,1.05,10.25,3.020761493398643,0.0
12.0,48,0.25,0.8,6,0.25,1.05,8.5625,2.23606797749979,0.0
12.0,48,0.25,0.8,7,0.25,1.05,2.4375,1.346291201783626,0.0
12.0,48,0.25,0.8,8,0.25,1.05,5.5625,2.462214450449026,0.0
12.0,48,0.25,0.8,9,0.25,1.05,25.3125,6.373774391990981,0.0
12.0,48,0.25,0.8,10,0.25,1.05,3.25,2.7613402542968153,0.0
12.0,48,0.25,0.8,11,0.25,1.05,37.75,7.810249675906654,0.0
12.0,48,0.25,0.8,12,0.25,1.05,4.875,2.7950849718747373,0.0
12.0,48,0.25,0.8,13,0.25,1.05,24.875,6.324555320336759,0.0
12.0,48,0.25,0.8,14,0.25,1.05,5.3125,3.5355339059327378,0.0
12.0,48,0.25,0.8,15,0.25,1.05,2.25,1.8200274723201295,0.0
12.0,48,0.25,0.8,16,0.25,1.05,3.875,2.7613402542968153,0.0
12.0,48,0.25,0.8,17,0.25,1.05,6.375,4.123105625617661,0.0
12.0,48,0.25,0.8,18,0.25,1.05,4.25,2.1505813167606567,0.0
12.0,48,0.25,0.8,19,0.25,1.05,3.875,2.2638462845343543,0.0
12.0,48,0.25,0.8,20,0.25,1.05,5.9375,2.6100766272276377,0.0
12.0,48,0.25,0.8,21,0.25,1.05,15.25,7.075485849042453,0.0
12.0,48,0.25,0.8,22,0.25,1.05,9.125,4.315669125408017,0.0
12.0,48,0.25,0.8,23,0.25,1.05,4.5,2.2638462845343543,0.0
12.0,48,0.25,0.8,24,0.25,1.05,1.375,1.4577379737113252,0.0
12.0,48,0.25,0.8,25,0.25,1.05,1.625,1.2747548783981961,0.0
12.0,48,0.25,0.8,26,0.25,1.05,10.5625,3.913118960624632,0.0
12.0,48,0.25,0.8,27,0.25,1.05,1.8125,1.4577379737113252,0.0
12.0,48,0.25,0.8,28,0.25,1.05,22.1875,6.324555320336759,0.0
12.0,48,0.25,0.8,29,0.25,1.05,18.8125,5.942432162002357,0.0
12.0,48,0.25,0.8,30,0.25,1.05,4.75,1.9039432764659772,0.0
12.0,48,0.25,0.8,31,0.25,1.05,8.4375,5.618051263561058,0.0
12.0,48,0.25,0.8,32,0.25,1.05,20.375,6.324555320336759,0.0
12.0,48,0.25,0.8,33,0.25,1.05,8.5,4.257346591481601,0.0
12.0,48,0.25,0.8,34,0.25,1.05,6.375,2.7950849718747373,0.0
12.0,48,0.25,0.8,35,0.25,1.05,20.375,6.823672031978091,0.0
12.0,48,0.25,0.8,36,0.25,1.05,17.4375,6.823672031978091,0.0
12.0,48,0.25,0.8,37,0.25,1.05,2.125,1.5811388300841898,0.0
12.0,48,0.25,0.8,38,0.25,1.05,9.25,4.123105625617661,0.0
12.0,48,0.25,0.8,39,0.25,1.05,0.8125,0.7905694150420949,0.0
12.0,48,0.25,0.8,40,0.25,1.05,32.5,7.424621202458749,0.0
12.0,48,0.25,0.8,41,0.25,1.05,50.8125,8.48528137423857,0.0
12.0,48,0.25,0.8,42,0.25,1.05,3.0,2.4748737341529163,0.0
12.0,48,0.25,0.8,43,0.25,1.05,1.125,0.9013878188659973,0.0
12.0,48,0.25,0.8,44,0.25,1.05,56.125,8.48528137423857,0.0
12.0,48,0.25,0.8,45,0.25,1.05,9.875,2.9261749776799064,0.0
12.0,48,0.25,0.8,46,0.25,1.05,1.0625,0.7905694150420949,0.0
12.0,48,0.25,0.8,47,0.25,1.05,10.625,4.451123453691214,0.0
12.0,48,0.25,0.8,48,0.25,1.05,8.0625,3.2596012026013246,0.0
12.0,48,0.25,0.8,49,0.25,1.05,28.0625,7.458216945088149,0.0
12.0,48,0.25,0.8,50,0.25,1.05,2.5,2.1505813167606567,0.0
12.0,48,0.25,0.8,51,0.25,1.05,3.625,2.704163456597992,0.0
12.0,48,0.25,0.8,52,0.25,1.05,16.875,6.388466169590319,0.0
12.0,48,0.25,0.8,53,0.25,1.05,9.625,4.451123453691214,0.0
12.0,48,0.25,0.8,54,0.25,1.05,3.75,2.3717082451262845,0.0
12.0,48,0.25,0.8,55,0.25,1.05,45.4375,6.708203932499369,0.0
12.0,48,0.25,0.8,56,0.25,1.05,20.125,7.075485849042453,0.0
12.0,48,0.25,0.8,57,0.25,1.05,8.875,4.25,0.0
12.0,48,0.25,0.8,58,0.25,1.05,2.125,1.346291201783626,0.0
12.0,48,0.25,0.8,59,0.25,1.05,12.875,5.755432216610669,0.0
12.0,48,0.25,0.8,60,0.25,1.05,3.9375,3.092329219213245,0.0
12.0,48,0.25,0.8,61,0.25,1.05,8.8125,4.100304866714182,0.0
12.0,48,0.25,0.8,62,0.25,1.05,17.0,6.18465843842649,0.0
12.0,48,0.25,0.8,63,0.25,1.05,27.9375,7.652613932506983,0.0
12.0,48,0.25,0.8,64,0.25,1.05,3.375,2.0,0.0
12.0,48,0.25,0.8,65,0.25,1.05,1.4375,0.7905694150420949,0.0
12.0,48,0.25,0.8,66,0.25,1.05,18.8125,6.25,0.0
12.0,48,0.25,0.8,67,0.25,1.05,10.25,3.75,0.0
12.0,48,0.25,0.8,68,0.25,1.05,11.6875,3.69120576505835,0.0
12.0,48,0.25,0.8,69,0.25,1.05,29.375,7.075485849042453,0.0
12.0,48,0.25,0.8,70,0.25,1.05,18.25,6.5,0.0
12.0,48,0.25,0.8,71,0.25,1.05,29.4375,8.48528137423857,0.0
12.0,48,0.25,0.8,72,0.25,1.05,17.1875,6.823672031978091,0.0
12.0,48,0.25,0.8,73,0.25,1.05,11.6875,6.946221994724902,0.0
12.0,48,0.25,0.8,74,0.25,1.05,28.75,7.652613932506983,0.0
12.0,48,0.25,0.8,75,0.25,1.05,15.3125,5.202163011671203,0.0
12.0,48,0.25,0.8,76,0.25,1.05,17.875,7.9726093595509875,0.0
12.0,48,0.25,0.8,77,0.25,1.05,15.1875,3.913118960624632,0.0
12.0,48,0.25,0.8,78,0.25,1.05,25.375,6.269968101992227,0.0
12.0,48,0.25,0.8,79,0.25,1.05,10.4375,5.488624600025037,0.0
12.0,48,0.25,0.8,80,0.25,1.05,14.4375,5.771698190307598,0.0
12.0,48,0.25,0.8,81,0.25,1.05,1.375,1.118033988749895,0.0
12.0,48,0.25,0.8,82,0.25,1.05,9.125,4.962358310319802,0.0
12.0,48,0.25,0.8,83,0.25,1.05,5.9375,4.0697051490249265,0.0
12.0,48,0.25,0.8,84,0.25,1.05,17.625,7.6198753270640855,0.0
12.0,48,0.25,0.8,85,0.25,1.05,2.5625,1.8027756377319946,0.0
12.0,48,0.25,0.8,86,0.25,1.05,6.625,2.3048861143232218,0.0
12.0,48,0.25,0.8,87,0.25,1.05,7.5,3.1622776601683795,0.0
12.0,48,0.25,0.8,88,0.25,1.05,24.75,7.5,0.0
12.0,48,0.25,0.8,89,0.25,1.05,8.375,3.1622776601683795,0.0
12.0,48,0.25,0.8,90,0.25,1.05,23.875,7.810249675906654,0.0
12.0,48,0.25,0.8,91,0.25,1.05,8.625,3.400367627183861,0.0
12.0,48,0.25,0.8,92,0.25,1.05,2.4375,1.8200274723201295,0.0
12.0,48,0.25,0.8,93,0.25,1.05,4.0,2.1360009363293826,0.0
12.0,48,0.25,0.8,94,0.25,1.05,2.6875,1.6007810593582121,0.0
12.0,48,0.25,0.8,95,0.25,1.05,2.9375,1.8200274723201295,0.0
12.0,48,0.25,0.8,96,0.25,1.05,25.375,7.5,0.0
12.0,48,0.25,0.8,97,0.25,1.05,2.4375,1.6770509831248424,0.0
12.0,48,0.25,0.8,98,0.25,1.05,14.3125,7.075485849042453,0.0
12.0,48,0.25,0.8,99,0.25,1.05,6.6875,3.553167600887974,0.0
12.0,48,0.25,0.8,100,0.25,1.05,39.1875,7.079901129253148,0.0
12.0,48,0.25,0.8,101,0.25,1.05,21.625,6.823672031978091,0.0
12.0,48,0.25,0.8,102,0.25,1.05,61.375,7.810249675906654,0.0
12.0,48,0.25,0.8,103,0.25,1.05,3.1875,1.5811388300841898,0.0
12.0,48,0.25,0.8,104,0.25,1.05,24.4375,6.408002808988148,0.0
12.0,48,0.25,0.8,105,0.25,1.05,47.3125,8.48528137423857,1.0
12.0,48,0.25,0.8,106,0.25,1.05,10.0625,3.2596012026013246,0.0
12.0,48,0.25,0.8,107,0.25,1.05,14.3125,6.128825336065631,0.0
12.0,48,0.25,0.8,108,0.25,1.05,37.25,7.9726093595509875,1.0
12.0,48,0.25,0.8,109,0.25,1.05,20.375,6.020797289396148,0.0
12.0,48,0.25,0.8,110,0.25,1.05,8.1875,4.366062299143245,0.0
12.0,48,0.25,0.8,111,0.25,1.05,8.875,2.9261749776799064,0.0
12.0,48,0.25,0.8,112,0.25,1.05,8.5,4.123105625617661,0.0
12.0,48,0.25,0.8,113,0.25,1.05,22.5,6.324555320336759,0.0
12.0,48,0.25,0.8,114,0.25,1.05,4.6875,2.3048861143232218,0.0
12.0,48,0.25,0.8,115,0.25,1.05,0.9375,0.7905694150420949,0.0
12.0,48,0.25,0.8,116,0.25,1.05,9.4375,3.913118960624632,0.0
12.0,48,0.25,0.8,117,0.25,1.05,3.9375,1.9039432764659772,0.0
12.0,48,0.25,0.8,118,0.25,1.05,4.3125,2.9261749776799064,0.0
12.0,48,0.25,0.8,119,0.25,1.05,49.8125,7.9726093595509875,0.0
12.0,48,0.25,0.8,120,0.25,1.05,21.6875,6.25,0.0
12.0,48,0.25,0.8,121,0.25,1.05,17.5,6.020797289396148,0.0
12.0,48,0.25,0.8,122,0.25,1.05,4.375,2.0615528128088303,0.0
12.0,48,0.25,0.8,123,0.25,1.05,5.5,4.670385423067351,0.0
12.0,48,0.25,0.8,124,0.25,1.05,6.3125,3.952847075210474,0.0
12.0,48,0.25,0.8,125,0.25,1.05,7.4375,3.553167600887974,0.0
12.0,48,0.25,0.8,126,0.25,1.05,8.9375,4.257346591481601,0.0
12.0,48,0.25,0.8,127,0.25,1.05,2.375,2.6100766272276377,0.0
12.0,48,0.25,0.8,128,0.25,1.05,4.5625,2.23606797749979,0.0
12.0,48,0.25,0.8,129,0.25,1.05,13.4375,4.366062299143245,0.0
12.0,48,0.25,0.8,130,0.25,1.05,15.875,4.25,0.0
12.0,48,0.25,0.8,131,0.25,1.05,1.625,1.4577379737113252,0.0
12.0,48,0.25,0.8,132,0.25,1.05,3.875,2.692582403567252,0.0
12.0,48,0.25,0.8,133,0.25,1.05,21.9375,8.31038506929733,0.0
12.0,48,0.25,0.8,134,0.25,1.05,23.25,6.082762530298219,0.0
12.0,48,0.25,0.8,135,0.25,1.05,4.625,2.3717082451262845,0.0
12.0,48,0.25,0.8,136,0.25,1.05,16.25,6.18465843842649,0.0
12.0,48,0.25,0.8,137,0.25,1.05,5.3125,2.1360009363293826,0.0
12.0,48,0.25,0.8,138,0.25,1.05,3.625,2.3717082451262845,0.0
12.0,48,0.25,0.8,139,0.25,1.05,1.75,1.25,0.0
12.0,48,0.25,0.8,140,0.25,1.05,4.25,2.5,0.0
12.0,48,0.25,0.8,141,0.25,1.05,13.625,5.70087712549569,0.0
12.0,48,0.25,0.8,142,0.25,1.05,23.5,6.5,0.0
12.0,48,0.25,0.8,143,0.25,1.05,26.0625,5.202163011671203,0.0
12.0,48,0.25,0.8,144,0.25,1.05,35.0,7.810249675906654,0.0
12.0,48,0.25,0.8,145,0.25,1.05,6.875,3.132491021535417,0.0
12.0,48,0.25,0.8,146,0.25,1.05,8.0,3.605551275463989,0.0
12.0,48,0.25,0.8,147,0.25,1.05,49.25,7.9726093595509875,1.0
12.0,48,0.25,0.8,148,0.25,1.05,4.5,2.0615528128088303,0.0
12.0,48,0.25,0.8,149,0.25,1.05,3.4375,1.8027756377319946,0.0
12.0,48,0.25,0.8,150,0.25,1.05,2.25,1.7677669529663689,0.0
12.0,48,0.25,0.8,151,0.25,1.05,9.0,3.400367627183861,0.0
12.0,48,0.25,0.8,152,0.25,1.05,8.875,4.451123453691214,0.0
12.0,48,0.25,0.8,153,0.25,1.05,16.8125,6.324555320336759,0.0
12.0,48,0.25,0.8,154,0.25,1.05,7.5,3.2596012026013246,0.0
12.0,48,0.25,0.8,155,0.25,1.05,29.8125,7.652613932506983,0.0
12.0,48,0.25,0.8,156,0.25,1.05,16.625,4.366062299143245,0.0
12.0,48,0.25,0.8,157,0.25,1.05,9.125,4.25,0.0
12.0,48,0.25,0.8,158,0.25,1.05,3.875,1.6770509831248424,0.0
12.0,48,0.25,0.8,159,0.25,1.05,8.75,3.816084380618437,0.0
12.0,48,0.25,0.8,160,0.25,1.05,12.4375,4.031128874149275,0.0
12.0,48,0.25,0.8,161,0.25,1.05,3.1875,2.1360009363293826,0.0
12.0,48,0.25,0.8,162,0.25,1.05,10.6875,4.697073557013984,0.0
12.0,48,0.25,0.8,163,0.25,1.05,7.5,3.2882366094914763,0.0
12.0,48,0.25,0.8,164,0.25,1.05,2.125,1.5811388300841898,0.0
12.0,48,0.25,0.8,165,0.25,1.05,44.4375,7.9726093595509875,1.0
12.0,48,0.25,0.8,166,0.25,1.05,11.0,3.816084380618437,0.0
12.0,48,0.25,0.8,167,0.25,1.05,6.4375,3.640054944640259,0.0
12.0,48,0.25,0.8,168,0.25,1.05,2.9375,1.6007810593582121,0.0
12.0,48,0.25,0.8,169,0.25,1.05,1.125,0.9013878188659973,0.0
12.0,48,0.25,0.8,170,0.25,1.05,9.4375,2.5124689052802225,0.0
12.0,48,0.25,0.8,171,0.25,1.05,35.375,6.946221994724902,0.0
12.0,48,0.25,0.8,172,0.25,1.05,14.6875,5.5901699437494745,0.0
12.0,48,0.25,0.8,173,0.25,1.05,0.75,0.75,0.0
12.0,48,0.25,0.8,174,0.25,1.05,19.5,6.600189391222043,0.0
12.0,48,0.25,0.8,175,0.25,1.05,31.625,6.373774391990981,0.0
12.0,48,0.25,0.8,176,0.25,1.05,8.25,2.5124689052802225,0.0
12.0,48,0.25,0.8,177,0.25,1.05,13.125,6.174544517614234,0.0
12.0,48,0.25,0.8,178,0.25,1.05,4.4375,2.692582403567252,0.0
12.0,48,0.25,0.8,179,0.25,1.05,7.125,4.301162633521313,0.0
12.0,48,0.25,0.8,180,0.25,1.05,29.9375,8.139410298049853,0.0
12.0,48,0.25,0.8,181,0.25,1.05,5.75,2.5495097567963922,0.0
12.0,48,0.25,0.8,182,0.25,1.05,25.25,6.373774391990981,0.0
12.0,48,0.25,0.8,183,0.25,1.05,1.3125,1.118033988749895,0.0
12.0,48,0.25,0.8,184,0.25,1.05,13.125,7.603453162872775,0.0
12.0,48,0.25,0.8,185,0.25,1.05,9.125,4.301162633521313,0.0
12.0,48,0.25,0.8,186,0.25,1.05,46.375,7.9726093595509875,0.0
12.0,48,0.25,0.8,187,0.25,1.05,10.25,6.408002808988148,0.0
12.0,48,0.25,0.8,188,0.25,1.05,4.375,3.132491021535417,0.0
12.0,48,0.25,0.8,189,0.25,1.05,1.125,0.7905694150420949,0.0
12.0,48,0.25,0.8,190,0.25,1.05,1.625,1.346291201783626,0.0
12.0,48,0.25,0.8,191,0.25,1.05,18.5,6.708203932499369,0.0
12.0,48,0.25,0.8,192,0.25,1.05,3.5,1.8200274723201295,0.0
12.0,48,0.25,0.8,193,0.25,1.05,24.875,6.5,0.0
12.0,48,0.25,0.8,194,0.25,1.05,6.375,4.366062299143245,0.0
12.0,48,0.25,0.8,195,0.25,1.05,4.25,2.23606797749979,0.0
12.0,48,0.25,0.8,196,0.25,1.05,53.1875,7.652613932506983,1.0
12.0,48,0.25,0.8,197,0.25,1.05,3.125,2.0615528128088303,0.0
12.0,48,0.25,0.8,198,0.25,1.05,46.9375,8.48528137423857,0.0
12.0,48,0.25,0.8,199,0.25,1.05,26.375,7.9726093595509875,0.0
12.0,48,0.25,0.8,200,0.25,1.05,8.75,4.257346591481601,0.0
12.0,48,0.25,0.8,201,0.25,1.05,20.8125,6.25,0.0
12.0,48,0.25,0.8,202,0.25,1.05,52.375,7.9726093595509875,1.0
12.0,48,0.25,0.8,203,0.25,1.05,9.6875,4.16082924427331,0.0
12.0,48,0.25,0.8,204,0.25,1.05,4.5,2.1360009363293826,0.0
12.0,48,0.25,0.8,205,0.25,1.05,8.125,3.5794552658190883,0.0
12.0,48,0.25,0.8,206,0.25,1.05,1.4375,1.118033988749895,0.0
12.0,48,0.25,0.8,207,0.25,1.05,55.1875,8.48528137423857,1.0
12.0,48,0.25,0.8,208,0.25,1.05,26.3125,6.914658342969665,0.0
12.0,48,0.25,0.8,209,0.25,1.05,16.1875,4.802343178074636,0.0
12.0,48,0.25,0.8,210,0.25,1.05,0.875,0.75,0.0
12.0,48,0.25,0.8,211,0.25,1.05,2.75,2.704163456597992,0.0
12.0,48,0.25,0.8,212,0.25,1.05,7.8125,3.25,0.0
12.0,48,0.25,0.8,213,0.25,1.05,11.1875,4.930770730829005,0.0
12.0,48,0.25,0.8,214,0.25,1.05,1.3125,1.25,0.0
12.0,48,0.25,0.8,215,0.25,1.05,37.875,6.754628043053148,0.0
12.0,48,0.25,0.8,216,0.25,1.05,6.9375,3.553167600887974,0.0
12.0,48,0.25,0.8,217,0.25,1.05,0.9375,0.75,0.0
12.0,48,0.25,0.8,218,0.25,1.05,0.875,0.75,0.0
12.0,48,0.25,0.8,219,0.25,1.05,34.0625,8.31038506929733,0.0
12.0,48,0.25,0.8,220,0.25,1.05,31.3125,5.5901699437494745,0.0
12.0,48,0.25,0.8,221,0.25,1.05,9.875,3.5355339059327378,0.0
12.0,48,0.25,0.8,222,0.25,1.05,2.8125,2.5495097567963922,0.0
12.0,48,0.25,0.8,223,0.25,1.05,12.9375,4.828301978956992,0.0
12.0,48,0.25,0.8,224,0.25,1.05,29.0,7.9726093595509875,0.0
12.0,48,0.25,0.8,225,0.25,1.05,33.3125,7.810249675906654,0.0
12.0,48,0.25,0.8,226,0.25,1.05,1.9375,1.5,0.0
12.0,48,0.25,0.8,227,0.25,1.05,10.8125,5.273755777432247,0.0
12.0,48,0.25,0.8,228,0.25,1.05,12.25,5.55090082779363,0.0
12.0,48,0.25,0.8,229,0.25,1.05,2.0,1.4577379737113252,0.0
12.0,48,0.25,0.8,230,0.25,1.05,1.9375,1.346291201783626,0.0
12.0,48,0.25,0.8,231,0.25,1.05,8.625,4.0697051490249265,0.0
12.0,48,0.25,0.8,232,0.25,1.05,9.875,5.297405025104273,0.0
12.0,48,0.25,0.8,233,0.25,1.05,17.6875,5.024937810560445,0.0
12.0,48,0.25,0.8,234,0.25,1.05,25.125,6.082762530298219,0.0
12.0,48,0.25,0.8,235,0.25,1.05,20.5625,7.00446286306095,0.0
12.0,48,0.25,0.8,236,0.25,1.05,7.5,2.704163456597992,0.0
12.0,48,0.25,0.8,237,0.25,1.05,4.5,2.462214450449026,0.0
12.0,48,0.25,0.8,238,0.25,1.05,1.5,1.5206906325745548,0.0
12.0,48,0.25,0.8,239,0.25,1.05,18.9375,6.4031242374328485,0.0
12.0,48,0.25,0.8,240,0.25,1.05,11.25,4.190763653560053,0.0
12.0,48,0.25,0.8,241,0.25,1.05,9.1875,4.756574397610112,0.0
12.0,48,0.25,0.8,242,0.25,1.05,14.5,4.743416490252569,0.0
12.0,48,0.25,0.8,243,0.25,1.05,15.75,4.315669125408017,0.0
12.0,48,0.25,0.8,244,0.25,1.05,12.6875,7.458216945088149,0.0
12.0,48,0.25,0.8,245,0.25,1.05,6.3125,2.6100766272276377,0.0
12.0,48,0.25,0.8,246,0.25,1.05,11.375,6.046693311223912,0.0
12.0,48,0.25,0.8,247,0.25,1.05,13.25,8.139410298049853,0.0
12.0,48,0.25,0.8,248,0.25,1.05,22.0625,5.640257086339239,0.0
12.0,48,0.25,0.8,249,0.25,1.05,9.625,4.670385423067351,0.0
12.0,48,0.25,0.8,250,0.25,1.05,3.5,1.6007810593582121,0.0
12.0,48,0.25,0.8,251,0.25,1.05,7.625,3.2015621187164243,0.0
12.0,48,0.25,0.8,252,0.25,1.05,8.875,4.16082924427331,0.0
12.0,48,0.25,0.8,253,0.25,1.05,3.3125,2.8284271247461903,0.0
12.0,48,0.25,0.8,254,0.25,1.05,5.1875,3.0516389039334255,0.0
12.0,48,0.25,0.8,255,0.25,1.05,15.5,5.963430220938282,0.0
12.0,48,0.25,0.8,256,0.25,1.05,2.125,1.5811388300841898,0.0
12.0,48,0.25,0.8,257,0.25,1.05,27.75,6.324555320336759,0.0
12.0,48,0.25,0.8,258,0.25,1.05,4.875,3.5794552658190883,0.0
12.0,48,0.25,0.8,259,0.25,1.05,28.8125,6.708203932499369,0.0
12.0,48,0.25,0.8,260,0.25,1.05,46.6875,7.1501748230375455,1.0
12.0,48,0.25,0.8,261,0.25,1.05,6.6875,3.2015621187164243,0.0
12.0,48,0.25,0.8,262,0.25,1.05,3.4375,1.8200274723201295,0.0
12.0,48,0.25,0.8,263,0.25,1.05,24.9375,7.652613932506983,0.0
12.0,48,0.25,0.8,264,0.25,1.05,40.25,6.708203932499369,0.0
12.0,48,0.25,0.8,265,0.25,1.05,4.3125,2.25,0.0
12.0,48,0.25,0.8,266,0.25,1.05,1.25,0.9013878188659973,0.0
12.0,48,0.25,0.8,267,0.25,1.05,29.8125,7.352720584926371,0.0
12.0,48,0.25,0.8,268,0.25,1.05,10.75,5.706356105256663,0.0
12.0,48,0.25,0.8,269,0.25,1.05,6.3125,3.7165171868296265,0.0
12.0,48,0.25,0.8,270,0.25,1.05,1.8125,1.2747548783981961,0.0
12.0,48,0.25,0.8,271,0.25,1.05,7.75,2.7950849718747373,0.0
12.0,48,0.25,0.8,272,0.25,1.05,39.875,6.823672031978091,0.0
12.0,48,0.25,0.8,273,0.25,1.05,1.5625,1.2747548783981961,0.0
12.0,48,0.25,0.8,274,0.25,1.05,1.8125,1.5811388300841898,0.0
12.0,48,0.25,0.8,275,0.25,1.05,1.75,1.346291201783626,0.0
12.0,48,0.25,0.8,276,0.25,1.05,5.4375,2.7613402542968153,0.0
12.0,48,0.25,0.8,277,0.25,1.05,1.9375,1.6770509831248424,0.0
12.0,48,0.25,0.8,278,0.25,1.05,9.75,4.808846015417836,0.0
12.0,48,0.25,0.8,279,0.25,1.05,20.875,5.315072906367325,0.0
12.0,48,0.25,0.8,280,0.25,1.05,18.5625,6.046693311223912,0.0
12.0,48,0.25,0.8,281,0.25,1.05,1.75,1.346291201783626,0.0
12.0,48,0.25,0.8,282,0.25,1.05,17.8125,6.5,0.0
12.0,48,0.25,0.8,283,0.25,1.05,13.75,5.55090082779363,0.0
12.0,48,0.25,0.8,284,0.25,1.05,7.5625,2.6100766272276377,0.0
12.0,48,0.25,0.8,285,0.25,1.05,25.75,6.600189391222043,0.0
12.0,48,0.25,0.8,286,0.25,1.05,20.375,6.600189391222043,0.0
12.0,48,0.25,0.8,287,0.25,1.05,8.75,4.589389937671455,0.0
12.0,48,0.25,0.8,288,0.25,1.05,2.5625,1.8200274723201295,0.0
12.0,48,0.25,0.8,289,0.25,1.05,12.0625,7.00446286306095,0.0
12.0,48,0.25,0.8,290,0.25,1.05,5.4375,3.400367627183861,0.0
12.0,48,0.25,0.8,291,0.25,1.05,14.0,4.373213921133975,0.0
12.0,48,0.25,0.8,292,0.25,1.05,39.8125,6.600189391222043,0.0
12.0,48,0.25,0.8,293,0.25,1.05,8.875,2.7950849718747373,0.0
12.0,48,0.25,0.8,294,0.25,1.05,0.8125,0.7905694150420949,0.0
12.0,48,0.25,0.8,295,0.25,1.05,10.5,3.132491021535417,0.0
12.0,48,0.25,0.8,296,0.25,1.05,4.5,2.1360009363293826,0.0
12.0,48,0.25,0.8,297,0.25,1.05,9.75,4.16082924427331,0.0
12.0,48,0.25,0.8,298,0.25,1.05,13.8125,6.128825336065631,0.0
12.0,48,0.25,0.8,299,0.25,1.05,2.8125,1.9039432764659772,0.0
12.0,48,0.25,0.4,0,0.25,0.65,46.875,7.652613932506983,1.0
12.0,48,0.25,0.4,1,0.25,0.65,20.9375,5.755432216610669,0.0
12.0,48,0.25,0.4,2,0.25,0.65,39.0625,8.139410298049853,0.0
12.0,48,0.25,0.4,3,0.25,0.65,50.0625,6.946221994724902,0.0
12.0,48,0.25,0.4,4,0.25,0.65,36.6875,7.1501748230375455,0.0
12.0,48,0.25,0.4,5,0.25,0.65,12.5,5.062114182829147,0.0
12.0,48,0.25,0.4,6,0.25,0.65,27.75,7.9726093595509875,0.0
12.0,48,0.25,0.4,7,0.25,0.65,36.9375,6.5,0.0
12.0,48,0.25,0.4,8,0.25,0.65,64.875,7.5,0.0
12.0,48,0.25,0.4,9,0.25,0.65,41.3125,8.48528137423857,0.0
12.0,48,0.25,0.4,10,0.25,0.65,21.8125,6.5,0.0
12.0,48,0.25,0.4,11,0.25,0.65,32.9375,7.9726093595509875,0.0
12.0,48,0.25,0.4,12,0.25,0.65,41.625,7.786205751198718,0.0
12.0,48,0.25,0.4,13,0.25,0.65,53.8125,8.48528137423857,0.0
12.0,48,0.25,0.4,14,0.25,0.65,47.0625,7.9726093595509875,0.0
12.0,48,0.25,0.4,15,0.25,0.65,72.875,8.31038506929733,1.0
12.0,48,0.25,0.4,16,0.25,0.65,53.75,8.48528137423857,0.0
12.0,48,0.25,0.4,17,0.25,0.65,4.4375,2.0615528128088303,0.0
12.0,48,0.25,0.4,18,0.25,0.65,17.5,6.046693311223912,0.0
12.0,48,0.25,0.4,19,0.25,0.65,29.875,6.708203932499369,0.0
12.0,48,0.25,0.4,20,0.25,0.65,31.9375,6.708203932499369,0.0
12.0,48,0.25,0.4,21,0.25,0.65,15.0,3.605551275463989,0.0
12.0,48,0.25,0.4,22,0.25,0.65,65.75,7.211102550927978,0.0
12.0,48,0.25,0.4,23,0.25,0.65,73.6875,8.48528137423857,1.0
12.0,48,0.25,0.4,24,0.25,0.65,64.4375,8.48528137423857,1.0
12.0,48,0.25,0.4,25,0.25,0.65,69.5625,8.139410298049853,1.0
12.0,48,0.25,0.4,26,0.25,0.65,11.25,4.650268809434569,0.0
12.0,48,0.25,0.4,27,0.25,0.65,45.8125,7.652613932506983,0.0
12.0,48,0.25,0.4,28,0.25,0.65,56.4375,7.5,0.0
12.0,48,0.25,0.4,29,0.25,0.65,11.375,4.366062299143245,0.0
12.0,48,0.25,0.4,30,0.25,0.65,31.375,7.352720584926371,0.0
12.0,48,0.25,0.4,31,0.25,0.65,36.25,7.652613932506983,0.0
12.0,48,0.25,0.4,32,0.25,0.65,2.625,2.0155644370746373,0.0
12.0,48,0.25,0.4,33,0.25,0.65,44.375,7.352720584926371,0.0
12.0,48,0.25,0.4,34,0.25,0.65,2.5,1.5811388300841898,0.0
12.0,48,0.25,0.4,35,0.25,0.65,1.9375,2.57390753524675,0.0
12.0,48,0.25,0.4,36,0.25,0.65,3.25,2.7950849718747373,0.0
12.0,48,0.25,0.4,37,0.25,0.65,60.8125,7.075485849042453,1.0
12.0,48,0.25,0.4,38,0.25,0.65,30.6875,6.25,0.0
12.0,48,0.25,0.4,39,0.25,0.65,26.5625,7.9726093595509875,0.0
12.0,48,0.25,0.4,40,0.25,0.65,36.3125,7.352720584926371,0.0
12.0,48,0.25,0.4,41,0.25,0.65,14.0,4.527692569068709,0.0
12.0,48,0.25,0.4,42,0.25,0.65,47.25,8.48528137423857,0.0
12.0,48,0.25,0.4,43,0.25,0.65,23.5625,7.075485849042453,0.0
12.0,48,0.25,0.4,44,0.25,0.65,20.25,5.367727638395972,0.0
12.0,48,0.25,0.4,45,0.25,0.65,34.8125,8.31038506929733,0.0
12.0,48,0.25,0.4,46,0.25,0.65,5.625,2.850438562747845,0.0
12.0,48,0.25,0.4,47,0.25,0.65,59.75,8.31038506929733,0.0
12.0,48,0.25,0.4,48,0.25,0.65,38.4375,6.25,0.0
12.0,48,0.25,0.4,49,0.25,0.65,58.375,7.352720584926371,1.0
12.0,48,0.25,0.4,50,0.25,0.65,6.75,4.451123453691214,0.0
12.0,48,0.25,0.4,51,0.25,0.65,3.9375,1.9039432764659772,0.0
12.0,48,0.25,0.4,52,0.25,0.65,63.1875,7.652613932506983,0.0
12.0,48,0.25,0.4,53,0.25,0.65,87.0625,7.810249675906654,1.0
12.0,48,0.25,0.4,54,0.25,0.65,66.875,8.48528137423857,1.0
12.0,48,0.25,0.4,55,0.25,0.65,11.6875,3.7165171868296265,0.0
12.0,48,0.25,0.4,56,0.25,0.65,32.8125,7.1501748230375455,0.0
12.0,48,0.25,0.4,57,0.25,0.65,27.125,6.25,0.0
12.0,48,0.25,0.4,58,0.25,0.65,52.0,7.079901129253148,0.0
12.0,48,0.25,0.4,59,0.25,0.65,9.5625,3.640054944640259,0.0
12.0,48,0.25,0.4,60,0.25,0.65,23.125,6.708203932499369,0.0
12.0,48,0.25,0.4,61,0.25,0.65,56.25,7.075485849042453,1.0
12.0,48,0.25,0.4,62,0.25,0.65,4.375,2.462214450449026,0.0
12.0,48,0.25,0.4,63,0.25,0.65,62.25,7.211102550927978,1.0
12.0,48,0.25,0.4,64,0.25,0.65,67.25,8.48528137423857,1.0
12.0,48,0.25,0.4,65,0.25,0.65,11.8125,6.082762530298219,0.0
12.0,48,0.25,0.4,66,0.25,0.65,47.375,8.48528137423857,1.0
12.0,48,0.25,0.4,67,0.25,0.65,2.9375,1.8200274723201295,0.0
12.0,48,0.25,0.4,68,0.25,0.65,5.9375,3.25,0.0
12.0,48,0.25,0.4,69,0.25,0.65,50.125,8.139410298049853,0.0
12.0,48,0.25,0.4,70,0.25,0.65,57.8125,6.946221994724902,0.0
12.0,48,0.25,0.4,71,0.25,0.65,55.375,7.810249675906654,1.0
12.0,48,0.25,0.4,72,0.25,0.65,9.9375,2.704163456597992,0.0
12.0,48,0.25,0.4,73,0.25,0.65,16.875,5.618051263561058,0.0
12.0,48,0.25,0.4,74,0.25,0.65,23.5,8.48528137423857,0.0
12.0,48,0.25,0.4,75,0.25,0.65,77.875,8.48528137423857,1.0
12.0,48,0.25,0.4,76,0.25,0.65,24.3125,5.836308764964376,0.0
12.0,48,0.25,0.4,77,0.25,0.65,54.9375,7.211102550927978,0.0
12.0,48,0.25,0.4,78,0.25,0.65,45.9375,8.139410298049853,0.0
12.0,48,0.25,0.4,79,0.25,0.65,8.625,3.3634060117684275,0.0
12.0,48,0.25,0.4,80,0.25,0.65,22.5625,6.823672031978091,0.0
12.0,48,0.25,0.4,81,0.25,0.65,24.875,6.408002808988148,0.0
12.0,48,0.25,0.4,82,0.25,0.65,11.0,3.400367627183861,0.0
12.0,48,0.25,0.4,83,0.25,0.65,4.375,2.9261749776799064,0.0
12.0,48,0.25,0.4,84,0.25,0.65,11.625,5.618051263561058,0.0
12.0,48,0.25,0.4,85,0.25,0.65,60.5625,7.652613932506983,1.0
12.0,48,0.25,0.4,86,0.25,0.65,49.625,8.48528137423857,0.0
12.0,48,0.25,0.4,87,0.25,0.65,28.5,8.48528137423857,0.0
12.0,48,0.25,0.4,88,0.25,0.65,48.4375,7.9726093595509875,0.0
12.0,48,0.25,0.4,89,0.25,0.65,23.875,6.823672031978091,0.0
12.0,48,0.25,0.4,90,0.25,0.65,47.875,6.600189391222043,0.0
12.0,48,0.25,0.4,91,0.25,0.65,49.125,8.139410298049853,0.0
12.0,48,0.25,0.4,92,0.25,0.65,55.4375,7.9726093595509875,1.0
12.0,48,0.25,0.4,93,0.25,0.65,1.75,1.346291201783626,0.0
12.0,48,0.25,0.4,94,0.25,0.65,2.0,1.346291201783626,0.0
12.0,48,0.25,0.4,95,0.25,0.65,15.1875,5.706356105256663,0.0
12.0,48,0.25,0.4,96,0.25,0.65,39.8125,8.48528137423857,0.0
12.0,48,0.25,0.4,97,0.25,0.65,4.5,4.00780488547035,0.0
12.0,48,0.25,0.4,98,0.25,0.65,62.25,8.48528137423857,1.0
12.0,48,0.25,0.4,99,0.25,0.65,47.6875,7.5,1.0
12.0,48,0.25,0.4,100,0.25,0.65,7.5625,2.57390753524675,0.0
12.0,48,0.25,0.4,101,0.25,0.65,6.5625,4.190763653560053,0.0
12.0,48,0.25,0.4,102,0.25,0.65,26.0625,6.082762530298219,0.0
12.0,48,0.25,0.4,103,0.25,0.65,58.8125,8.48528137423857,1.0
12.0,48,0.25,0.4,104,0.25,0.65,23.875,6.324555320336759,0.0
12.0,48,0.25,0.4,105,0.25,0.65,29.625,7.652613932506983,0.0
12.0,48,0.25,0.4,106,0.25,0.65,44.0625,8.48528137423857,0.0
12.0,48,0.25,0.4,107,0.25,0.65,58.9375,8.48528137423857,0.0
12.0,48,0.25,0.4,108,0.25,0.65,51.75,6.950719387228922,0.0
12.0,48,0.25,0.4,109,0.25,0.65,5.6875,2.6100766272276377,0.0
12.0,48,0.25,0.4,110,0.25,0.65,13.25,6.600189391222043,0.0
12.0,48,0.25,0.4,111,0.25,0.65,52.5,8.48528137423857,0.0
12.0,48,0.25,0.4,112,0.25,0.65,47.0625,7.211102550927978,1.0
12.0,48,0.25,0.4,113,0.25,0.65,31.0,5.771698190307598,0.0
12.0,48,0.25,0.4,114,0.25,0.65,38.3125,7.652613932506983,0.0
12.0,48,0.25,0.4,115,0.25,0.65,54.4375,8.48528137423857,0.0
12.0,48,0.25,0.4,116,0.25,0.65,39.0,7.652613932506983,1.0
12.0,48,0.25,0.4,117,0.25,0.65,60.125,8.48528137423857,1.0
12.0,48,0.25,0.4,118,0.25,0.65,8.375,3.2882366094914763,0.0
12.0,48,0.25,0.4,119,0.25,0.65,35.4375,6.005206074732157,0.0
12.0,48,0.25,0.4,120,0.25,0.65,30.4375,7.075485849042453,0.0
12.0,48,0.25,0.4,121,0.25,0.65,37.9375,8.31038506929733,0.0
12.0,48,0.25,0.4,122,0.25,0.65,37.375,8.139410298049853,0.0
12.0,48,0.25,0.4,123,0.25,0.65,29.3125,7.211102550927978,0.0
12.0,48,0.25,0.4,124,0.25,0.65,42.1875,7.652613932506983,0.0
12.0,48,0.25,0.4,125,0.25,0.65,28.125,5.836308764964376,0.0
12.0,48,0.25,0.4,126,0.25,0.65,24.875,6.823672031978091,0.0
12.0,48,0.25,0.4,127,0.25,0.65,32.3125,6.324555320336759,0.0
12.0,48,0.25,0.4,128,0.25,0.65,32.0625,7.352720584926371,0.0
12.0,48,0.25,0.4,129,0.25,0.65,6.0625,3.010398644698074,0.0
12.0,48,0.25,0.4,130,0.25,0.65,79.3125,8.48528137423857,1.0
12.0,48,0.25,0.4,131,0.25,0.65,17.375,6.046693311223912,0.0
12.0,48,0.25,0.4,132,0.25,0.65,84.9375,8.31038506929733,1.0
12.0,48,0.25,0.4,133,0.25,0.65,3.375,3.1622776601683795,0.0
12.0,48,0.25,0.4,134,0.25,0.65,3.125,2.3048861143232218,0.0
12.0,48,0.25,0.4,135,0.25,0.65,45.875,8.48528137423857,1.0
12.0,48,0.25,0.4,136,0.25,0.65,1.6875,1.4142135623730951,0.0
12.0,48,0.25,0.4,137,0.25,0.65,26.625,4.7762432936357,0.0
12.0,48,0.25,0.4,138,0.25,0.65,34.75,7.5,0.0
12.0,48,0.25,0.4,139,0.25,0.65,2.6875,1.4577379737113252,0.0
12.0,48,0.25,0.4,140,0.25,0.65,4.8125,2.0615528128088303,0.0
12.0,48,0.25,0.4,141,0.25,0.65,4.4375,2.1213203435596424,0.0
12.0,48,0.25,0.4,142,0.25,0.65,47.375,6.324555320336759,1.0
12.0,48,0.25,0.4,143,0.25,0.65,51.9375,7.1501748230375455,0.0
12.0,48,0.25,0.4,144,0.25,0.65,25.1875,4.981214711292819,0.0
12.0,48,0.25,0.4,145,0.25,0.65,37.4375,8.48528137423857,0.0
12.0,48,0.25,0.4,146,0.25,0.65,45.4375,8.48528137423857,1.0
12.0,48,0.25,0.4,147,0.25,0.65,45.5,6.408002808988148,1.0
12.0,48,0.25,0.4,148,0.25,0.65,1.75,1.4577379737113252,0.0
12.0,48,0.25,0.4,149,0.25,0.65,11.4375,5.153882032022076,0.0
12.0,48,0.25,0.4,150,0.25,0.65,4.0,2.358495283014151,0.0
12.0,48,0.25,0.4,151,0.25,0.65,27.8125,7.352720584926371,0.0
12.0,48,0.25,0.4,152,0.25,0.65,39.625,7.352720584926371,0.0
12.0,48,0.25,0.4,153,0.25,0.65,49.3125,7.810249675906654,0.0
12.0,48,0.25,0.4,154,0.25,0.65,5.9375,3.0413812651491097,0.0
12.0,48,0.25,0.4,155,0.25,0.65,61.875,7.211102550927978,1.0
12.0,48,0.25,0.4,156,0.25,0.65,21.6875,6.5,0.0
12.0,48,0.25,0.4,157,0.25,0.65,3.5625,1.8200274723201295,0.0
12.0,48,0.25,0.4,158,0.25,0.65,44.4375,7.9726093595509875,0.0
12.0,48,0.25,0.4,159,0.25,0.65,39.9375,6.25,0.0
12.0,48,0.25,0.4,160,0.25,0.65,63.0625,8.48528137423857,1.0
12.0,48,0.25,0.4,161,0.25,0.65,35.875,7.652613932506983,0.0
12.0,48,0.25,0.4,162,0.25,0.65,84.0,7.5,1.0
12.0,48,0.25,0.4,163,0.25,0.65,41.0,7.810249675906654,0.0
12.0,48,0.25,0.4,164,0.25,0.65,49.8125,7.211102550927978,0.0
12.0,48,0.25,0.4,165,0.25,0.65,5.125,3.1622776601683795,0.0
12.0,48,0.25,0.4,166,0.25,0.65,27.8125,5.771698190307598,0.0
12.0,48,0.25,0.4,167,0.25,0.65,2.6875,1.8027756377319946,0.0
12.0,48,0.25,0.4,168,0.25,0.65,71.625,8.139410298049853,1.0
12.0,48,0.25,0.4,169,0.25,0.65,4.25,2.0615528128088303,0.0
12.0,48,0.25,0.4,170,0.25,0.65,74.0625,7.9726093595509875,1.0
12.0,48,0.25,0.4,171,0.25,0.65,5.75,2.704163456597992,0.0
12.0,48,0.25,0.4,172,0.25,0.65,12.4375,5.798706752371601,0.0
12.0,48,0.25,0.4,173,0.25,0.65,47.4375,7.075485849042453,0.0
12.0,48,0.25,0.4,174,0.25,0.65,67.375,8.48528137423857,1.0
12.0,48,0.25,0.4,175,0.25,0.65,69.75,8.48528137423857,1.0
12.0,48,0.25,0.4,176,0.25,0.65,8.0625,4.315669125408017,0.0
12.0,48,0.25,0.4,177,0.25,0.65,23.5625,6.25,1.0
12.0,48,0.25,0.4,178,0.25,0.65,42.0625,7.352720584926371,0.0
12.0,48,0.25,0.4,179,0.25,0.65,3.0,1.9039432764659772,0.0
12.0,48,0.25,0.4,180,0.25,0.65,23.6875,4.8541219597369,0.0
12.0,48,0.25,0.4,181,0.25,0.65,13.75,4.038873605350878,0.0
12.0,48,0.25,0.4,182,0.25,0.65,7.1875,5.618051263561058,0.0
12.0,48,0.25,0.4,183,0.25,0.65,57.0625,7.810249675906654,0.0
12.0,48,0.25,0.4,184,0.25,0.65,2.4375,2.0155644370746373,0.0
12.0,48,0.25,0.4,185,0.25,0.65,24.4375,6.408002808988148,0.0
12.0,48,0.25,0.4,186,0.25,0.65,43.8125,8.139410298049853,0.0
12.0,48,0.25,0.4,187,0.25,0.65,4.0,2.3048861143232218,0.0
12.0,48,0.25,0.4,188,0.25,0.65,20.625,6.18465843842649,0.0
12.0,48,0.25,0.4,189,0.25,0.65,42.9375,7.352720584926371,0.0
12.0,48,0.25,0.4,190,0.25,0.65,37.8125,8.48528137423857,0.0
12.0,48,0.25,0.4,191,0.25,0.65,2.4375,1.8200274723201295,0.0
12.0,48,0.25,0.4,192,0.25,0.65,28.0625,6.174544517614234,0.0
12.0,48,0.25,0.4,193,0.25,0.65,8.6875,4.2793106921559225,0.0
12.0,48,0.25,0.4,194,0.25,0.65,52.4375,7.9726093595509875,0.0
12.0,48,0.25,0.4,195,0.25,0.65,64.75,7.9726093595509875,0.0
12.0,48,0.25,0.4,196,0.25,0.65,37.6875,7.00446286306095,0.0
12.0,48,0.25,0.4,197,0.25,0.65,45.8125,8.48528137423857,0.0
12.0,48,0.25,0.4,198,0.25,0.65,20.9375,7.5,0.0
12.0,48,0.25,0.4,199,0.25,0.65,43.0,6.823672031978091,0.0
12.0,48,0.25,0.4,200,0.25,0.65,25.875,6.324555320336759,0.0
12.0,48,0.25,0.4,201,0.25,0.65,49.5,8.48528137423857,1.0
12.0,48,0.25,0.4,202,0.25,0.65,47.1875,8.48528137423857,0.0
12.0,48,0.25,0.4,203,0.25,0.65,2.125,1.5206906325745548,0.0
12.0,48,0.25,0.4,204,0.25,0.65,64.0,8.48528137423857,1.0
12.0,48,0.25,0.4,205,0.25,0.65,68.5,8.48528137423857,0.0
12.0,48,0.25,0.4,206,0.25,0.65,52.625,7.352720584926371,0.0
12.0,48,0.25,0.4,207,0.25,0.65,6.8125,4.16082924427331,0.0
12.0,48,0.25,0.4,208,0.25,0.65,30.625,6.950719387228922,0.0
12.0,48,0.25,0.4,209,0.25,0.65,12.1875,4.138236339311712,0.0
12.0,48,0.25,0.4,210,0.25,0.65,0.8125,0.7905694150420949,0.0
12.0,48,0.25,0.4,211,0.25,0.65,1.3125,0.7905694150420949,0.0
12.0,48,0.25,0.4,212,0.25,0.65,4.75,2.3717082451262845,0.0
12.0,48,0.25,0.4,213,0.25,0.65,3.0,2.3717082451262845,0.0
12.0,48,0.25,0.4,214,0.25,0.65,70.6875,8.48528137423857,1.0
12.0,48,0.25,0.4,215,0.25,0.65,57.6875,8.48528137423857,0.0
12.0,48,0.25,0.4,216,0.25,0.65,14.5625,3.824264635194589,0.0
12.0,48,0.25,0.4,217,0.25,0.65,67.4375,8.48528137423857,1.0
12.0,48,0.25,0.4,218,0.25,0.65,7.875,3.48209706929603,0.0
12.0,48,0.25,0.4,219,0.25,0.65,8.4375,4.451123453691214,0.0
12.0,48,0.25,0.4,220,0.25,0.65,16.5,4.930770730829005,0.0
12.0,48,0.25,0.4,221,0.25,0.65,55.5,7.786205751198718,1.0
12.0,48,0.25,0.4,222,0.25,0.65,43.1875,7.458216945088149,0.0
12.0,48,0.25,0.4,223,0.25,0.65,6.8125,3.7165171868296265,0.0
12.0,48,0.25,0.4,224,0.25,0.65,22.3125,6.754628043053148,0.0
12.0,48,0.25,0.4,225,0.25,0.65,29.4375,6.046693311223912,0.0
12.0,48,0.25,0.4,226,0.25,0.65,39.4375,6.373774391990981,0.0
12.0,48,0.25,0.4,227,0.25,0.65,11.9375,3.5794552658190883,0.0
12.0,48,0.25,0.4,228,0.25,0.65,48.125,6.5,1.0
12.0,48,0.25,0.4,229,0.25,0.65,65.6875,8.139410298049853,1.0
12.0,48,0.25,0.4,230,0.25,0.65,62.8125,8.139410298049853,1.0
12.0,48,0.25,0.4,231,0.25,0.65,32.0625,6.864765108872991,0.0
12.0,48,0.25,0.4,232,0.25,0.65,70.375,8.48528137423857,1.0
12.0,48,0.25,0.4,233,0.25,0.65,54.0625,8.48528137423857,0.0
12.0,48,0.25,0.4,234,0.25,0.65,61.3125,8.48528137423857,0.0
12.0,48,0.25,0.4,235,0.25,0.65,53.8125,8.48528137423857,0.0
12.0,48,0.25,0.4,236,0.25,0.65,29.25,6.4031242374328485,0.0
12.0,48,0.25,0.4,237,0.25,0.65,53.0,8.48528137423857,0.0
12.0,48,0.25,0.4,238,0.25,0.65,35.8125,7.211102550927978,0.0
12.0,48,0.25,0.4,239,0.25,0.65,65.75,8.31038506929733,0.0
12.0,48,0.25,0.4,240,0.25,0.65,7.4375,2.75,0.0
12.0,48,0.25,0.4,241,0.25,0.65,26.375,7.5,0.0
12.0,48,0.25,0.4,242,0.25,0.65,30.0625,6.128825336065631,0.0
12.0,48,0.25,0.4,243,0.25,0.65,71.1875,8.48528137423857,1.0
12.0,48,0.25,0.4,244,0.25,0.65,21.875,5.70087712549569,0.0
12.0,48,0.25,0.4,245,0.25,0.65,5.875,4.301162633521313,0.0
12.0,48,0.25,0.4,246,0.25,0.65,33.625,7.786205751198718,0.0
12.0,48,0.25,0.4,247,0.25,0.65,3.875,2.0615528128088303,0.0
12.0,48,0.25,0.4,248,0.25,0.65,10.1875,4.527692569068709,0.0
12.0,48,0.25,0.4,249,0.25,0.65,42.9375,6.946221994724902,0.0
12.0,48,0.25,0.4,250,0.25,0.65,16.8125,4.301162633521313,0.0
12.0,48,0.25,0.4,251,0.25,0.65,67.0,7.5,1.0
12.0,48,0.25,0.4,252,0.25,0.65,52.4375,7.9726093595509875,1.0
12.0,48,0.25,0.4,253,0.25,0.65,52.5625,7.5,1.0
12.0,48,0.25,0.4,254,0.25,0.65,37.5,7.9726093595509875,1.0
12.0,48,0.25,0.4,255,0.25,0.65,7.625,3.0413812651491097,0.0
12.0,48,0.25,0.4,256,0.25,0.65,29.6875,6.485560885536423,0.0
12.0,48,0.25,0.4,257,0.25,0.65,1.6875,1.6770509831248424,0.0
12.0,48,0.25,0.4,258,0.25,0.65,37.125,6.600189391222043,0.0
12.0,48,0.25,0.4,259,0.25,0.65,8.625,3.605551275463989,0.0
12.0,48,0.25,0.4,260,0.25,0.65,34.9375,6.324555320336759,0.0
12.0,48,0.25,0.4,261,0.25,0.65,59.0625,8.48528137423857,0.0
12.0,48,0.25,0.4,262,0.25,0.65,71.3125,8.48528137423857,1.0
12.0,48,0.25,0.4,263,0.25,0.65,23.5,6.946221994724902,0.0
12.0,48,0.25,0.4,264,0.25,0.65,14.125,5.031152949374527,0.0
12.0,48,0.25,0.4,265,0.25,0.65,8.75,4.0,0.0
12.0,48,0.25,0.4,266,0.25,0.65,10.6875,6.082762530298219,0.0
12.0,48,0.25,0.4,267,0.25,0.65,6.3125,2.2638462845343543,0.0
12.0,48,0.25,0.4,268,0.25,0.65,60.25,7.652613932506983,0.0
12.0,48,0.25,0.4,269,0.25,0.65,31.75,8.139410298049853,0.0
12.0,48,0.25,0.4,270,0.25,0.65,33.3125,6.946221994724902,0.0
12.0,48,0.25,0.4,271,0.25,0.65,46.8125,7.9726093595509875,1.0
12.0,48,0.25,0.4,272,0.25,0.65,6.0625,3.5355339059327378,0.0
12.0,48,0.25,0.4,273,0.25,0.65,17.25,4.430011286667337,0.0
12.0,48,0.25,0.4,274,0.25,0.65,83.5625,8.48528137423857,1.0
12.0,48,0.25,0.4,275,0.25,0.65,53.75,8.48528137423857,1.0
12.0,48,0.25,0.4,276,0.25,0.65,69.0,8.48528137423857,1.0
12.0,48,0.25,0.4,277,0.25,0.65,50.6875,7.5,0.0
12.0,48,0.25,0.4,278,0.25,0.65,65.3125,8.139410298049853,1.0
12.0,48,0.25,0.4,279,0.25,0.65,46.25,7.211102550927978,0.0
12.0,48,0.25,0.4,280,0.25,0.65,10.5625,4.123105625617661,0.0
12.0,48,0.25,0.4,281,0.25,0.65,45.125,8.48528137423857,0.0
12.0,48,0.25,0.4,282,0.25,0.65,37.75,6.754628043053148,1.0
12.0,48,0.25,0.4,283,0.25,0.65,56.0,7.810249675906654,0.0
12.0,48,0.25,0.4,284,0.25,0.65,2.0625,1.25,0.0
12.0,48,0.25,0.4,285,0.25,0.65,59.0625,7.810249675906654,0.0
12.0,48,0.25,0.4,286,0.25,0.65,58.125,8.31038506929733,1.0
12.0,48,0.25,0.4,287,0.25,0.65,51.625,8.139410298049853,0.0
12.0,48,0.25,0.4,288,0.25,0.65,41.5,8.48528137423857,0.0
12.0,48,0.25,0.4,289,0.25,0.65,31.0625,7.079901129253148,0.0
12.0,48,0.25,0.4,290,0.25,0.65,31.375,7.9726093595509875,0.0
12.0,48,0.25,0.4,291,0.25,0.65,92.5625,8.139410298049853,1.0
12.0,48,0.25,0.4,292,0.25,0.65,2.5,1.6770509831248424,0.0
12.0,48,0.25,0.4,293,0.25,0.65,40.125,6.823672031978091,0.0
12.0,48,0.25,0.4,294,0.25,0.65,11.25,5.024937810560445,0.0
12.0,48,0.25,0.4,295,0.25,0.65,33.0625,7.652613932506983,0.0
12.0,48,0.25,0.4,296,0.25,0.65,13.25,5.3967582862307255,0.0
12.0,48,0.25,0.4,297,0.25,0.65,4.3125,1.9039432764659772,0.0
12.0,48,0.25,0.4,298,0.25,0.65,9.6875,3.7165171868296265,0.0
12.0,48,0.25,0.4,299,0.25,0.65,60.75,6.708203932499369,1.0
12.0,48,0.25,0.2,0,0.25,0.45,40.4375,7.9726093595509875,0.0
12.0,48,0.25,0.2,1,0.25,0.45,71.1875,7.9726093595509875,1.0
12.0,48,0.25,0.2,2,0.25,0.45,43.9375,8.48528137423857,0.0
12.0,48,0.25,0.2,3,0.25,0.45,55.75,7.9726093595509875,0.0
12.0,48,0.25,0.2,4,0.25,0.45,74.5625,8.48528137423857,0.0
12.0,48,0.25,0.2,5,0.25,0.45,80.1875,8.139410298049853,1.0
12.0,48,0.25,0.2,6,0.25,0.45,50.25,7.075485849042453,0.0
12.0,48,0.25,0.2,7,0.25,0.45,90.1875,8.139410298049853,1.0
12.0,48,0.25,0.2,8,0.25,0.45,12.5625,3.640054944640259,0.0
12.0,48,0.25,0.2,9,0.25,0.45,65.5,8.48528137423857,1.0
12.0,48,0.25,0.2,10,0.25,0.45,24.6875,6.046693311223912,0.0
12.0,48,0.25,0.2,11,0.25,0.45,102.125,8.48528137423857,1.0
12.0,48,0.25,0.2,12,0.25,0.45,62.5,7.5,0.0
12.0,48,0.25,0.2,13,0.25,0.45,58.8125,8.48528137423857,0.0
12.0,48,0.25,0.2,14,0.25,0.45,62.0625,7.9726093595509875,0.0
12.0,48,0.25,0.2,15,0.25,0.45,15.375,4.6097722286464435,0.0
12.0,48,0.25,0.2,16,0.25,0.45,10.125,2.9154759474226504,0.0
12.0,48,0.25,0.2,17,0.25,0.45,33.0,8.48528137423857,0.0
12.0,48,0.25,0.2,18,0.25,0.45,81.1875,7.458216945088149,1.0
12.0,48,0.25,0.2,19,0.25,0.45,22.5625,5.836308764964376,0.0
12.0,48,0.25,0.2,20,0.25,0.45,54.75,8.31038506929733,0.0
12.0,48,0.25,0.2,21,0.25,0.45,16.5,4.6097722286464435,0.0
12.0,48,0.25,0.2,22,0.25,0.45,47.0,6.823672031978091,0.0
12.0,48,0.25,0.2,23,0.25,0.45,51.1875,8.48528137423857,1.0
12.0,48,0.25,0.2,24,0.25,0.45,40.875,8.48528137423857,0.0
12.0,48,0.25,0.2,25,0.25,0.45,11.125,3.5355339059327378,0.0
12.0,48,0.25,0.2,26,0.25,0.45,61.375,8.48528137423857,1.0
12.0,48,0.25,0.2,27,0.25,0.45,73.75,8.139410298049853,1.0
12.0,48,0.25,0.2,28,0.25,0.45,70.625,8.48528137423857,1.0
12.0,48,0.25,0.2,29,0.25,0.45,19.4375,7.075485849042453,0.0
12.0,48,0.25,0.2,30,0.25,0.45,76.75,7.652613932506983,1.0
12.0,48,0.25,0.2,31,0.25,0.45,32.625,7.652613932506983,0.0
12.0,48,0.25,0.2,32,0.25,0.45,2.25,1.5206906325745548,0.0
12.0,48,0.25,0.2,33,0.25,0.45,62.3125,8.48528137423857,1.0
12.0,48,0.25,0.2,34,0.25,0.45,78.8125,8.48528137423857,1.0
12.0,48,0.25,0.2,35,0.25,0.45,42.625,6.600189391222043,1.0
12.0,48,0.25,0.2,36,0.25,0.45,25.875,5.852349955359813,0.0
12.0,48,0.25,0.2,37,0.25,0.45,23.125,6.708203932499369,0.0
12.0,48,0.25,0.2,38,0.25,0.45,0.8125,0.7905694150420949,0.0
12.0,48,0.25,0.2,39,0.25,0.45,44.75,8.139410298049853,0.0
12.0,48,0.25,0.2,40,0.25,0.45,25.25,6.082762530298219,0.0
12.0,48,0.25,0.2,41,0.25,0.45,67.6875,8.31038506929733,1.0
12.0,48,0.25,0.2,42,0.25,0.45,82.75,8.48528137423857,1.0
12.0,48,0.25,0.2,43,0.25,0.45,61.0625,8.31038506929733,1.0
12.0,48,0.25,0.2,44,0.25,0.45,56.8125,8.48528137423857,0.0
12.0,48,0.25,0.2,45,0.25,0.45,64.9375,7.810249675906654,0.0
12.0,48,0.25,0.2,46,0.25,0.45,45.4375,8.48528137423857,1.0
12.0,48,0.25,0.2,47,0.25,0.45,52.5625,7.810249675906654,0.0
12.0,48,0.25,0.2,48,0.25,0.45,50.75,8.48528137423857,1.0
12.0,48,0.25,0.2,49,0.25,0.45,8.0,3.400367627183861,0.0
12.0,48,0.25,0.2,50,0.25,0.45,1.375,1.118033988749895,0.0
12.0,48,0.25,0.2,51,0.25,0.45,60.4375,7.810249675906654,1.0
12.0,48,0.25,0.2,52,0.25,0.45,7.75,2.9261749776799064,0.0
12.0,48,0.25,0.2,53,0.25,0.45,8.0625,3.1622776601683795,0.0
12.0,48,0.25,0.2,54,0.25,0.45,63.8125,7.810249675906654,0.0
12.0,48,0.25,0.2,55,0.25,0.45,99.1875,8.48528137423857,1.0
12.0,48,0.25,0.2,56,0.25,0.45,6.875,4.100304866714182,0.0
12.0,48,0.25,0.2,57,0.25,0.45,28.75,6.600189391222043,0.0
12.0,48,0.25,0.2,58,0.25,0.45,62.5625,7.652613932506983,1.0
12.0,48,0.25,0.2,59,0.25,0.45,7.1875,3.824264635194589,0.0
12.0,48,0.25,0.2,60,0.25,0.45,41.8125,7.079901129253148,0.0
12.0,48,0.25,0.2,61,0.25,0.45,85.0625,8.31038506929733,1.0
12.0,48,0.25,0.2,62,0.25,0.45,4.0,1.9525624189766635,0.0
12.0,48,0.25,0.2,63,0.25,0.45,65.375,7.652613932506983,1.0
12.0,48,0.25,0.2,64,0.25,0.45,60.875,7.810249675906654,0.0
12.0,48,0.25,0.2,65,0.25,0.45,5.875,2.5495097567963922,0.0
12.0,48,0.25,0.2,66,0.25,0.45,56.4375,8.48528137423857,1.0
12.0,48,0.25,0.2,67,0.25,0.45,71.5625,8.48528137423857,1.0
12.0,48,0.25,0.2,68,0.25,0.45,49.6875,7.652613932506983,0.0
12.0,48,0.25,0.2,69,0.25,0.45,75.1875,7.810249675906654,1.0
12.0,48,0.25,0.2,70,0.25,0.45,1.1875,1.0,0.0
12.0,48,0.25,0.2,71,0.25,0.45,37.1875,6.656763477847174,0.0
12.0,48,0.25,0.2,72,0.25,0.45,15.25,6.408002808988148,0.0
12.0,48,0.25,0.2,73,0.25,0.45,12.4375,4.924428900898052,0.0
12.0,48,0.25,0.2,74,0.25,0.45,34.0625,7.075485849042453,0.0
12.0,48,0.25,0.2,75,0.25,0.45,64.75,8.48528137423857,0.0
12.0,48,0.25,0.2,76,0.25,0.45,71.875,7.810249675906654,1.0
12.0,48,0.25,0.2,77,0.25,0.45,57.375,8.48528137423857,0.0
12.0,48,0.25,0.2,78,0.25,0.45,47.5,7.5,1.0
12.0,48,0.25,0.2,79,0.25,0.45,44.4375,6.082762530298219,0.0
12.0,48,0.25,0.2,80,0.25,0.45,3.0625,2.1505813167606567,0.0
12.0,48,0.25,0.2,81,0.25,0.45,81.8125,8.48528137423857,1.0
12.0,48,0.25,0.2,82,0.25,0.45,30.375,6.485560885536423,0.0
12.0,48,0.25,0.2,83,0.25,0.45,66.5,6.708203932499369,1.0
12.0,48,0.25,0.2,84,0.25,0.45,74.8125,8.48528137423857,1.0
12.0,48,0.25,0.2,85,0.25,0.45,39.1875,6.373774391990981,0.0
12.0,48,0.25,0.2,86,0.25,0.45,48.4375,8.48528137423857,1.0
12.0,48,0.25,0.2,87,0.25,0.45,90.1875,8.139410298049853,1.0
12.0,48,0.25,0.2,88,0.25,0.45,72.375,8.48528137423857,1.0
12.0,48,0.25,0.2,89,0.25,0.45,2.875,1.5206906325745548,0.0
12.0,48,0.25,0.2,90,0.25,0.45,39.125,7.810249675906654,0.0
12.0,48,0.25,0.2,91,0.25,0.45,54.875,7.810249675906654,1.0
12.0,48,0.25,0.2,92,0.25,0.45,5.3125,3.3634060117684275,0.0
12.0,48,0.25,0.2,93,0.25,0.45,51.5,7.352720584926371,1.0
12.0,48,0.25,0.2,94,0.25,0.45,1.375,1.25,0.0
12.0,48,0.25,0.2,95,0.25,0.45,2.5,1.4577379737113252,0.0
12.0,48,0.25,0.2,96,0.25,0.45,54.0,7.352720584926371,0.0
12.0,48,0.25,0.2,97,0.25,0.45,59.1875,8.48528137423857,1.0
12.0,48,0.25,0.2,98,0.25,0.45,46.5625,7.1501748230375455,0.0
12.0,48,0.25,0.2,99,0.25,0.45,59.75,7.652613932506983,1.0
12.0,48,0.25,0.2,100,0.25,0.45,70.25,8.48528137423857,0.0
12.0,48,0.25,0.2,101,0.25,0.45,20.6875,5.367727638395972,0.0
12.0,48,0.25,0.2,102,0.25,0.45,75.3125,8.48528137423857,1.0
12.0,48,0.25,0.2,103,0.25,0.45,69.125,8.48528137423857,0.0
12.0,48,0.25,0.2,104,0.25,0.45,13.9375,4.5069390943299865,0.0
12.0,48,0.25,0.2,105,0.25,0.45,2.75,2.0155644370746373,0.0
12.0,48,0.25,0.2,106,0.25,0.45,80.125,8.48528137423857,1.0
12.0,48,0.25,0.2,107,0.25,0.45,53.9375,7.5,1.0
12.0,48,0.25,0.2,108,0.25,0.45,59.25,8.31038506929733,0.0
12.0,48,0.25,0.2,109,0.25,0.45,68.625,7.6198753270640855,1.0
12.0,48,0.25,0.2,110,0.25,0.45,30.75,6.950719387228922,0.0
12.0,48,0.25,0.2,111,0.25,0.45,83.5625,8.48528137423857,1.0
12.0,48,0.25,0.2,112,0.25,0.45,23.0625,6.128825336065631,0.0
12.0,48,0.25,0.2,113,0.25,0.45,55.125,7.433034373659253,0.0
12.0,48,0.25,0.2,114,0.25,0.45,44.9375,7.106335201775948,0.0
12.0,48,0.25,0.2,115,0.25,0.45,3.125,2.0615528128088303,0.0
12.0,48,0.25,0.2,116,0.25,0.45,25.75,6.5,0.0
12.0,48,0.25,0.2,117,0.25,0.45,60.1875,8.48528137423857,1.0
12.0,48,0.25,0.2,118,0.25,0.45,57.0625,7.810249675906654,1.0
12.0,48,0.25,0.2,119,0.25,0.45,73.8125,7.9726093595509875,1.0
12.0,48,0.25,0.2,120,0.25,0.45,35.0625,6.408002808988148,0.0
12.0,48,0.25,0.2,121,0.25,0.45,2.625,1.4577379737113252,0.0
12.0,48,0.25,0.2,122,0.25,0.45,54.8125,7.1501748230375455,0.0
12.0,48,0.25,0.2,123,0.25,0.45,41.1875,6.324555320336759,0.0
12.0,48,0.25,0.2,124,0.25,0.45,41.0,6.914658342969665,0.0
12.0,48,0.25,0.2,125,0.25,0.45,77.6875,8.139410298049853,1.0
12.0,48,0.25,0.2,126,0.25,0.45,1.0,0.9013878188659973,0.0
12.0,48,0.25,0.2,127,0.25,0.45,57.5625,8.31038506929733,0.0
12.0,48,0.25,0.2,128,0.25,0.45,64.0625,7.211102550927978,0.0
12.0,48,0.25,0.2,129,0.25,0.45,75.0625,8.48528137423857,1.0
12.0,48,0.25,0.2,130,0.25,0.45,1.3125,1.0606601717798212,0.0
12.0,48,0.25,0.2,131,0.25,0.45,20.5625,7.352720584926371,0.0
12.0,48,0.25,0.2,132,0.25,0.45,79.0625,7.810249675906654,1.0
12.0,48,0.25,0.2,133,0.25,0.45,39.4375,6.823672031978091,0.0
12.0,48,0.25,0.2,134,0.25,0.45,23.4375,6.946221994724902,0.0
12.0,48,0.25,0.2,135,0.25,0.45,49.1875,7.9726093595509875,0.0
12.0,48,0.25,0.2,136,0.25,0.45,56.1875,8.48528137423857,0.0
12.0,48,0.25,0.2,137,0.25,0.45,16.3125,5.25594901040716,0.0
12.0,48,0.25,0.2,138,0.25,0.45,64.8125,7.6198753270640855,1.0
12.0,48,0.25,0.2,139,0.25,0.45,63.0625,8.139410298049853,0.0
12.0,48,0.25,0.2,140,0.25,0.45,38.9375,8.139410298049853,0.0
12.0,48,0.25,0.2,141,0.25,0.45,18.3125,5.460082416960389,0.0
12.0,48,0.25,0.2,142,0.25,0.45,2.1875,1.6770509831248424,0.0
12.0,48,0.25,0.2,143,0.25,0.45,28.625,8.31038506929733,0.0
12.0,48,0.25,0.2,144,0.25,0.45,51.9375,7.9726093595509875,1.0
12.0,48,0.25,0.2,145,0.25,0.45,70.9375,8.31038506929733,1.0
12.0,48,0.25,0.2,146,0.25,0.45,59.125,8.48528137423857,0.0
12.0,48,0.25,0.2,147,0.25,0.45,69.8125,8.31038506929733,0.0
12.0,48,0.25,0.2,148,0.25,0.45,46.875,6.864765108872991,1.0
12.0,48,0.25,0.2,149,0.25,0.45,47.5,8.48528137423857,0.0
12.0,48,0.25,0.2,150,0.25,0.45,73.4375,8.139410298049853,1.0
12.0,48,0.25,0.2,151,0.25,0.45,50.875,7.352720584926371,1.0
12.0,48,0.25,0.2,152,0.25,0.45,55.0625,7.810249675906654,1.0
12.0,48,0.25,0.2,153,0.25,0.45,80.125,8.48528137423857,1.0
12.0,48,0.25,0.2,154,0.25,0.45,44.125,7.810249675906654,0.0
12.0,48,0.25,0.2,155,0.25,0.45,65.6875,8.48528137423857,0.0
12.0,48,0.25,0.2,156,0.25,0.45,77.8125,7.810249675906654,1.0
12.0,48,0.25,0.2,157,0.25,0.45,67.5625,7.211102550927978,1.0
12.0,48,0.25,0.2,158,0.25,0.45,26.875,7.9726093595509875,0.0
12.0,48,0.25,0.2,159,0.25,0.45,88.1875,8.48528137423857,1.0
12.0,48,0.25,0.2,160,0.25,0.45,35.5,7.5,0.0
12.0,48,0.25,0.2,161,0.25,0.45,80.125,8.48528137423857,1.0
12.0,48,0.25,0.2,162,0.25,0.45,34.8125,7.075485849042453,0.0
12.0,48,0.25,0.2,163,0.25,0.45,89.4375,8.48528137423857,1.0
12.0,48,0.25,0.2,164,0.25,0.45,52.4375,7.075485849042453,0.0
12.0,48,0.25,0.2,165,0.25,0.45,68.6875,7.9726093595509875,0.0
12.0,48,0.25,0.2,166,0.25,0.45,68.75,7.9726093595509875,0.0
12.0,48,0.25,0.2,167,0.25,0.45,60.5625,7.9726093595509875,0.0
12.0,48,0.25,0.2,168,0.25,0.45,37.4375,7.652613932506983,0.0
12.0,48,0.25,0.2,169,0.25,0.45,67.75,8.48528137423857,1.0
12.0,48,0.25,0.2,170,0.25,0.45,2.0625,1.118033988749895,0.0
12.0,48,0.25,0.2,171,0.25,0.45,55.0,8.48528137423857,0.0
12.0,48,0.25,0.2,172,0.25,0.45,57.75,7.9726093595509875,1.0
12.0,48,0.25,0.2,173,0.25,0.45,10.25,3.783186487605389,0.0
12.0,48,0.25,0.2,174,0.25,0.45,73.3125,8.48528137423857,1.0
12.0,48,0.25,0.2,175,0.25,0.45,60.9375,8.48528137423857,0.0
12.0,48,0.25,0.2,176,0.25,0.45,48.0625,7.810249675906654,0.0
12.0,48,0.25,0.2,177,0.25,0.45,65.5,8.31038506929733,1.0
12.0,48,0.25,0.2,178,0.25,0.45,69.25,8.48528137423857,0.0
12.0,48,0.25,0.2,179,0.25,0.45,71.9375,7.9726093595509875,1.0
12.0,48,0.25,0.2,180,0.25,0.45,57.4375,8.48528137423857,1.0
12.0,48,0.25,0.2,181,0.25,0.45,62.75,7.810249675906654,1.0
12.0,48,0.25,0.2,182,0.25,0.45,47.625,8.48528137423857,0.0
12.0,48,0.25,0.2,183,0.25,0.45,14.75,4.366062299143245,0.0
12.0,48,0.25,0.2,184,0.25,0.45,72.5625,8.48528137423857,1.0
12.0,48,0.25,0.2,185,0.25,0.45,65.5,8.31038506929733,1.0
12.0,48,0.25,0.2,186,0.25,0.45,2.5625,1.8200274723201295,0.0
12.0,48,0.25,0.2,187,0.25,0.45,62.8125,8.48528137423857,1.0
12.0,48,0.25,0.2,188,0.25,0.45,59.4375,8.48528137423857,1.0
12.0,48,0.25,0.2,189,0.25,0.45,53.6875,7.652613932506983,1.0
12.0,48,0.25,0.2,190,0.25,0.45,65.5,7.9726093595509875,0.0
12.0,48,0.25,0.2,191,0.25,0.45,6.8125,2.6100766272276377,0.0
12.0,48,0.25,0.2,192,0.25,0.45,71.125,8.31038506929733,1.0
12.0,48,0.25,0.2,193,0.25,0.45,57.6875,6.600189391222043,1.0
12.0,48,0.25,0.2,194,0.25,0.45,30.1875,8.139410298049853,0.0
12.0,48,0.25,0.2,195,0.25,0.45,61.375,8.48528137423857,1.0
12.0,48,0.25,0.2,196,0.25,0.45,48.9375,7.652613932506983,0.0
12.0,48,0.25,0.2,197,0.25,0.45,19.75,5.830951894845301,0.0
12.0,48,0.25,0.2,198,0.25,0.45,65.875,8.31038506929733,1.0
12.0,48,0.25,0.2,199,0.25,0.45,80.0,7.810249675906654,1.0
12.0,48,0.25,0.2,200,0.25,0.45,63.5,8.48528137423857,1.0
12.0,48,0.25,0.2,201,0.25,0.45,56.5625,7.5,0.0
12.0,48,0.25,0.2,202,0.25,0.45,79.3125,8.48528137423857,1.0
12.0,48,0.25,0.2,203,0.25,0.45,69.875,8.48528137423857,0.0
12.0,48,0.25,0.2,204,0.25,0.45,66.125,8.48528137423857,0.0
12.0,48,0.25,0.2,205,0.25,0.45,74.75,8.48528137423857,1.0
12.0,48,0.25,0.2,206,0.25,0.45,86.0625,8.48528137423857,1.0
12.0,48,0.25,0.2,207,0.25,0.45,38.0,6.600189391222043,1.0
12.0,48,0.25,0.2,208,0.25,0.45,79.375,8.48528137423857,1.0
12.0,48,0.25,0.2,209,0.25,0.45,36.5625,8.48528137423857,1.0
12.0,48,0.25,0.2,210,0.25,0.45,2.25,1.5811388300841898,0.0
12.0,48,0.25,0.2,211,0.25,0.45,60.125,8.48528137423857,0.0
12.0,48,0.25,0.2,212,0.25,0.45,58.75,8.139410298049853,1.0
12.0,48,0.25,0.2,213,0.25,0.45,58.25,8.48528137423857,0.0
12.0,48,0.25,0.2,214,0.25,0.45,63.0625,7.652613932506983,1.0
12.0,48,0.25,0.2,215,0.25,0.45,25.9375,7.6198753270640855,0.0
12.0,48,0.25,0.2,216,0.25,0.45,67.8125,8.139410298049853,1.0
12.0,48,0.25,0.2,217,0.25,0.45,22.625,6.082762530298219,0.0
12.0,48,0.25,0.2,218,0.25,0.45,5.125,3.092329219213245,0.0
12.0,48,0.25,0.2,219,0.25,0.45,65.1875,8.48528137423857,0.0
12.0,48,0.25,0.2,220,0.25,0.45,14.25,6.604922406811453,0.0
12.0,48,0.25,0.2,221,0.25,0.45,48.8125,8.31038506929733,0.0
12.0,48,0.25,0.2,222,0.25,0.45,59.4375,6.708203932499369,1.0
12.0,48,0.25,0.2,223,0.25,0.45,1.0625,1.0307764064044151,0.0
12.0,48,0.25,0.2,224,0.25,0.45,95.4375,8.48528137423857,1.0
12.0,48,0.25,0.2,225,0.25,0.45,72.8125,8.139410298049853,1.0
12.0,48,0.25,0.2,226,0.25,0.45,64.3125,8.31038506929733,1.0
12.0,48,0.25,0.2,227,0.25,0.45,73.4375,7.6198753270640855,1.0
12.0,48,0.25,0.2,228,0.25,0.45,34.875,7.652613932506983,0.0
12.0,48,0.25,0.2,229,0.25,0.45,47.4375,8.48528137423857,0.0
12.0,48,0.25,0.2,230,0.25,0.45,10.5,5.153882032022076,0.0
12.0,48,0.25,0.2,231,0.25,0.45,44.875,7.5,0.0
12.0,48,0.25,0.2,232,0.25,0.45,80.875,8.48528137423857,1.0
12.0,48,0.25,0.2,233,0.25,0.45,22.75,6.600189391222043,0.0
12.0,48,0.25,0.2,234,0.25,0.45,61.375,8.48528137423857,1.0
12.0,48,0.25,0.2,235,0.25,0.45,67.75,8.48528137423857,1.0
12.0,48,0.25,0.2,236,0.25,0.45,93.875,7.9726093595509875,1.0
12.0,48,0.25,0.2,237,0.25,0.45,65.9375,7.810249675906654,1.0
12.0,48,0.25,0.2,238,0.25,0.45,65.5,8.48528137423857,0.0
12.0,48,0.25,0.2,239,0.25,0.45,45.1875,8.139410298049853,1.0
12.0,48,0.25,0.2,240,0.25,0.45,10.875,5.303300858899107,0.0
12.0,48,0.25,0.2,241,0.25,0.45,19.9375,6.946221994724902,0.0
12.0,48,0.25,0.2,242,0.25,0.45,73.0625,8.139410298049853,1.0
12.0,48,0.25,0.2,243,0.25,0.45,3.5625,2.1505813167606567,0.0
12.0,48,0.25,0.2,244,0.25,0.45,64.5625,8.139410298049853,1.0
12.0,48,0.25,0.2,245,0.25,0.45,3.1875,2.0615528128088303,0.0
12.0,48,0.25,0.2,246,0.25,0.45,45.625,8.48528137423857,0.0
12.0,48,0.25,0.2,247,0.25,0.45,26.1875,7.075485849042453,0.0
12.0,48,0.25,0.2,248,0.25,0.45,78.375,8.48528137423857,1.0
12.0,48,0.25,0.2,249,0.25,0.45,56.5,8.48528137423857,1.0
12.0,48,0.25,0.2,250,0.25,0.45,25.125,7.1501748230375455,0.0
12.0,48,0.25,0.2,251,0.25,0.45,71.0625,7.9726093595509875,1.0
12.0,48,0.25,0.2,252,0.25,0.45,54.0625,7.810249675906654,0.0
12.0,48,0.25,0.2,253,0.25,0.45,75.5625,8.48528137423857,1.0
12.0,48,0.25,0.2,254,0.25,0.45,40.125,7.075485849042453,1.0
12.0,48,0.25,0.2,255,0.25,0.45,1.6875,1.4577379737113252,0.0
12.0,48,0.25,0.2,256,0.25,0.45,62.375,8.48528137423857,1.0
12.0,48,0.25,0.2,257,0.25,0.45,37.1875,6.823672031978091,1.0
12.0,48,0.25,0.2,258,0.25,0.45,70.625,7.433034373659253,1.0
12.0,48,0.25,0.2,259,0.25,0.45,68.75,7.211102550927978,0.0
12.0,48,0.25,0.2,260,0.25,0.45,12.5,5.522680508593631,0.0
12.0,48,0.25,0.2,261,0.25,0.45,23.6875,6.864765108872991,0.0
12.0,48,0.25,0.2,262,0.25,0.45,76.4375,8.31038506929733,1.0
12.0,48,0.25,0.2,263,0.25,0.45,39.1875,7.9726093595509875,0.0
12.0,48,0.25,0.2,264,0.25,0.45,28.1875,7.810249675906654,0.0
12.0,48,0.25,0.2,265,0.25,0.45,13.6875,5.006246098625197,0.0
12.0,48,0.25,0.2,266,0.25,0.45,52.875,8.139410298049853,1.0
12.0,48,0.25,0.2,267,0.25,0.45,41.125,8.139410298049853,1.0
12.0,48,0.25,0.2,268,0.25,0.45,74.1875,8.31038506929733,1.0
12.0,48,0.25,0.2,269,0.25,0.45,78.4375,8.48528137423857,1.0
12.0,48,0.25,0.2,270,0.25,0.45,67.4375,8.48528137423857,0.0
12.0,48,0.25,0.2,271,0.25,0.45,6.1875,2.7613402542968153,0.0
12.0,48,0.25,0.2,272,0.25,0.45,64.0,8.48528137423857,1.0
12.0,48,0.25,0.2,273,0.25,0.45,55.0625,8.31038506929733,1.0
12.0,48,0.25,0.2,274,0.25,0.45,30.875,8.48528137423857,0.0
12.0,48,0.25,0.2,275,0.25,0.45,15.5,7.810249675906654,0.0
12.0,48,0.25,0.2,276,0.25,0.45,68.0,8.31038506929733,1.0
12.0,48,0.25,0.2,277,0.25,0.45,62.75,7.433034373659253,1.0
12.0,48,0.25,0.2,278,0.25,0.45,40.625,7.9726093595509875,0.0
12.0,48,0.25,0.2,279,0.25,0.45,55.1875,8.139410298049853,0.0
12.0,48,0.25,0.2,280,0.25,0.45,55.0,7.5,0.0
12.0,48,0.25,0.2,281,0.25,0.45,70.75,8.31038506929733,1.0
12.0,48,0.25,0.2,282,0.25,0.45,60.6875,8.48528137423857,1.0
12.0,48,0.25,0.2,283,0.25,0.45,2.75,1.5206906325745548,0.0
12.0,48,0.25,0.2,284,0.25,0.45,1.6875,1.0307764064044151,0.0
12.0,48,0.25,0.2,285,0.25,0.45,66.9375,8.48528137423857,0.0
12.0,48,0.25,0.2,286,0.25,0.45,44.5625,7.106335201775948,1.0
12.0,48,0.25,0.2,287,0.25,0.45,69.3125,7.9726093595509875,1.0
12.0,48,0.25,0.2,288,0.25,0.45,36.375,6.128825336065631,0.0
12.0,48,0.25,0.2,289,0.25,0.45,72.8125,7.9726093595509875,0.0
12.0,48,0.25,0.2,290,0.25,0.45,51.1875,8.48528137423857,1.0
12.0,48,0.25,0.2,291,0.25,0.45,44.3125,8.48528137423857,0.0
12.0,48,0.25,0.2,292,0.25,0.45,70.1875,7.6198753270640855,1.0
12.0,48,0.25,0.2,293,0.25,0.45,50.8125,8.139410298049853,0.0
12.0,48,0.25,0.2,294,0.25,0.45,58.8125,7.5,1.0
12.0,48,0.25,0.2,295,0.25,0.45,44.625,7.075485849042453,1.0
12.0,48,0.25,0.2,296,0.25,0.45,28.0,5.706356105256663,0.0
12.0,48,0.25,0.2,297,0.25,0.45,64.375,8.48528137423857,1.0
12.0,48,0.25,0.2,298,0.25,0.45,69.6875,7.9726093595509875,1.0
12.0,48,0.25,0.2,299,0.25,0.45,29.875,6.600189391222043,1.0
24.0,96,0.25,1.2,0,0.25,1.45,1.8125,1.5206906325745548,0.0
24.0,96,0.25,1.2,1,0.25,1.45,13.5,7.198090024443984,0.0
24.0,96,0.25,1.2,2,0.25,1.45,13.625,5.7118298293979315,0.0
24.0,96,0.25,1.2,3,0.25,1.45,10.0,5.5901699437494745,0.0
24.0,96,0.25,1.2,4,0.25,1.45,3.375,2.0615528128088303,0.0
24.0,96,0.25,1.2,5,0.25,1.45,0.875,0.7905694150420949,0.0
24.0,96,0.25,1.2,6,0.25,1.45,2.9375,1.5811388300841898,0.0
24.0,96,0.25,1.2,7,0.25,1.45,6.75,3.3541019662496847,0.0
24.0,96,0.25,1.2,8,0.25,1.45,8.25,4.100304866714182,0.0
24.0,96,0.25,1.2,9,0.25,1.45,3.875,2.5495097567963922,0.0
24.0,96,0.25,1.2,10,0.25,1.45,2.0625,1.4577379737113252,0.0
24.0,96,0.25,1.2,11,0.25,1.45,6.8125,2.2638462845343543,0.0
24.0,96,0.25,1.2,12,0.25,1.45,7.375,2.5,0.0
24.0,96,0.25,1.2,13,0.25,1.45,10.6875,3.640054944640259,0.0
24.0,96,0.25,1.2,14,0.25,1.45,18.9375,5.408326913195984,0.0
24.0,96,0.25,1.2,15,0.25,1.45,10.9375,4.366062299143245,0.0
24.0,96,0.25,1.2,16,0.25,1.45,10.6875,6.519202405202649,0.0
24.0,96,0.25,1.2,17,0.25,1.45,24.875,9.762812094883317,0.0
24.0,96,0.25,1.2,18,0.25,1.45,1.75,1.118033988749895,0.0
24.0,96,0.25,1.2,19,0.25,1.45,4.3125,3.5089172119045497,0.0
24.0,96,0.25,1.2,20,0.25,1.45,2.375,1.6007810593582121,0.0
24.0,96,0.25,1.2,21,0.25,1.45,1.6875,1.6770509831248424,0.0
24.0,96,0.25,1.2,22,0.25,1.45,1.25,1.25,0.0
24.0,96,0.25,1.2,23,0.25,1.45,1.6875,1.118033988749895,0.0
24.0,96,0.25,1.2,24,0.25,1.45,17.8125,5.202163011671203,0.0
24.0,96,0.25,1.2,25,0.25,1.45,7.125,3.25,0.0
24.0,96,0.25,1.2,26,0.25,1.45,1.75,1.346291201783626,0.0
24.0,96,0.25,1.2,27,0.25,1.45,6.3125,3.473110997362451,0.0
24.0,96,0.25,1.2,28,0.25,1.45,2.3125,1.7677669529663689,0.0
24.0,96,0.25,1.2,29,0.25,1.45,11.25,6.051859218455102,0.0
24.0,96,0.25,1.2,30,0.25,1.45,8.3125,2.9154759474226504,0.0
24.0,96,0.25,1.2,31,0.25,1.45,10.5625,6.010407640085654,0.0
24.0,96,0.25,1.2,32,0.25,1.45,12.6875,3.5355339059327378,0.0
24.0,96,0.25,1.2,33,0.25,1.45,2.5625,1.6007810593582121,0.0
24.0,96,0.25,1.2,34,0.25,1.45,10.25,5.522680508593631,0.0
24.0,96,0.25,1.2,35,0.25,1.45,0.625,0.5590169943749475,0.0
24.0,96,0.25,1.2,36,0.25,1.45,10.125,3.5089172119045497,0.0
24.0,96,0.25,1.2,37,0.25,1.45,4.0,1.9039432764659772,0.0
24.0,96,0.25,1.2,38,0.25,1.45,5.8125,3.816084380618437,0.0
24.0,96,0.25,1.2,39,0.25,1.45,3.375,1.9525624189766635,0.0
24.0,96,0.25,1.2,40,0.25,1.45,11.25,4.031128874149275,0.0
24.0,96,0.25,1.2,41,0.25,1.45,17.75,6.946221994724902,0.0
24.0,96,0.25,1.2,42,0.25,1.45,8.625,4.366062299143245,0.0
24.0,96,0.25,1.2,43,0.25,1.45,4.5625,1.9039432764659772,0.0
24.0,96,0.25,1.2,44,0.25,1.45,30.3125,10.957303500405564,0.0
24.0,96,0.25,1.2,45,0.25,1.45,14.875,4.697073557013984,0.0
24.0,96,0.25,1.2,46,0.25,1.45,1.4375,1.118033988749895,0.0
24.0,96,0.25,1.2,47,0.25,1.45,6.0625,4.0697051490249265,0.0
24.0,96,0.25,1.2,48,0.25,1.45,2.5625,1.9039432764659772,0.0
24.0,96,0.25,1.2,49,0.25,1.45,8.875,4.16082924427331,0.0
24.0,96,0.25,1.2,50,0.25,1.45,17.125,9.222933372848358,0.0
24.0,96,0.25,1.2,51,0.25,1.45,4.875,2.5,0.0
24.0,96,0.25,1.2,52,0.25,1.45,3.875,3.5089172119045497,0.0
24.0,96,0.25,1.2,53,0.25,1.45,6.125,2.5124689052802225,0.0
24.0,96,0.25,1.2,54,0.25,1.45,9.8125,5.0990195135927845,0.0
24.0,96,0.25,1.2,55,0.25,1.45,2.75,2.0615528128088303,0.0
24.0,96,0.25,1.2,56,0.25,1.45,12.5625,4.6097722286464435,0.0
24.0,96,0.25,1.2,57,0.25,1.45,4.625,3.010398644698074,0.0
24.0,96,0.25,1.2,58,0.25,1.45,5.3125,3.092329219213245,0.0
24.0,96,0.25,1.2,59,0.25,1.45,1.1875,1.25,0.0
24.0,96,0.25,1.2,60,0.25,1.45,1.625,1.25,0.0
24.0,96,0.25,1.2,61,0.25,1.45,3.4375,2.7950849718747373,0.0
24.0,96,0.25,1.2,62,0.25,1.45,1.1875,0.7905694150420949,0.0
24.0,96,0.25,1.2,63,0.25,1.45,3.625,2.0155644370746373,0.0
24.0,96,0.25,1.2,64,0.25,1.45,2.875,2.0615528128088303,0.0
24.0,96,0.25,1.2,65,0.25,1.45,4.0625,2.3717082451262845,0.0
24.0,96,0.25,1.2,66,0.25,1.45,3.75,2.3717082451262845,0.0
24.0,96,0.25,1.2,67,0.25,1.45,1.0625,0.7905694150420949,0.0
24.0,96,0.25,1.2,68,0.25,1.45,17.0625,9.253377761660873,0.0
24.0,96,0.25,1.2,69,0.25,1.45,14.4375,6.914658342969665,0.0
24.0,96,0.25,1.2,70,0.25,1.45,1.875,1.346291201783626,0.0
24.0,96,0.25,1.2,71,0.25,1.45,0.875,0.75,0.0
24.0,96,0.25,1.2,72,0.25,1.45,20.25,6.294839156007086,0.0
24.0,96,0.25,1.2,73,0.25,1.45,1.5,1.346291201783626,0.0
24.0,96,0.25,1.2,74,0.25,1.45,1.9375,1.2747548783981961,0.0
24.0,96,0.25,1.2,75,0.25,1.45,1.9375,1.25,0.0
24.0,96,0.25,1.2,76,0.25,1.45,23.0,7.9726093595509875,0.0
24.0,96,0.25,1.2,77,0.25,1.45,2.9375,2.3048861143232218,0.0
24.0,96,0.25,1.2,78,0.25,1.45,3.375,2.23606797749979,0.0
24.0,96,0.25,1.2,79,0.25,1.45,8.1875,3.605551275463989,0.0
24.0,96,0.25,1.2,80,0.25,1.45,3.0,1.4577379737113252,0.0
24.0,96,0.25,1.2,81,0.25,1.45,24.125,9.370832406995657,0.0
24.0,96,0.25,1.2,82,0.25,1.45,3.6875,2.9261749776799064,0.0
24.0,96,0.25,1.2,83,0.25,1.45,9.4375,3.5355339059327378,0.0
24.0,96,0.25,1.2,84,0.25,1.45,2.0625,1.4577379737113252,0.0
24.0,96,0.25,1.2,85,0.25,1.45,0.8125,0.7071067811865476,0.0
24.0,96,0.25,1.2,86,0.25,1.45,0.8125,0.7905694150420949,0.0
24.0,96,0.25,1.2,87,0.25,1.45,7.3125,3.3541019662496847,0.0
24.0,96,0.25,1.2,88,0.25,1.45,3.625,3.010398644698074,0.0
24.0,96,0.25,1.2,89,0.25,1.45,16.125,5.482928049865327,0.0
24.0,96,0.25,1.2,90,0.25,1.45,1.5,1.0307764064044151,0.0
24.0,96,0.25,1.2,91,0.25,1.45,17.0625,6.051859218455102,0.0
24.0,96,0.25,1.2,92,0.25,1.45,5.625,2.9261749776799064,0.0
24.0,96,0.25,1.2,93,0.25,1.45,11.375,4.257346591481601,0.0
24.0,96,0.25,1.2,94,0.25,1.45,10.25,5.50567888638631,0.0
24.0,96,0.25,1.2,95,0.25,1.45,4.125,2.4748737341529163,0.0
24.0,96,0.25,1.2,96,0.25,1.45,10.375,5.031152949374527,0.0
24.0,96,0.25,1.2,97,0.25,1.45,9.0625,3.2596012026013246,0.0
24.0,96,0.25,1.2,98,0.25,1.45,7.5,4.828301978956992,0.0
24.0,96,0.25,1.2,99,0.25,1.45,10.8125,4.650268809434569,0.0
24.0,96,0.25,1.2,100,0.25,1.45,12.8125,3.952847075210474,0.0
24.0,96,0.25,1.2,101,0.25,1.45,4.875,2.75,0.0
24.0,96,0.25,1.2,102,0.25,1.45,3.6875,3.3354160160315836,0.0
24.0,96,0.25,1.2,103,0.25,1.45,7.9375,4.2793106921559225,0.0
24.0,96,0.25,1.2,104,0.25,1.45,8.3125,3.0413812651491097,0.0
24.0,96,0.25,1.2,105,0.25,1.45,4.3125,2.1360009363293826,0.0
24.0,96,0.25,1.2,106,0.25,1.45,2.25,1.8027756377319946,0.0
24.0,96,0.25,1.2,107,0.25,1.45,2.625,1.8200274723201295,0.0
24.0,96,0.25,1.2,108,0.25,1.45,2.5625,1.7677669529663689,0.0
24.0,96,0.25,1.2,109,0.25,1.45,3.9375,2.3048861143232218,0.0
24.0,96,0.25,1.2,110,0.25,1.45,3.75,1.9039432764659772,0.0
24.0,96,0.25,1.2,111,0.25,1.45,1.75,1.346291201783626,0.0
24.0,96,0.25,1.2,112,0.25,1.45,24.875,6.269968101992227,0.0
24.0,96,0.25,1.2,113,0.25,1.45,5.625,3.952847075210474,0.0
24.0,96,0.25,1.2,114,0.25,1.45,2.0625,1.5811388300841898,0.0
24.0,96,0.25,1.2,115,0.25,1.45,5.5625,3.010398644698074,0.0
24.0,96,0.25,1.2,116,0.25,1.45,0.625,0.5590169943749475,0.0
24.0,96,0.25,1.2,117,0.25,1.45,3.4375,2.2638462845343543,0.0
24.0,96,0.25,1.2,118,0.25,1.45,15.125,7.198090024443984,0.0
24.0,96,0.25,1.2,119,0.25,1.45,6.5,5.303300858899107,0.0
24.0,96,0.25,1.2,120,0.25,1.45,8.8125,3.553167600887974,0.0
24.0,96,0.25,1.2,121,0.25,1.45,5.3125,3.2596012026013246,0.0
24.0,96,0.25,1.2,122,0.25,1.45,1.875,1.8027756377319946,0.0
24.0,96,0.25,1.2,123,0.25,1.45,26.9375,6.96419413859206,0.0
24.0,96,0.25,1.2,124,0.25,1.45,3.875,2.3048861143232218,0.0
24.0,96,0.25,1.2,125,0.25,1.45,1.4375,1.25,0.0
24.0,96,0.25,1.2,126,0.25,1.45,11.3125,5.926634795564849,0.0
24.0,96,0.25,1.2,127,0.25,1.45,5.5625,2.9261749776799064,0.0
24.0,96,0.25,1.2,128,0.25,1.45,0.875,0.9013878188659973,0.0
24.0,96,0.25,1.2,129,0.25,1.45,5.75,3.020761493398643,0.0
24.0,96,0.25,1.2,130,0.25,1.45,2.9375,1.6770509831248424,0.0
24.0,96,0.25,1.2,131,0.25,1.45,0.8125,0.5590169943749475,0.0
24.0,96,0.25,1.2,132,0.25,1.45,7.125,3.400367627183861,0.0
24.0,96,0.25,1.2,133,0.25,1.45,3.1875,2.1505813167606567,0.0
24.0,96,0.25,1.2,134,0.25,1.45,7.375,3.758324094593227,0.0
24.0,96,0.25,1.2,135,0.25,1.45,0.8125,0.7905694150420949,0.0
24.0,96,0.25,1.2,136,0.25,1.45,8.3125,3.0413812651491097,0.0
24.0,96,0.25,1.2,137,0.25,1.45,0.8125,0.5590169943749475,0.0
24.0,96,0.25,1.2,138,0.25,1.45,1.625,1.346291201783626,0.0
24.0,96,0.25,1.2,139,0.25,1.45,5.375,2.9261749776799064,0.0
24.0,96,0.25,1.2,140,0.25,1.45,2.0625,1.6770509831248424,0.0
24.0,96,0.25,1.2,141,0.25,1.45,12.5625,3.905124837953327,0.0
24.0,96,0.25,1.2,142,0.25,1.45,4.375,2.9261749776799064,0.0
24.0,96,0.25,1.2,143,0.25,1.45,1.4375,1.118033988749895,0.0
24.0,96,0.25,1.2,144,0.25,1.45,8.25,3.0516389039334255,0.0
24.0,96,0.25,1.2,145,0.25,1.45,1.5,1.4577379737113252,0.0
24.0,96,0.25,1.2,146,0.25,1.45,5.25,2.7613402542968153,0.0
24.0,96,0.25,1.2,147,0.25,1.45,18.8125,7.516648189186454,0.0
24.0,96,0.25,1.2,148,0.25,1.45,3.5,2.1360009363293826,0.0
24.0,96,0.25,1.2,149,0.25,1.45,11.3125,4.911720676097125,0.0
24.0,96,0.25,1.2,150,0.25,1.45,4.6875,2.3048861143232218,0.0
24.0,96,0.25,1.2,151,0.25,1.45,0.625,0.5590169943749475,0.0
24.0,96,0.25,1.2,152,0.25,1.45,27.4375,9.089829481348922,0.0
24.0,96,0.25,1.2,153,0.25,1.45,3.375,2.23606797749979,0.0
24.0,96,0.25,1.2,154,0.25,1.45,0.9375,0.7071067811865476,0.0
24.0,96,0.25,1.2,155,0.25,1.45,8.875,3.48209706929603,0.0
24.0,96,0.25,1.2,156,0.25,1.45,2.125,1.4577379737113252,0.0
24.0,96,0.25,1.2,157,0.25,1.45,3.625,1.6770509831248424,0.0
24.0,96,0.25,1.2,158,0.25,1.45,20.3125,6.5431261641512,0.0
24.0,96,0.25,1.2,159,0.25,1.45,5.5,2.57390753524675,0.0
24.0,96,0.25,1.2,160,0.25,1.45,1.6875,1.2747548783981961,0.0
24.0,96,0.25,1.2,161,0.25,1.45,1.5625,0.7905694150420949,0.0
24.0,96,0.25,1.2,162,0.25,1.45,12.25,5.522680508593631,0.0
24.0,96,0.25,1.2,163,0.25,1.45,4.6875,1.9525624189766635,0.0
24.0,96,0.25,1.2,164,0.25,1.45,5.5625,3.3634060117684275,0.0
24.0,96,0.25,1.2,165,0.25,1.45,3.5625,1.6770509831248424,0.0
24.0,96,0.25,1.2,166,0.25,1.45,9.125,4.301162633521313,0.0
24.0,96,0.25,1.2,167,0.25,1.45,12.9375,7.504165509901817,0.0
24.0,96,0.25,1.2,168,0.25,1.45,7.125,5.482928049865327,0.0
24.0,96,0.25,1.2,169,0.25,1.45,8.3125,4.138236339311712,0.0
24.0,96,0.25,1.2,170,0.25,1.45,3.9375,2.2638462845343543,0.0
24.0,96,0.25,1.2,171,0.25,1.45,5.75,3.816084380618437,0.0
24.0,96,0.25,1.2,172,0.25,1.45,1.125,0.7905694150420949,0.0
24.0,96,0.25,1.2,173,0.25,1.45,1.75,1.346291201783626,0.0
24.0,96,0.25,1.2,174,0.25,1.45,6.25,3.783186487605389,0.0
24.0,96,0.25,1.2,175,0.25,1.45,12.625,6.5,0.0
24.0,96,0.25,1.2,176,0.25,1.45,3.125,2.704163456597992,0.0
24.0,96,0.25,1.2,177,0.25,1.45,2.4375,1.6770509831248424,0.0
24.0,96,0.25,1.2,178,0.25,1.45,7.625,3.2015621187164243,0.0
24.0,96,0.25,1.2,179,0.25,1.45,11.0,5.25594901040716,0.0
24.0,96,0.25,1.2,180,0.25,1.45,3.5625,2.9261749776799064,0.0
24.0,96,0.25,1.2,181,0.25,1.45,2.0625,1.4577379737113252,0.0
24.0,96,0.25,1.2,182,0.25,1.45,4.9375,3.69120576505835,0.0
24.0,96,0.25,1.2,183,0.25,1.45,4.5625,2.358495283014151,0.0
24.0,96,0.25,1.2,184,0.25,1.45,15.75,3.952847075210474,0.0
24.0,96,0.25,1.2,185,0.25,1.45,1.25,1.0307764064044151,0.0
24.0,96,0.25,1.2,186,0.25,1.45,5.5,2.462214450449026,0.0
24.0,96,0.25,1.2,187,0.25,1.45,4.9375,3.2596012026013246,0.0
24.0,96,0.25,1.2,188,0.25,1.45,1.75,1.25,0.0
24.0,96,0.25,1.2,189,0.25,1.45,0.6875,0.7071067811865476,0.0
24.0,96,0.25,1.2,190,0.25,1.45,4.5,2.850438562747845,0.0
24.0,96,0.25,1.2,191,0.25,1.45,2.9375,1.6770509831248424,0.0
24.0,96,0.25,1.2,192,0.25,1.45,0.875,0.75,0.0
24.0,96,0.25,1.2,193,0.25,1.45,3.1875,1.4577379737113252,0.0
24.0,96,0.25,1.2,194,0.25,1.45,1.8125,1.4577379737113252,0.0
24.0,96,0.25,1.2,195,0.25,1.45,22.25,6.604922406811453,0.0
24.0,96,0.25,1.2,196,0.25,1.45,3.8125,2.850438562747845,0.0
24.0,96,0.25,1.2,197,0.25,1.45,2.5625,1.8027756377319946,0.0
24.0,96,0.25,1.2,198,0.25,1.45,12.8125,5.482928049865327,0.0
24.0,96,0.25,1.2,199,0.25,1.45,12.4375,5.385164807134504,0.0
24.0,96,0.25,1.2,200,0.25,1.45,7.1875,3.2882366094914763,0.0
24.0,96,0.25,1.2,201,0.25,1.45,8.375,3.473110997362451,0.0
24.0,96,0.25,1.2,202,0.25,1.45,7.0625,3.25,0.0
24.0,96,0.25,1.2,203,0.25,1.45,2.5,1.5206906325745548,0.0
24.0,96,0.25,1.2,204,0.25,1.45,1.6875,1.4577379737113252,0.0
24.0,96,0.25,1.2,205,0.25,1.45,23.375,7.786205751198718,0.0
24.0,96,0.25,1.2,206,0.25,1.45,4.5,2.3717082451262845,0.0
24.0,96,0.25,1.2,207,0.25,1.45,4.75,2.692582403567252,0.0
24.0,96,0.25,1.2,208,0.25,1.45,5.4375,3.2882366094914763,0.0
24.0,96,0.25,1.2,209,0.25,1.45,2.9375,1.9525624189766635,0.0
24.0,96,0.25,1.2,210,0.25,1.45,3.9375,2.9154759474226504,0.0
24.0,96,0.25,1.2,211,0.25,1.45,2.75,1.7677669529663689,0.0
24.0,96,0.25,1.2,212,0.25,1.45,6.9375,4.0697051490249265,0.0
24.0,96,0.25,1.2,213,0.25,1.45,1.0625,1.0,0.0
24.0,96,0.25,1.2,214,0.25,1.45,26.5625,7.433034373659253,0.0
24.0,96,0.25,1.2,215,0.25,1.45,11.0,4.366062299143245,0.0
24.0,96,0.25,1.2,216,0.25,1.45,4.3125,2.6575364531836625,0.0
24.0,96,0.25,1.2,217,0.25,1.45,12.8125,4.808846015417836,0.0
24.0,96,0.25,1.2,218,0.25,1.45,20.25,10.680004681646913,0.0
24.0,96,0.25,1.2,219,0.25,1.45,1.3125,1.118033988749895,0.0
24.0,96,0.25,1.2,220,0.25,1.45,6.625,3.5355339059327378,0.0
24.0,96,0.25,1.2,221,0.25,1.45,5.5,2.57390753524675,0.0
24.0,96,0.25,1.2,222,0.25,1.45,0.375,0.3535533905932738,0.0
24.0,96,0.25,1.2,223,0.25,1.45,5.375,2.462214450449026,0.0
24.0,96,0.25,1.2,224,0.25,1.45,1.1875,1.0307764064044151,0.0
24.0,96,0.25,1.2,225,0.25,1.45,2.1875,1.6007810593582121,0.0
24.0,96,0.25,1.2,226,0.25,1.45,1.3125,1.0307764064044151,0.0
24.0,96,0.25,1.2,227,0.25,1.45,1.0625,0.7905694150420949,0.0
24.0,96,0.25,1.2,228,0.25,1.45,3.75,2.1360009363293826,0.0
24.0,96,0.25,1.2,229,0.25,1.45,13.1875,6.269968101992227,0.0
24.0,96,0.25,1.2,230,0.25,1.45,8.1875,3.1622776601683795,0.0
24.0,96,0.25,1.2,231,0.25,1.45,6.125,3.69120576505835,0.0
24.0,96,0.25,1.2,232,0.25,1.45,7.0625,2.6575364531836625,0.0
24.0,96,0.25,1.2,233,0.25,1.45,0.75,0.75,0.0
24.0,96,0.25,1.2,234,0.25,1.45,5.3125,2.1360009363293826,0.0
24.0,96,0.25,1.2,235,0.25,1.45,11.0,3.816084380618437,0.0
24.0,96,0.25,1.2,236,0.25,1.45,8.125,2.850438562747845,0.0
24.0,96,0.25,1.2,237,0.25,1.45,1.0,0.9013878188659973,0.0
24.0,96,0.25,1.2,238,0.25,1.45,1.6875,1.118033988749895,0.0
24.0,96,0.25,1.2,239,0.25,1.45,4.5625,2.6100766272276377,0.0
24.0,96,0.25,1.2,240,0.25,1.45,8.9375,5.153882032022076,0.0
24.0,96,0.25,1.2,241,0.25,1.45,2.4375,1.4142135623730951,0.0
24.0,96,0.25,1.2,242,0.25,1.45,2.125,1.6007810593582121,0.0
24.0,96,0.25,1.2,243,0.25,1.45,6.5625,3.3541019662496847,0.0
24.0,96,0.25,1.2,244,0.25,1.45,1.3125,1.25,0.0
24.0,96,0.25,1.2,245,0.25,1.45,6.5625,3.816084380618437,0.0
24.0,96,0.25,1.2,246,0.25,1.45,4.3125,3.5794552658190883,0.0
24.0,96,0.25,1.2,247,0.25,1.45,24.6875,7.668930825088983,0.0
24.0,96,0.25,1.2,248,0.25,1.45,13.375,4.190763653560053,0.0
24.0,96,0.25,1.2,249,0.25,1.45,7.8125,3.400367627183861,0.0
24.0,96,0.25,1.2,250,0.25,1.45,11.0625,4.527692569068709,0.0
24.0,96,0.25,1.2,251,0.25,1.45,10.1875,4.315669125408017,0.0
24.0,96,0.25,1.2,252,0.25,1.45,2.0625,1.346291201783626,0.0
24.0,96,0.25,1.2,253,0.25,1.45,1.6875,1.5811388300841898,0.0
24.0,96,0.25,1.2,254,0.25,1.45,1.75,1.5206906325745548,0.0
24.0,96,0.25,1.2,255,0.25,1.45,5.75,2.850438562747845,0.0
24.0,96,0.25,1.2,256,0.25,1.45,2.5625,2.0,0.0
24.0,96,0.25,1.2,257,0.25,1.45,5.625,3.5355339059327378,0.0
24.0,96,0.25,1.2,258,0.25,1.45,15.9375,4.6097722286464435,0.0
24.0,96,0.25,1.2,259,0.25,1.45,10.375,5.3967582862307255,0.0
24.0,96,0.25,1.2,260,0.25,1.45,2.6875,1.5811388300841898,0.0
24.0,96,0.25,1.2,261,0.25,1.45,2.125,2.2638462845343543,0.0
24.0,96,0.25,1.2,262,0.25,1.45,1.625,1.346291201783626,0.0
24.0,96,0.25,1.2,263,0.25,1.45,4.0625,2.3048861143232218,0.0
24.0,96,0.25,1.2,264,0.25,1.45,3.0,2.0155644370746373,0.0
24.0,96,0.25,1.2,265,0.25,1.45,18.4375,9.17877987534291,0.0
24.0,96,0.25,1.2,266,0.25,1.45,5.625,5.814851674806504,0.0
24.0,96,0.25,1.2,267,0.25,1.45,22.25,7.603453162872775,0.0
24.0,96,0.25,1.2,268,0.25,1.45,6.5625,2.23606797749979,0.0
24.0,96,0.25,1.2,269,0.25,1.45,4.25,2.0615528128088303,0.0
24.0,96,0.25,1.2,270,0.25,1.45,2.1875,1.8027756377319946,0.0
24.0,96,0.25,1.2,271,0.25,1.45,6.375,4.272001872658765,0.0
24.0,96,0.25,1.2,272,0.25,1.45,12.0625,3.605551275463989,0.0
24.0,96,0.25,1.2,273,0.25,1.45,12.6875,6.504805915628844,0.0
24.0,96,0.25,1.2,274,0.25,1.45,1.8125,1.118033988749895,0.0
24.0,96,0.25,1.2,275,0.25,1.45,5.375,2.3048861143232218,0.0
24.0,96,0.25,1.2,276,0.25,1.45,2.5,1.9525624189766635,0.0
24.0,96,0.25,1.2,277,0.25,1.45,4.375,1.9039432764659772,0.0
24.0,96,0.25,1.2,278,0.25,1.45,1.25,1.0,0.0
24.0,96,0.25,1.2,279,0.25,1.45,8.0625,4.5069390943299865,0.0
24.0,96,0.25,1.2,280,0.25,1.45,9.3125,5.385164807134504,0.0
24.0,96,0.25,1.2,281,0.25,1.45,3.4375,1.8027756377319946,0.0
24.0,96,0.25,1.2,282,0.25,1.45,12.125,5.303300858899107,0.0
24.0,96,0.25,1.2,283,0.25,1.45,7.875,3.5794552658190883,0.0
24.0,96,0.25,1.2,284,0.25,1.45,9.4375,3.69120576505835,0.0
24.0,96,0.25,1.2,285,0.25,1.45,14.3125,6.800735254367722,0.0
24.0,96,0.25,1.2,286,0.25,1.45,3.5,1.9039432764659772,0.0
24.0,96,0.25,1.2,287,0.25,1.45,3.0,1.8027756377319946,0.0
24.0,96,0.25,1.2,288,0.25,1.45,7.375,3.2015621187164243,0.0
24.0,96,0.25,1.2,289,0.25,1.45,12.9375,5.482928049865327,0.0
24.0,96,0.25,1.2,290,0.25,1.45,2.8125,2.2638462845343543,0.0
24.0,96,0.25,1.2,291,0.25,1.45,0.6875,0.75,0.0
24.0,96,0.25,1.2,292,0.25,1.45,6.125,2.3717082451262845,0.0
24.0,96,0.25,1.2,293,0.25,1.45,2.3125,1.4142135623730951,0.0
24.0,96,0.25,1.2,294,0.25,1.45,7.875,3.8078865529319543,0.0
24.0,96,0.25,1.2,295,0.25,1.45,9.5,5.640257086339239,0.0
24.0,96,0.25,1.2,296,0.25,1.45,9.0625,4.373213921133975,0.0
24.0,96,0.25,1.2,297,0.25,1.45,2.8125,1.346291201783626,0.0
24.0,96,0.25,1.2,298,0.25,1.45,8.0625,3.2882366094914763,0.0
24.0,96,0.25,1.2,299,0.25,1.45,12.875,5.031152949374527,0.0
24.0,96,0.25,0.8,0,0.25,1.05,19.0,6.656763477847174,0.0
24.0,96,0.25,0.8,1,0.25,1.05,19.125,7.956915231419774,0.0
24.0,96,0.25,0.8,2,0.25,1.05,42.0625,11.71003842863037,0.0
24.0,96,0.25,0.8,3,0.25,1.05,32.125,8.620469824783333,0.0
24.0,96,0.25,0.8,4,0.25,1.05,21.4375,8.503675675847475,0.0
24.0,96,0.25,0.8,5,0.25,1.05,7.3125,2.9261749776799064,0.0
24.0,96,0.25,0.8,6,0.25,1.05,3.125,2.3048861143232218,0.0
24.0,96,0.25,0.8,7,0.25,1.05,0.625,0.5590169943749475,0.0
24.0,96,0.25,0.8,8,0.25,1.05,17.25,8.792752697534487,0.0
24.0,96,0.25,0.8,9,0.25,1.05,34.5,8.838834764831844,0.0
24.0,96,0.25,0.8,10,0.25,1.05,3.875,2.7613402542968153,0.0
24.0,96,0.25,0.8,11,0.25,1.05,28.375,5.618051263561058,0.0
24.0,96,0.25,0.8,12,0.25,1.05,14.8125,6.046693311223912,0.0
24.0,96,0.25,0.8,13,0.25,1.05,16.0,5.618051263561058,0.0
24.0,96,0.25,0.8,14,0.25,1.05,10.625,5.771698190307598,0.0
24.0,96,0.25,0.8,15,0.25,1.05,45.5625,12.730377056474016,0.0
24.0,96,0.25,0.8,16,0.25,1.05,17.3125,4.650268809434569,0.0
24.0,96,0.25,0.8,17,0.25,1.05,6.5,3.0413812651491097,0.0
24.0,96,0.25,0.8,18,0.25,1.05,11.4375,3.824264635194589,0.0
24.0,96,0.25,0.8,19,0.25,1.05,10.625,4.924428900898052,0.0
24.0,96,0.25,0.8,20,0.25,1.05,8.6875,3.640054944640259,0.0
24.0,96,0.25,0.8,21,0.25,1.05,10.75,5.062114182829147,0.0
24.0,96,0.25,0.8,22,0.25,1.05,0.8125,1.0307764064044151,0.0
24.0,96,0.25,0.8,23,0.25,1.05,5.5,4.031128874149275,0.0
24.0,96,0.25,0.8,24,0.25,1.05,3.625,1.6770509831248424,0.0
24.0,96,0.25,0.8,25,0.25,1.05,12.4375,6.791538853603062,0.0
24.0,96,0.25,0.8,26,0.25,1.05,1.8125,1.118033988749895,0.0
24.0,96,0.25,0.8,27,0.25,1.05,1.3125,1.25,0.0
24.0,96,0.25,0.8,28,0.25,1.05,2.3125,1.4577379737113252,0.0
24.0,96,0.25,0.8,29,0.25,1.05,2.4375,1.6007810593582121,0.0
24.0,96,0.25,0.8,30,0.25,1.05,3.875,2.0155644370746373,0.0
24.0,96,0.25,0.8,31,0.25,1.05,5.5625,2.3048861143232218,0.0
24.0,96,0.25,0.8,32,0.25,1.05,30.25,7.198090024443984,0.0
24.0,96,0.25,0.8,33,0.25,1.05,24.625,5.367727638395972,0.0
24.0,96,0.25,0.8,34,0.25,1.05,10.8125,3.0516389039334255,0.0
24.0,96,0.25,0.8,35,0.25,1.05,6.9375,2.462214450449026,0.0
24.0,96,0.25,0.8,36,0.25,1.05,0.8125,0.75,0.0
24.0,96,0.25,0.8,37,0.25,1.05,28.4375,11.036870027322058,0.0
24.0,96,0.25,0.8,38,0.25,1.05,3.0,1.8027756377319946,0.0
24.0,96,0.25,0.8,39,0.25,1.05,3.0,1.8027756377319946,0.0
24.0,96,0.25,0.8,40,0.25,1.05,2.4375,1.8027756377319946,0.0
24.0,96,0.25,0.8,41,0.25,1.05,6.0625,2.5,0.0
24.0,96,0.25,0.8,42,0.25,1.05,7.25,4.25,0.0
24.0,96,0.25,0.8,43,0.25,1.05,4.3125,3.020761493398643,0.0
24.0,96,0.25,0.8,44,0.25,1.05,14.0625,6.324555320336759,0.0
24.0,96,0.25,0.8,45,0.25,1.05,4.625,3.400367627183861,0.0
24.0,96,0.25,0.8,46,0.25,1.05,3.4375,2.1505813167606567,0.0
24.0,96,0.25,0.8,47,0.25,1.05,1.375,1.118033988749895,0.0
24.0,96,0.25,0.8,48,0.25,1.05,19.8125,6.754628043053148,0.0
24.0,96,0.25,0.8,49,0.25,1.05,50.375,12.300914600142544,0.0
24.0,96,0.25,0.8,50,0.25,1.05,0.6875,0.75,0.0
24.0,96,0.25,0.8,51,0.25,1.05,13.6875,3.816084380618437,0.0
24.0,96,0.25,0.8,52,0.25,1.05,4.0625,1.9039432764659772,0.0
24.0,96,0.25,0.8,53,0.25,1.05,23.4375,6.619101147436863,0.0
24.0,96,0.25,0.8,54,0.25,1.05,39.1875,7.267220926874317,0.0
24.0,96,0.25,0.8,55,0.25,1.05,50.25,12.06751838614717,0.0
24.0,96,0.25,0.8,56,0.25,1.05,70.1875,13.530059127734809,0.0
24.0,96,0.25,0.8,57,0.25,1.05,2.5,1.6770509831248424,0.0
24.0,96,0.25,0.8,58,0.25,1.05,1.3125,0.9013878188659973,0.0
24.0,96,0.25,0.8,59,0.25,1.05,26.75,7.352720584926371,0.0
24.0,96,0.25,0.8,60,0.25,1.05,17.6875,4.5069390943299865,0.0
24.0,96,0.25,0.8,61,0.25,1.05,5.25,2.5124689052802225,0.0
24.0,96,0.25,0.8,62,0.25,1.05,8.3125,3.0516389039334255,0.0
24.0,96,0.25,0.8,63,0.25,1.05,2.4375,2.1505813167606567,0.0
24.0,96,0.25,0.8,64,0.25,1.05,90.5,12.730377056474016,0.0
24.0,96,0.25,0.8,65,0.25,1.05,7.5,3.3354160160315836,0.0
24.0,96,0.25,0.8,66,0.25,1.05,26.1875,8.951256894984079,0.0
24.0,96,0.25,0.8,67,0.25,1.05,5.3125,4.0697051490249265,0.0
24.0,96,0.25,0.8,68,0.25,1.05,17.875,6.046693311223912,0.0
24.0,96,0.25,0.8,69,0.25,1.05,13.0625,8.1891696770796,0.0
24.0,96,0.25,0.8,70,0.25,1.05,17.1875,5.153882032022076,0.0
24.0,96,0.25,0.8,71,0.25,1.05,18.1875,7.0400639201643616,0.0
24.0,96,0.25,0.8,72,0.25,1.05,36.5625,11.52443057161611,0.0
24.0,96,0.25,0.8,73,0.25,1.05,4.8125,2.2638462845343543,0.0
24.0,96,0.25,0.8,74,0.25,1.05,26.1875,8.4335638967165,0.0
24.0,96,0.25,0.8,75,0.25,1.05,0.8125,0.7905694150420949,0.0
24.0,96,0.25,0.8,76,0.25,1.05,24.4375,8.620469824783333,0.0
24.0,96,0.25,0.8,77,0.25,1.05,8.375,4.2793106921559225,0.0
24.0,96,0.25,0.8,78,0.25,1.05,7.5625,3.1622776601683795,0.0
24.0,96,0.25,0.8,79,0.25,1.05,29.1875,6.363961030678928,0.0
24.0,96,0.25,0.8,80,0.25,1.05,9.8125,4.366062299143245,0.0
24.0,96,0.25,0.8,81,0.25,1.05,28.5625,11.096170510586074,0.0
24.0,96,0.25,0.8,82,0.25,1.05,1.125,0.9013878188659973,0.0
24.0,96,0.25,0.8,83,0.25,1.05,38.8125,7.810249675906654,0.0
24.0,96,0.25,0.8,84,0.25,1.05,9.5625,5.129571132170798,0.0
24.0,96,0.25,0.8,85,0.25,1.05,4.9375,3.2015621187164243,0.0
24.0,96,0.25,0.8,86,0.25,1.05,9.4375,4.257346591481601,0.0
24.0,96,0.25,0.8,87,0.25,1.05,5.75,2.7950849718747373,0.0
24.0,96,0.25,0.8,88,0.25,1.05,16.125,4.589389937671455,0.0
24.0,96,0.25,0.8,89,0.25,1.05,11.25,4.5069390943299865,0.0
24.0,96,0.25,0.8,90,0.25,1.05,34.6875,10.056092680559383,0.0
24.0,96,0.25,0.8,91,0.25,1.05,8.25,4.373213921133975,0.0
24.0,96,0.25,0.8,92,0.25,1.05,17.6875,6.427480066091221,0.0
24.0,96,0.25,0.8,93,0.25,1.05,19.75,5.482928049865327,0.0
24.0,96,0.25,0.8,94,0.25,1.05,7.4375,3.640054944640259,0.0
24.0,96,0.25,0.8,95,0.25,1.05,3.25,1.7677669529663689,0.0
24.0,96,0.25,0.8,96,0.25,1.05,2.9375,2.3048861143232218,0.0
24.0,96,0.25,0.8,97,0.25,1.05,11.8125,3.3354160160315836,0.0
24.0,96,0.25,0.8,98,0.25,1.05,0.75,0.5590169943749475,0.0
24.0,96,0.25,0.8,99,0.25,1.05,2.0625,1.346291201783626,0.0
24.0,96,0.25,0.8,100,0.25,1.05,45.0,12.747548783981962,0.0
24.0,96,0.25,0.8,101,0.25,1.05,28.375,9.100137361600648,0.0
24.0,96,0.25,0.8,102,0.25,1.05,34.9375,5.70087712549569,0.0
24.0,96,0.25,0.8,103,0.25,1.05,5.4375,3.3541019662496847,0.0
24.0,96,0.25,0.8,104,0.25,1.05,76.0,12.816005617976296,0.0
24.0,96,0.25,0.8,105,0.25,1.05,17.875,6.562202374203344,0.0
24.0,96,0.25,0.8,106,0.25,1.05,28.375,10.594810050208546,0.0
24.0,96,0.25,0.8,107,0.25,1.05,6.8125,3.020761493398643,0.0
24.0,96,0.25,0.8,108,0.25,1.05,38.25,7.267220926874317,0.0
24.0,96,0.25,0.8,109,0.25,1.05,2.3125,1.7677669529663689,0.0
24.0,96,0.25,0.8,110,0.25,1.05,6.125,3.3541019662496847,0.0
24.0,96,0.25,0.8,111,0.25,1.05,2.375,1.6007810593582121,0.0
24.0,96,0.25,0.8,112,0.25,1.05,3.6875,2.5124689052802225,0.0
24.0,96,0.25,0.8,113,0.25,1.05,52.0625,12.649110640673518,0.0
24.0,96,0.25,0.8,114,0.25,1.05,8.5,3.3541019662496847,0.0
24.0,96,0.25,0.8,115,0.25,1.05,7.625,3.3634060117684275,0.0
24.0,96,0.25,0.8,116,0.25,1.05,28.6875,9.659839543180828,0.0
24.0,96,0.25,0.8,117,0.25,1.05,15.75,8.838834764831844,0.0
24.0,96,0.25,0.8,118,0.25,1.05,16.375,6.329494450586082,0.0
24.0,96,0.25,0.8,119,0.25,1.05,13.625,4.6097722286464435,0.0
24.0,96,0.25,0.8,120,0.25,1.05,13.25,4.430011286667337,0.0
24.0,96,0.25,0.8,121,0.25,1.05,7.875,4.7762432936357,0.0
24.0,96,0.25,0.8,122,0.25,1.05,10.6875,8.59142013871979,0.0
24.0,96,0.25,0.8,123,0.25,1.05,1.0,1.0307764064044151,0.0
24.0,96,0.25,0.8,124,0.25,1.05,15.375,5.202163011671203,0.0
24.0,96,0.25,0.8,125,0.25,1.05,13.3125,4.366062299143245,0.0
24.0,96,0.25,0.8,126,0.25,1.05,14.6875,5.062114182829147,0.0
24.0,96,0.25,0.8,127,0.25,1.05,6.9375,3.5794552658190883,0.0
24.0,96,0.25,0.8,128,0.25,1.05,4.75,3.400367627183861,0.0
24.0,96,0.25,0.8,129,0.25,1.05,4.5,2.3717082451262845,0.0
24.0,96,0.25,0.8,130,0.25,1.05,2.4375,1.5206906325745548,0.0
24.0,96,0.25,0.8,131,0.25,1.05,5.125,2.4748737341529163,0.0
24.0,96,0.25,0.8,132,0.25,1.05,6.0,2.3717082451262845,0.0
24.0,96,0.25,0.8,133,0.25,1.05,4.9375,2.850438562747845,0.0
24.0,96,0.25,0.8,134,0.25,1.05,5.875,2.3717082451262845,0.0
24.0,96,0.25,0.8,135,0.25,1.05,1.875,1.4577379737113252,0.0
24.0,96,0.25,0.8,136,0.25,1.05,3.0,1.8200274723201295,0.0
24.0,96,0.25,0.8,137,0.25,1.05,16.25,6.864765108872991,0.0
24.0,96,0.25,0.8,138,0.25,1.05,28.875,10.44629120788809,0.0
24.0,96,0.25,0.8,139,0.25,1.05,0.375,0.3535533905932738,0.0
24.0,96,0.25,0.8,140,0.25,1.05,24.5,8.551315688243536,0.0
24.0,96,0.25,0.8,141,0.25,1.05,25.875,6.5,0.0
24.0,96,0.25,0.8,142,0.25,1.05,18.4375,8.492643875731515,0.0
24.0,96,0.25,0.8,143,0.25,1.05,8.3125,3.132491021535417,0.0
24.0,96,0.25,0.8,144,0.25,1.05,15.875,5.25,0.0
24.0,96,0.25,0.8,145,0.25,1.05,1.75,1.118033988749895,0.0
24.0,96,0.25,0.8,146,0.25,1.05,50.3125,11.3852975367357,0.0
24.0,96,0.25,0.8,147,0.25,1.05,3.375,2.5,0.0
24.0,96,0.25,0.8,148,0.25,1.05,8.6875,4.650268809434569,0.0
24.0,96,0.25,0.8,149,0.25,1.05,3.8125,2.3717082451262845,0.0
24.0,96,0.25,0.8,150,0.25,1.05,2.3125,1.2747548783981961,0.0
24.0,96,0.25,0.8,151,0.25,1.05,24.1875,7.721722605740251,0.0
24.0,96,0.25,0.8,152,0.25,1.05,7.375,3.7165171868296265,0.0
24.0,96,0.25,0.8,153,0.25,1.05,1.625,1.25,0.0
24.0,96,0.25,0.8,154,0.25,1.05,4.0,2.0155644370746373,0.0
24.0,96,0.25,0.8,155,0.25,1.05,1.3125,1.118033988749895,0.0
24.0,96,0.25,0.8,156,0.25,1.05,9.625,5.297405025104273,0.0
24.0,96,0.25,0.8,157,0.25,1.05,3.0625,2.0155644370746373,0.0
24.0,96,0.25,0.8,158,0.25,1.05,19.375,6.600189391222043,0.0
24.0,96,0.25,0.8,159,0.25,1.05,3.25,1.6770509831248424,0.0
24.0,96,0.25,0.8,160,0.25,1.05,4.6875,2.23606797749979,0.0
24.0,96,0.25,0.8,161,0.25,1.05,2.125,1.7677669529663689,0.0
24.0,96,0.25,0.8,162,0.25,1.05,18.875,6.25,0.0
24.0,96,0.25,0.8,163,0.25,1.05,11.375,3.952847075210474,0.0
24.0,96,0.25,0.8,164,0.25,1.05,10.4375,3.783186487605389,0.0
24.0,96,0.25,0.8,165,0.25,1.05,10.125,5.367727638395972,0.0
24.0,96,0.25,0.8,166,0.25,1.05,12.8125,7.0710678118654755,0.0
24.0,96,0.25,0.8,167,0.25,1.05,7.5625,2.5,0.0
24.0,96,0.25,0.8,168,0.25,1.05,6.25,4.2793106921559225,0.0
24.0,96,0.25,0.8,169,0.25,1.05,14.0,8.533024082938006,0.0
24.0,96,0.25,0.8,170,0.25,1.05,26.9375,9.5818839483684,0.0
24.0,96,0.25,0.8,171,0.25,1.05,40.6875,10.738365797457265,0.0
24.0,96,0.25,0.8,172,0.25,1.05,4.0625,2.850438562747845,0.0
24.0,96,0.25,0.8,173,0.25,1.05,3.25,2.0615528128088303,0.0
24.0,96,0.25,0.8,174,0.25,1.05,10.625,4.16082924427331,0.0
24.0,96,0.25,0.8,175,0.25,1.05,39.125,11.073617295175051,0.0
24.0,96,0.25,0.8,176,0.25,1.05,3.3125,2.358495283014151,0.0
24.0,96,0.25,0.8,177,0.25,1.05,5.5,2.5,0.0
24.0,96,0.25,0.8,178,0.25,1.05,7.6875,3.010398644698074,0.0
24.0,96,0.25,0.8,179,0.25,1.05,10.3125,3.400367627183861,0.0
24.0,96,0.25,0.8,180,0.25,1.05,9.375,4.301162633521313,0.0
24.0,96,0.25,0.8,181,0.25,1.05,9.25,2.9154759474226504,0.0
24.0,96,0.25,0.8,182,0.25,1.05,20.125,9.222933372848358,0.0
24.0,96,0.25,0.8,183,0.25,1.05,7.9375,4.315669125408017,0.0
24.0,96,0.25,0.8,184,0.25,1.05,56.3125,12.93493332027653,0.0
24.0,96,0.25,0.8,185,0.25,1.05,10.8125,4.366062299143245,0.0
24.0,96,0.25,0.8,186,0.25,1.05,13.5,4.5069390943299865,0.0
24.0,96,0.25,0.8,187,0.25,1.05,2.3125,1.346291201783626,0.0
24.0,96,0.25,0.8,188,0.25,1.05,12.625,6.485560885536423,0.0
24.0,96,0.25,0.8,189,0.25,1.05,1.4375,1.346291201783626,0.0
24.0,96,0.25,0.8,190,0.25,1.05,2.0625,1.6007810593582121,0.0
24.0,96,0.25,0.8,191,0.25,1.05,5.6875,4.315669125408017,0.0
24.0,96,0.25,0.8,192,0.25,1.05,31.0,10.407329148249325,0.0
24.0,96,0.25,0.8,193,0.25,1.05,1.875,1.5206906325745548,0.0
24.0,96,0.25,0.8,194,0.25,1.05,3.375,1.9039432764659772,0.0
24.0,96,0.25,0.8,195,0.25,1.05,3.8125,2.1360009363293826,0.0
24.0,96,0.25,0.8,196,0.25,1.05,4.625,3.0413812651491097,0.0
24.0,96,0.25,0.8,197,0.25,1.05,2.375,2.1213203435596424,0.0
24.0,96,0.25,0.8,198,0.25,1.05,1.3125,0.9013878188659973,0.0
24.0,96,0.25,0.8,199,0.25,1.05,1.0625,1.0606601717798212,0.0
24.0,96,0.25,0.8,200,0.25,1.05,29.625,8.782084035125148,0.0
24.0,96,0.25,0.8,201,0.25,1.05,2.625,2.1213203435596424,0.0
24.0,96,0.25,0.8,202,0.25,1.05,11.6875,5.315072906367325,0.0
24.0,96,0.25,0.8,203,0.25,1.05,15.75,5.25594901040716,0.0
24.0,96,0.25,0.8,204,0.25,1.05,45.6875,8.403868156985805,0.0
24.0,96,0.25,0.8,205,0.25,1.05,18.0,9.5524865872714,0.0
24.0,96,0.25,0.8,206,0.25,1.05,7.25,2.7613402542968153,0.0
24.0,96,0.25,0.8,207,0.25,1.05,11.4375,5.488624600025037,0.0
24.0,96,0.25,0.8,208,0.25,1.05,2.3125,1.4577379737113252,0.0
24.0,96,0.25,0.8,209,0.25,1.05,32.875,8.097067370350823,0.0
24.0,96,0.25,0.8,210,0.25,1.05,8.875,4.451123453691214,0.0
24.0,96,0.25,0.8,211,0.25,1.05,4.9375,2.5124689052802225,0.0
24.0,96,0.25,0.8,212,0.25,1.05,7.3125,2.5,0.0
24.0,96,0.25,0.8,213,0.25,1.05,1.0,0.7905694150420949,0.0
24.0,96,0.25,0.8,214,0.25,1.05,12.3125,5.7118298293979315,0.0
24.0,96,0.25,0.8,215,0.25,1.05,38.0,8.707037383633999,0.0
24.0,96,0.25,0.8,216,0.25,1.05,22.1875,5.798706752371601,0.0
24.0,96,0.25,0.8,217,0.25,1.05,34.875,11.280514172678478,0.0
24.0,96,0.25,0.8,218,0.25,1.05,7.0625,2.7950849718747373,0.0
24.0,96,0.25,0.8,219,0.25,1.05,3.875,2.850438562747845,0.0
24.0,96,0.25,0.8,220,0.25,1.05,22.5625,4.697073557013984,0.0
24.0,96,0.25,0.8,221,0.25,1.05,9.75,5.062114182829147,0.0
24.0,96,0.25,0.8,222,0.25,1.05,4.9375,2.5495097567963922,0.0
24.0,96,0.25,0.8,223,0.25,1.05,13.5,5.0,0.0
24.0,96,0.25,0.8,224,0.25,1.05,56.625,13.82931668593933,0.0
24.0,96,0.25,0.8,225,0.25,1.05,5.9375,2.5124689052802225,0.0
24.0,96,0.25,0.8,226,0.25,1.05,19.6875,5.153882032022076,0.0
24.0,96,0.25,0.8,227,0.25,1.05,3.4375,3.0516389039334255,0.0
24.0,96,0.25,0.8,228,0.25,1.05,5.3125,4.5069390943299865,0.0
24.0,96,0.25,0.8,229,0.25,1.05,28.375,7.603453162872775,0.0
24.0,96,0.25,0.8,230,0.25,1.05,1.125,0.9013878188659973,0.0
24.0,96,0.25,0.8,231,0.25,1.05,19.4375,7.211102550927978,0.0
24.0,96,0.25,0.8,232,0.25,1.05,13.6875,6.600189391222043,0.0
24.0,96,0.25,0.8,233,0.25,1.05,16.1875,4.031128874149275,0.0
24.0,96,0.25,0.8,234,0.25,1.05,8.5,4.5069390943299865,0.0
24.0,96,0.25,0.8,235,0.25,1.05,2.875,1.5811388300841898,0.0
24.0,96,0.25,0.8,236,0.25,1.05,27.5,6.642665127793212,0.0
24.0,96,0.25,0.8,237,0.25,1.05,2.4375,1.8027756377319946,0.0
24.0,96,0.25,0.8,238,0.25,1.05,4.4375,2.3717082451262845,0.0
24.0,96,0.25,0.8,239,0.25,1.05,0.8125,0.7071067811865476,0.0
24.0,96,0.25,0.8,240,0.25,1.05,2.25,1.6770509831248424,0.0
24.0,96,0.25,0.8,241,0.25,1.05,5.625,2.9261749776799064,0.0
24.0,96,0.25,0.8,242,0.25,1.05,6.375,5.25594901040716,0.0
24.0,96,0.25,0.8,243,0.25,1.05,20.5625,5.273755777432247,0.0
24.0,96,0.25,0.8,244,0.25,1.05,98.1875,16.278820596099706,0.0
24.0,96,0.25,0.8,245,0.25,1.05,9.8125,4.031128874149275,0.0
24.0,96,0.25,0.8,246,0.25,1.05,44.3125,12.165525060596439,0.0
24.0,96,0.25,0.8,247,0.25,1.05,17.3125,4.562071897723665,0.0
24.0,96,0.25,0.8,248,0.25,1.05,2.875,1.8027756377319946,0.0
24.0,96,0.25,0.8,249,0.25,1.05,26.5,6.324555320336759,0.0
24.0,96,0.25,0.8,250,0.25,1.05,1.75,1.5206906325745548,0.0
24.0,96,0.25,0.8,251,0.25,1.05,35.375,5.50567888638631,0.0
24.0,96,0.25,0.8,252,0.25,1.05,75.9375,8.933784192602818,0.0
24.0,96,0.25,0.8,253,0.25,1.05,37.75,11.76860229593982,0.0
24.0,96,0.25,0.8,254,0.25,1.05,34.25,13.200378782444085,0.0
24.0,96,0.25,0.8,255,0.25,1.05,2.8125,2.358495283014151,0.0
24.0,96,0.25,0.8,256,0.25,1.05,24.5625,7.079901129253148,0.0
24.0,96,0.25,0.8,257,0.25,1.05,8.0,3.25,0.0
24.0,96,0.25,0.8,258,0.25,1.05,6.6875,4.123105625617661,0.0
24.0,96,0.25,0.8,259,0.25,1.05,9.875,5.367727638395972,0.0
24.0,96,0.25,0.8,260,0.25,1.05,7.875,3.640054944640259,0.0
24.0,96,0.25,0.8,261,0.25,1.05,4.0625,2.358495283014151,0.0
24.0,96,0.25,0.8,262,0.25,1.05,61.0,12.198872898755852,0.0
24.0,96,0.25,0.8,263,0.25,1.05,30.5,6.914658342969665,0.0
24.0,96,0.25,0.8,264,0.25,1.05,31.25,7.850159234053791,0.0
24.0,96,0.25,0.8,265,0.25,1.05,6.625,4.5069390943299865,0.0
24.0,96,0.25,0.8,266,0.25,1.05,77.75,11.036870027322058,0.0
24.0,96,0.25,0.8,267,0.25,1.05,27.625,9.82980162566875,0.0
24.0,96,0.25,0.8,268,0.25,1.05,33.1875,7.458216945088149,0.0
24.0,96,0.25,0.8,269,0.25,1.05,4.8125,3.092329219213245,0.0
24.0,96,0.25,0.8,270,0.25,1.05,13.9375,5.0,0.0
24.0,96,0.25,0.8,271,0.25,1.05,36.4375,10.831089511217234,0.0
24.0,96,0.25,0.8,272,0.25,1.05,7.5,4.451123453691214,0.0
24.0,96,0.25,0.8,273,0.25,1.05,5.875,3.824264635194589,0.0
24.0,96,0.25,0.8,274,0.25,1.05,3.0625,1.8200274723201295,0.0
24.0,96,0.25,0.8,275,0.25,1.05,2.375,1.4577379737113252,0.0
24.0,96,0.25,0.8,276,0.25,1.05,2.4375,1.8027756377319946,0.0
24.0,96,0.25,0.8,277,0.25,1.05,22.5,7.905694150420948,0.0
24.0,96,0.25,0.8,278,0.25,1.05,11.5,5.153882032022076,0.0
24.0,96,0.25,0.8,279,0.25,1.05,10.3125,7.668930825088983,0.0
24.0,96,0.25,0.8,280,0.25,1.05,5.5625,3.0516389039334255,0.0
24.0,96,0.25,0.8,281,0.25,1.05,7.6875,3.75,0.0
24.0,96,0.25,0.8,282,0.25,1.05,55.0625,9.659839543180828,0.0
24.0,96,0.25,0.8,283,0.25,1.05,2.25,1.5811388300841898,0.0
24.0,96,0.25,0.8,284,0.25,1.05,6.8125,3.0516389039334255,0.0
24.0,96,0.25,0.8,285,0.25,1.05,10.3125,4.16082924427331,0.0
24.0,96,0.25,0.8,286,0.25,1.05,2.8125,1.4577379737113252,0.0
24.0,96,0.25,0.8,287,0.25,1.05,3.3125,2.6575364531836625,0.0
24.0,96,0.25,0.8,288,0.25,1.05,21.75,9.280355596635292,0.0
24.0,96,0.25,0.8,289,0.25,1.05,12.25,3.48209706929603,0.0
24.0,96,0.25,0.8,290,0.25,1.05,16.3125,4.031128874149275,0.0
24.0,96,0.25,0.8,291,0.25,1.05,3.0625,2.1360009363293826,0.0
24.0,96,0.25,0.8,292,0.25,1.05,5.9375,2.5495097567963922,0.0
24.0,96,0.25,0.8,293,0.25,1.05,44.8125,14.724554322627222,0.0
24.0,96,0.25,0.8,294,0.25,1.05,6.5625,2.3717082451262845,0.0
24.0,96,0.25,0.8,295,0.25,1.05,1.3125,0.9013878188659973,0.0
24.0,96,0.25,0.8,296,0.25,1.05,11.375,4.366062299143245,0.0
24.0,96,0.25,0.8,297,0.25,1.05,6.25,2.1505813167606567,0.0
24.0,96,0.25,0.8,298,0.25,1.05,9.375,4.430011286667337,0.0
24.0,96,0.25,0.8,299,0.25,1.05,10.4375,4.5069390943299865,0.0
24.0,96,0.25,0.4,0,0.25,0.65,24.5625,10.636023693091325,0.0
24.0,96,0.25,0.4,1,0.25,0.65,139.1875,14.020074892809953,0.0
24.0,96,0.25,0.4,2,0.25,0.65,15.0,5.153882032022076,0.0
24.0,96,0.25,0.4,3,0.25,0.65,1.9375,1.6007810593582121,0.0
24.0,96,0.25,0.4,4,0.25,0.65,115.25,13.200378782444085,0.0
24.0,96,0.25,0.4,5,0.25,0.65,3.0,1.9039432764659772,0.0
24.0,96,0.25,0.4,6,0.25,0.65,10.9375,4.589389937671455,0.0
24.0,96,0.25,0.4,7,0.25,0.65,11.3125,3.400367627183861,0.0
24.0,96,0.25,0.4,8,0.25,0.65,85.0,12.20911544707478,0.0
24.0,96,0.25,0.4,9,0.25,0.65,4.0625,2.3048861143232218,0.0
24.0,96,0.25,0.4,10,0.25,0.65,115.625,15.78171410208663,0.0
24.0,96,0.25,0.4,11,0.25,0.65,40.3125,9.56882960450232,0.0
24.0,96,0.25,0.4,12,0.25,0.65,1.8125,1.25,0.0
24.0,96,0.25,0.4,13,0.25,0.65,22.0,8.902246907382429,0.0
24.0,96,0.25,0.4,14,0.25,0.65,136.375,15.620499351813308,0.0
24.0,96,0.25,0.4,15,0.25,0.65,64.4375,12.905909499140307,0.0
24.0,96,0.25,0.4,16,0.25,0.65,19.0625,7.762087348130012,0.0
24.0,96,0.25,0.4,17,0.25,0.65,8.25,3.0516389039334255,0.0
24.0,96,0.25,0.4,18,0.25,0.65,235.5625,16.62077013859466,1.0
24.0,96,0.25,0.4,19,0.25,0.65,149.0625,16.794716431068434,1.0
24.0,96,0.25,0.4,20,0.25,0.65,39.8125,10.124228365658293,0.0
24.0,96,0.25,0.4,21,0.25,0.65,14.5,4.373213921133975,0.0
24.0,96,0.25,0.4,22,0.25,0.65,3.8125,1.9039432764659772,0.0
24.0,96,0.25,0.4,23,0.25,0.65,10.8125,3.881043674065006,0.0
24.0,96,0.25,0.4,24,0.25,0.65,62.125,11.845357740482134,0.0
24.0,96,0.25,0.4,25,0.25,0.65,179.125,16.62077013859466,0.0
24.0,96,0.25,0.4,26,0.25,0.65,38.4375,8.344159634139318,0.0
24.0,96,0.25,0.4,27,0.25,0.65,1.9375,1.5206906325745548,0.0
24.0,96,0.25,0.4,28,0.25,0.65,110.75,13.306483382171264,0.0
24.0,96,0.25,0.4,29,0.25,0.65,2.75,1.5811388300841898,0.0
24.0,96,0.25,0.4,30,0.25,0.65,1.125,0.9013878188659973,0.0
24.0,96,0.25,0.4,31,0.25,0.65,26.4375,9.7082439194738,0.0
24.0,96,0.25,0.4,32,0.25,0.65,103.3125,14.300349646075091,0.0
24.0,96,0.25,0.4,33,0.25,0.65,44.0625,8.782084035125148,0.0
24.0,96,0.25,0.4,34,0.25,0.65,30.5625,7.6198753270640855,0.0
24.0,96,0.25,0.4,35,0.25,0.65,10.0,4.743416490252569,0.0
24.0,96,0.25,0.4,36,0.25,0.65,154.9375,16.97056274847714,0.0
24.0,96,0.25,0.4,37,0.25,0.65,38.125,15.051993223490369,0.0
24.0,96,0.25,0.4,38,0.25,0.65,109.25,16.278820596099706,0.0
24.0,96,0.25,0.4,39,0.25,0.65,20.625,4.716990566028302,0.0
24.0,96,0.25,0.4,40,0.25,0.65,62.0625,10.470195795685962,0.0
24.0,96,0.25,0.4,41,0.25,0.65,20.8125,5.031152949374527,0.0
24.0,96,0.25,0.4,42,0.25,0.65,51.4375,12.260199835239229,0.0
24.0,96,0.25,0.4,43,0.25,0.65,73.6875,13.038404810405298,0.0
24.0,96,0.25,0.4,44,0.25,0.65,45.1875,10.151970252123476,0.0
24.0,96,0.25,0.4,45,0.25,0.65,94.0,13.729530217745982,0.0
24.0,96,0.25,0.4,46,0.25,0.65,7.5,4.2793106921559225,0.0
24.0,96,0.25,0.4,47,0.25,0.65,121.125,16.110943485718025,0.0
24.0,96,0.25,0.4,48,0.25,0.65,2.6875,2.1360009363293826,0.0
24.0,96,0.25,0.4,49,0.25,0.65,23.8125,9.17877987534291,0.0
24.0,96,0.25,0.4,50,0.25,0.65,1.75,1.346291201783626,0.0
24.0,96,0.25,0.4,51,0.25,0.65,216.5,15.620499351813308,0.0
24.0,96,0.25,0.4,52,0.25,0.65,95.625,12.064928512013655,0.0
24.0,96,0.25,0.4,53,0.25,0.65,127.4375,12.905909499140307,0.0
24.0,96,0.25,0.4,54,0.25,0.65,1.5,1.118033988749895,0.0
24.0,96,0.25,0.4,55,0.25,0.65,35.5,10.02808556006579,0.0
24.0,96,0.25,0.4,56,0.25,0.65,14.875,4.697073557013984,0.0
24.0,96,0.25,0.4,57,0.25,0.65,19.1875,7.2886898685566255,0.0
24.0,96,0.25,0.4,58,0.25,0.65,30.5,9.424038412485382,0.0
24.0,96,0.25,0.4,59,0.25,0.65,49.75,14.285044627161653,0.0
24.0,96,0.25,0.4,60,0.25,0.65,8.0625,3.3541019662496847,0.0
24.0,96,0.25,0.4,61,0.25,0.65,46.0625,10.35917467755033,0.0
24.0,96,0.25,0.4,62,0.25,0.65,141.0625,14.075688260259247,0.0
24.0,96,0.25,0.4,63,0.25,0.65,17.75,5.297405025104273,0.0
24.0,96,0.25,0.4,64,0.25,0.65,133.875,13.892443989449804,0.0
24.0,96,0.25,0.4,65,0.25,0.65,75.5625,11.792476415070755,0.0
24.0,96,0.25,0.4,66,0.25,0.65,25.4375,6.010407640085654,0.0
24.0,96,0.25,0.4,67,0.25,0.65,4.3125,2.3717082451262845,0.0
24.0,96,0.25,0.4,68,0.25,0.65,19.375,6.269968101992227,0.0
24.0,96,0.25,0.4,69,0.25,0.65,39.9375,12.093386622447824,0.0
24.0,96,0.25,0.4,70,0.25,0.65,5.6875,2.9261749776799064,0.0
24.0,96,0.25,0.4,71,0.25,0.65,22.625,5.062114182829147,0.0
24.0,96,0.25,0.4,72,0.25,0.65,40.3125,8.75,0.0
24.0,96,0.25,0.4,73,0.25,0.65,20.375,7.301540933255117,0.0
24.0,96,0.25,0.4,74,0.25,0.65,94.375,15.15132007450176,0.0
24.0,96,0.25,0.4,75,0.25,0.65,57.3125,9.089829481348922,0.0
24.0,96,0.25,0.4,76,0.25,0.65,81.5,16.794716431068434,0.0
24.0,96,0.25,0.4,77,0.25,0.65,77.25,12.905909499140307,0.0
24.0,96,0.25,0.4,78,0.25,0.65,100.3125,13.530059127734809,0.0
24.0,96,0.25,0.4,79,0.25,0.65,24.1875,8.06225774829855,0.0
24.0,96,0.25,0.4,80,0.25,0.65,118.3125,16.62077013859466,0.0
24.0,96,0.25,0.4,81,0.25,0.65,1.875,1.8027756377319946,0.0
24.0,96,0.25,0.4,82,0.25,0.65,177.4375,16.97056274847714,0.0
24.0,96,0.25,0.4,83,0.25,0.65,33.75,10.752906583803284,0.0
24.0,96,0.25,0.4,84,0.25,0.65,24.5,8.253787009609589,0.0
24.0,96,0.25,0.4,85,0.25,0.65,10.75,4.596194077712559,0.0
24.0,96,0.25,0.4,86,0.25,0.65,2.1875,1.5811388300841898,0.0
24.0,96,0.25,0.4,87,0.25,0.65,85.3125,12.649110640673518,0.0
24.0,96,0.25,0.4,88,0.25,0.65,5.125,2.3048861143232218,0.0
24.0,96,0.25,0.4,89,0.25,0.65,40.25,9.263503656824453,0.0
24.0,96,0.25,0.4,90,0.25,0.65,11.4375,5.055937104039171,0.0
24.0,96,0.25,0.4,91,0.25,0.65,34.625,6.800735254367722,0.0
24.0,96,0.25,0.4,92,0.25,0.65,10.375,4.808846015417836,0.0
24.0,96,0.25,0.4,93,0.25,0.65,108.8125,15.572411502397436,0.0
24.0,96,0.25,0.4,94,0.25,0.65,7.6875,3.816084380618437,0.0
24.0,96,0.25,0.4,95,0.25,0.65,193.0625,16.97056274847714,0.0
24.0,96,0.25,0.4,96,0.25,0.65,54.0625,12.572290960680158,0.0
24.0,96,0.25,0.4,97,0.25,0.65,10.4375,4.7762432936357,0.0
24.0,96,0.25,0.4,98,0.25,0.65,8.0,3.5794552658190883,0.0
24.0,96,0.25,0.4,99,0.25,0.65,1.4375,1.118033988749895,0.0
24.0,96,0.25,0.4,100,0.25,0.65,26.0,5.942432162002357,0.0
24.0,96,0.25,0.4,101,0.25,0.65,157.125,14.2148689758295,0.0
24.0,96,0.25,0.4,102,0.25,0.65,130.8125,16.97056274847714,0.0
24.0,96,0.25,0.4,103,0.25,0.65,2.0625,1.2747548783981961,0.0
24.0,96,0.25,0.4,104,0.25,0.65,73.4375,14.495689014324224,0.0
24.0,96,0.25,0.4,105,0.25,0.65,25.3125,8.5,0.0
24.0,96,0.25,0.4,106,0.25,0.65,39.125,8.035079339994098,0.0
24.0,96,0.25,0.4,107,0.25,0.65,151.625,16.97056274847714,0.0
24.0,96,0.25,0.4,108,0.25,0.65,86.25,12.31107225224513,0.0
24.0,96,0.25,0.4,109,0.25,0.65,109.5625,12.165525060596439,0.0
24.0,96,0.25,0.4,110,0.25,0.65,13.0625,3.3541019662496847,0.0
24.0,96,0.25,0.4,111,0.25,0.65,41.5,8.050621094052309,0.0
24.0,96,0.25,0.4,112,0.25,0.65,2.25,1.2747548783981961,0.0
24.0,96,0.25,0.4,113,0.25,0.65,14.25,5.5901699437494745,0.0
24.0,96,0.25,0.4,114,0.25,0.65,22.5625,7.267220926874317,0.0
24.0,96,0.25,0.4,115,0.25,0.65,8.1875,3.3541019662496847,0.0
24.0,96,0.25,0.4,116,0.25,0.65,185.75,15.26843148460247,0.0
24.0,96,0.25,0.4,117,0.25,0.65,30.0625,7.504165509901817,0.0
24.0,96,0.25,0.4,118,0.25,0.65,103.5,14.562365879210699,0.0
24.0,96,0.25,0.4,119,0.25,0.65,58.0,14.724554322627222,0.0
24.0,96,0.25,0.4,120,0.25,0.65,45.6875,11.01135777277262,0.0
24.0,96,0.25,0.4,121,0.25,0.65,55.5,12.31107225224513,0.0
24.0,96,0.25,0.4,122,0.25,0.65,138.6875,16.97056274847714,1.0
24.0,96,0.25,0.4,123,0.25,0.65,122.8125,13.530059127734809,0.0
24.0,96,0.25,0.4,124,0.25,0.65,95.375,10.636023693091325,0.0
24.0,96,0.25,0.4,125,0.25,0.65,78.6875,11.510864433221338,0.0
24.0,96,0.25,0.4,126,0.25,0.65,33.1875,7.198090024443984,0.0
24.0,96,0.25,0.4,127,0.25,0.65,34.625,10.63014581273465,0.0
24.0,96,0.25,0.4,128,0.25,0.65,23.0,7.786205751198718,0.0
24.0,96,0.25,0.4,129,0.25,0.65,92.625,14.422205101855956,0.0
24.0,96,0.25,0.4,130,0.25,0.65,119.0,14.422205101855956,0.0
24.0,96,0.25,0.4,131,0.25,0.65,18.875,5.798706752371601,0.0
24.0,96,0.25,0.4,132,0.25,0.65,77.8125,15.20690632574555,0.0
24.0,96,0.25,0.4,133,0.25,0.65,109.0625,16.44878414959598,0.0
24.0,96,0.25,0.4,134,0.25,0.65,210.125,16.278820596099706,0.0
24.0,96,0.25,0.4,135,0.25,0.65,199.625,16.26729848499744,0.0
24.0,96,0.25,0.4,136,0.25,0.65,50.1875,13.098186897429736,0.0
24.0,96,0.25,0.4,137,0.25,0.65,7.25,3.952847075210474,0.0
24.0,96,0.25,0.4,138,0.25,0.65,108.25,16.44878414959598,0.0
24.0,96,0.25,0.4,139,0.25,0.65,57.75,13.647344063956181,0.0
24.0,96,0.25,0.4,140,0.25,0.65,155.875,16.62077013859466,0.0
24.0,96,0.25,0.4,141,0.25,0.65,5.625,2.2638462845343543,0.0
24.0,96,0.25,0.4,142,0.25,0.65,87.625,16.110943485718025,0.0
24.0,96,0.25,0.4,143,0.25,0.65,157.0,14.866068747318506,0.0
24.0,96,0.25,0.4,144,0.25,0.65,231.1875,14.851346740279146,0.0
24.0,96,0.25,0.4,145,0.25,0.65,27.625,5.129571132170798,0.0
24.0,96,0.25,0.4,146,0.25,0.65,203.0,15.076886283314602,1.0
24.0,96,0.25,0.4,147,0.25,0.65,126.625,15.305227865013967,0.0
24.0,96,0.25,0.4,148,0.25,0.65,24.8125,7.7176745202165655,0.0
24.0,96,0.25,0.4,149,0.25,0.65,10.3125,5.024937810560445,0.0
24.0,96,0.25,0.4,150,0.25,0.65,16.1875,6.823672031978091,0.0
24.0,96,0.25,0.4,151,0.25,0.65,105.5625,15.925608308632986,0.0
24.0,96,0.25,0.4,152,0.25,0.65,15.625,4.373213921133975,0.0
24.0,96,0.25,0.4,153,0.25,0.65,110.875,13.439680055715613,0.0
24.0,96,0.25,0.4,154,0.25,0.65,8.0,2.7950849718747373,0.0
24.0,96,0.25,0.4,155,0.25,0.65,28.125,6.45174395028197,0.0
24.0,96,0.25,0.4,156,0.25,0.65,207.8125,16.97056274847714,0.0
24.0,96,0.25,0.4,157,0.25,0.65,140.625,16.97056274847714,0.0
24.0,96,0.25,0.4,158,0.25,0.65,33.0,10.52675163571365,0.0
24.0,96,0.25,0.4,159,0.25,0.65,136.4375,16.62077013859466,0.0
24.0,96,0.25,0.4,160,0.25,0.65,73.6875,13.0,0.0
24.0,96,0.25,0.4,161,0.25,0.65,1.9375,1.8027756377319946,0.0
24.0,96,0.25,0.4,162,0.25,0.65,21.8125,5.006246098625197,0.0
24.0,96,0.25,0.4,163,0.25,0.65,5.75,2.358495283014151,0.0
24.0,96,0.25,0.4,164,0.25,0.65,142.625,16.97056274847714,0.0
24.0,96,0.25,0.4,165,0.25,0.65,131.1875,15.429274124209472,0.0
24.0,96,0.25,0.4,166,0.25,0.65,1.0,0.7905694150420949,0.0
24.0,96,0.25,0.4,167,0.25,0.65,110.875,14.100088652203574,0.0
24.0,96,0.25,0.4,168,0.25,0.65,194.625,15.429274124209472,1.0
24.0,96,0.25,0.4,169,0.25,0.65,25.4375,7.0400639201643616,0.0
24.0,96,0.25,0.4,170,0.25,0.65,108.3125,16.794716431068434,0.0
24.0,96,0.25,0.4,171,0.25,0.65,126.875,12.905909499140307,1.0
24.0,96,0.25,0.4,172,0.25,0.65,1.9375,1.5811388300841898,0.0
24.0,96,0.25,0.4,173,0.25,0.65,34.8125,11.096170510586074,0.0
24.0,96,0.25,0.4,174,0.25,0.65,8.3125,3.605551275463989,0.0
24.0,96,0.25,0.4,175,0.25,0.65,21.75,6.25,0.0
24.0,96,0.25,0.4,176,0.25,0.65,9.1875,5.522680508593631,0.0
24.0,96,0.25,0.4,177,0.25,0.65,38.5625,10.213349107907748,0.0
24.0,96,0.25,0.4,178,0.25,0.65,44.125,8.459462157844316,0.0
24.0,96,0.25,0.4,179,0.25,0.65,11.3125,3.25,0.0
24.0,96,0.25,0.4,180,0.25,0.65,1.375,1.25,0.0
24.0,96,0.25,0.4,181,0.25,0.65,22.6875,8.325412902673357,0.0
24.0,96,0.25,0.4,182,0.25,0.65,16.5625,5.7118298293979315,0.0
24.0,96,0.25,0.4,183,0.25,0.65,67.3125,11.95041840271712,0.0
24.0,96,0.25,0.4,184,0.25,0.65,41.9375,12.20911544707478,0.0
24.0,96,0.25,0.4,185,0.25,0.65,109.4375,12.905909499140307,0.0
24.0,96,0.25,0.4,186,0.25,0.65,243.1875,16.794716431068434,0.0
24.0,96,0.25,0.4,187,0.25,0.65,4.9375,2.1360009363293826,0.0
24.0,96,0.25,0.4,188,0.25,0.65,44.375,12.649110640673518,0.0
24.0,96,0.25,0.4,189,0.25,0.65,160.5,14.650085323983612,0.0
24.0,96,0.25,0.4,190,0.25,0.65,13.0625,5.297405025104273,0.0
24.0,96,0.25,0.4,191,0.25,0.65,18.25,9.013878188659973,0.0
24.0,96,0.25,0.4,192,0.25,0.65,225.3125,16.44878414959598,0.0
24.0,96,0.25,0.4,193,0.25,0.65,154.25,16.794716431068434,0.0
24.0,96,0.25,0.4,194,0.25,0.65,31.25,6.149186938124422,0.0
24.0,96,0.25,0.4,195,0.25,0.65,124.875,12.36931687685298,0.0
24.0,96,0.25,0.4,196,0.25,0.65,25.625,12.298373876248844,0.0
24.0,96,0.25,0.4,197,0.25,0.65,16.375,8.634958019585271,0.0
24.0,96,0.25,0.4,198,0.25,0.65,3.0625,1.9039432764659772,0.0
24.0,96,0.25,0.4,199,0.25,0.65,56.875,13.098186897429736,0.0
24.0,96,0.25,0.4,200,0.25,0.65,125.1875,14.150971698084906,0.0
24.0,96,0.25,0.4,201,0.25,0.65,34.375,8.54400374531753,0.0
24.0,96,0.25,0.4,202,0.25,0.65,25.5625,8.514693182963201,0.0
24.0,96,0.25,0.4,203,0.25,0.65,5.375,2.3048861143232218,0.0
24.0,96,0.25,0.4,204,0.25,0.65,42.9375,10.29866496202299,0.0
24.0,96,0.25,0.4,205,0.25,0.65,18.1875,4.47213595499958,0.0
24.0,96,0.25,0.4,206,0.25,0.65,78.625,14.422205101855956,0.0
24.0,96,0.25,0.4,207,0.25,0.65,89.0625,13.530059127734809,0.0
24.0,96,0.25,0.4,208,0.25,0.65,74.0,14.320003491619685,0.0
24.0,96,0.25,0.4,209,0.25,0.65,149.9375,16.62077013859466,0.0
24.0,96,0.25,0.4,210,0.25,0.65,17.375,6.020797289396148,0.0
24.0,96,0.25,0.4,211,0.25,0.65,137.25,16.97056274847714,0.0
24.0,96,0.25,0.4,212,0.25,0.65,5.625,2.0615528128088303,0.0
24.0,96,0.25,0.4,213,0.25,0.65,26.75,7.810249675906654,0.0
24.0,96,0.25,0.4,214,0.25,0.65,84.875,15.0,0.0
24.0,96,0.25,0.4,215,0.25,0.65,55.5,8.678277478854891,0.0
24.0,96,0.25,0.4,216,0.25,0.65,5.9375,3.2596012026013246,0.0
24.0,96,0.25,0.4,217,0.25,0.65,172.5,16.97056274847714,0.0
24.0,96,0.25,0.4,218,0.25,0.65,89.3125,12.96630247988994,0.0
24.0,96,0.25,0.4,219,0.25,0.65,64.0,10.502975768800002,0.0
24.0,96,0.25,0.4,220,0.25,0.65,65.25,12.432316759156356,0.0
24.0,96,0.25,0.4,221,0.25,0.65,133.1875,16.97056274847714,0.0
24.0,96,0.25,0.4,222,0.25,0.65,5.1875,3.7165171868296265,0.0
24.0,96,0.25,0.4,223,0.25,0.65,191.8125,16.26729848499744,1.0
24.0,96,0.25,0.4,224,0.25,0.65,14.125,6.0878978309429606,0.0
24.0,96,0.25,0.4,225,0.25,0.65,38.5625,9.737171047075224,0.0
24.0,96,0.25,0.4,226,0.25,0.65,12.5625,5.297405025104273,0.0
24.0,96,0.25,0.4,227,0.25,0.65,222.1875,15.78171410208663,1.0
24.0,96,0.25,0.4,228,0.25,0.65,21.625,4.716990566028302,0.0
24.0,96,0.25,0.4,229,0.25,0.65,33.375,9.503288904374106,0.0
24.0,96,0.25,0.4,230,0.25,0.65,190.125,16.97056274847714,1.0
24.0,96,0.25,0.4,231,0.25,0.65,29.0,7.945124291035352,0.0
24.0,96,0.25,0.4,232,0.25,0.65,6.0625,2.9261749776799064,0.0
24.0,96,0.25,0.4,233,0.25,0.65,0.9375,0.75,0.0
24.0,96,0.25,0.4,234,0.25,0.65,97.75,15.461646096066227,0.0
24.0,96,0.25,0.4,235,0.25,0.65,97.5,13.867678248358663,0.0
24.0,96,0.25,0.4,236,0.25,0.65,14.6875,5.942432162002357,0.0
24.0,96,0.25,0.4,237,0.25,0.65,1.25,1.25,0.0
24.0,96,0.25,0.4,238,0.25,0.65,16.75,5.50567888638631,0.0
24.0,96,0.25,0.4,239,0.25,0.65,26.3125,9.168560410446124,0.0
24.0,96,0.25,0.4,240,0.25,0.65,40.0625,9.852030247619016,0.0
24.0,96,0.25,0.4,241,0.25,0.65,112.5,13.647344063956181,0.0
24.0,96,0.25,0.4,242,0.25,0.65,76.375,14.564511663629508,0.0
24.0,96,0.25,0.4,243,0.25,0.65,95.8125,16.97056274847714,0.0
24.0,96,0.25,0.4,244,0.25,0.65,66.6875,12.730377056474016,0.0
24.0,96,0.25,0.4,245,0.25,0.65,15.8125,5.755432216610669,0.0
24.0,96,0.25,0.4,246,0.25,0.65,5.5,4.562071897723665,0.0
24.0,96,0.25,0.4,247,0.25,0.65,8.5625,3.092329219213245,0.0
24.0,96,0.25,0.4,248,0.25,0.65,66.125,12.641696879770532,0.0
24.0,96,0.25,0.4,249,0.25,0.65,39.0625,9.334077351297235,0.0
24.0,96,0.25,0.4,250,0.25,0.65,9.1875,4.949747468305833,0.0
24.0,96,0.25,0.4,251,0.25,0.65,5.0,2.3048861143232218,0.0
24.0,96,0.25,0.4,252,0.25,0.65,4.6875,3.473110997362451,0.0
24.0,96,0.25,0.4,253,0.25,0.65,15.5,4.802343178074636,0.0
24.0,96,0.25,0.4,254,0.25,0.65,123.875,13.704470073665746,0.0
24.0,96,0.25,0.4,255,0.25,0.65,16.6875,5.153882032022076,0.0
24.0,96,0.25,0.4,256,0.25,0.65,5.8125,2.0155644370746373,0.0
24.0,96,0.25,0.4,257,0.25,0.65,46.125,7.5374067158406675,0.0
24.0,96,0.25,0.4,258,0.25,0.65,60.375,9.604686356149273,0.0
24.0,96,0.25,0.4,259,0.25,0.65,7.75,3.5794552658190883,0.0
24.0,96,0.25,0.4,260,0.25,0.65,29.25,8.050621094052309,0.0
24.0,96,0.25,0.4,261,0.25,0.65,11.375,4.366062299143245,0.0
24.0,96,0.25,0.4,262,0.25,0.65,12.375,5.25594901040716,0.0
24.0,96,0.25,0.4,263,0.25,0.65,152.1875,16.97056274847714,0.0
24.0,96,0.25,0.4,264,0.25,0.65,2.0,1.6770509831248424,0.0
24.0,96,0.25,0.4,265,0.25,0.65,7.5625,4.562071897723665,0.0
24.0,96,0.25,0.4,266,0.25,0.65,24.0,6.642665127793212,0.0
24.0,96,0.25,0.4,267,0.25,0.65,4.4375,2.462214450449026,0.0
24.0,96,0.25,0.4,268,0.25,0.65,5.3125,2.0615528128088303,0.0
24.0,96,0.25,0.4,269,0.25,0.65,234.125,14.285044627161653,1.0
24.0,96,0.25,0.4,270,0.25,0.65,69.25,14.212670403551895,0.0
24.0,96,0.25,0.4,271,0.25,0.65,79.875,12.816005617976296,0.0
24.0,96,0.25,0.4,272,0.25,0.65,1.5,1.118033988749895,0.0
24.0,96,0.25,0.4,273,0.25,0.65,38.3125,11.760633486339076,0.0
24.0,96,0.25,0.4,274,0.25,0.65,151.25,15.620499351813308,0.0
24.0,96,0.25,0.4,275,0.25,0.65,95.75,15.15132007450176,0.0
24.0,96,0.25,0.4,276,0.25,0.65,143.25,15.945218719101975,0.0
24.0,96,0.25,0.4,277,0.25,0.65,159.75,15.0,0.0
24.0,96,0.25,0.4,278,0.25,0.65,30.6875,9.370832406995657,0.0
24.0,96,0.25,0.4,279,0.25,0.65,205.0625,16.97056274847714,0.0
24.0,96,0.25,0.4,280,0.25,0.65,31.125,9.003471552684553,0.0
24.0,96,0.25,0.4,281,0.25,0.65,45.8125,11.876973520219703,0.0
24.0,96,0.25,0.4,282,0.25,0.65,5.375,2.5,0.0
24.0,96,0.25,0.4,283,0.25,0.65,28.625,7.830229881682913,0.0
24.0,96,0.25,0.4,284,0.25,0.65,85.0,8.951256894984079,0.0
24.0,96,0.25,0.4,285,0.25,0.65,128.4375,14.851346740279146,0.0
24.0,96,0.25,0.4,286,0.25,0.65,161.8125,13.647344063956181,0.0
24.0,96,0.25,0.4,287,0.25,0.65,8.25,3.3541019662496847,0.0
24.0,96,0.25,0.4,288,0.25,0.65,150.625,16.44878414959598,1.0
24.0,96,0.25,0.4,289,0.25,0.65,11.0,3.5794552658190883,0.0
24.0,96,0.25,0.4,290,0.25,0.65,85.875,13.383758814324173,0.0
24.0,96,0.25,0.4,291,0.25,0.65,13.3125,6.149186938124422,0.0
24.0,96,0.25,0.4,292,0.25,0.65,20.6875,6.878408246098802,0.0
24.0,96,0.25,0.4,293,0.25,0.65,8.4375,5.153882032022076,0.0
24.0,96,0.25,0.4,294,0.25,0.65,63.125,8.54400374531753,0.0
24.0,96,0.25,0.4,295,0.25,0.65,16.4375,6.174544517614234,0.0
24.0,96,0.25,0.4,296,0.25,0.65,21.5625,8.26513762740827,0.0
24.0,96,0.25,0.4,297,0.25,0.65,87.4375,12.747548783981962,0.0
24.0,96,0.25,0.4,298,0.25,0.65,128.4375,13.729530217745982,0.0
24.0,96,0.25,0.4,299,0.25,0.65,130.25,14.705441169852742,0.0
24.0,96,0.25,0.2,0,0.25,0.45,102.5625,12.905909499140307,0.0
24.0,96,0.25,0.2,1,0.25,0.45,182.6875,13.455946640797888,0.0
24.0,96,0.25,0.2,2,0.25,0.45,7.0625,3.0516389039334255,0.0
24.0,96,0.25,0.2,3,0.25,0.45,83.9375,14.150971698084906,0.0
24.0,96,0.25,0.2,4,0.25,0.45,165.125,16.794716431068434,0.0
24.0,96,0.25,0.2,5,0.25,0.45,6.125,3.0413812651491097,0.0
24.0,96,0.25,0.2,6,0.25,0.45,7.75,4.315669125408017,0.0
24.0,96,0.25,0.2,7,0.25,0.45,223.625,15.945218719101975,1.0
24.0,96,0.25,0.2,8,0.25,0.45,87.5,14.534441853748634,0.0
24.0,96,0.25,0.2,9,0.25,0.45,14.375,4.8541219597369,0.0
24.0,96,0.25,0.2,10,0.25,0.45,287.3125,16.97056274847714,1.0
24.0,96,0.25,0.2,11,0.25,0.45,189.0625,16.97056274847714,1.0
24.0,96,0.25,0.2,12,0.25,0.45,236.9375,16.110943485718025,1.0
24.0,96,0.25,0.2,13,0.25,0.45,3.0,1.6007810593582121,0.0
24.0,96,0.25,0.2,14,0.25,0.45,3.1875,1.8027756377319946,0.0
24.0,96,0.25,0.2,15,0.25,0.45,13.1875,6.604922406811453,0.0
24.0,96,0.25,0.2,16,0.25,0.45,237.3125,16.97056274847714,1.0
24.0,96,0.25,0.2,17,0.25,0.45,227.375,16.97056274847714,0.0
24.0,96,0.25,0.2,18,0.25,0.45,213.875,15.620499351813308,0.0
24.0,96,0.25,0.2,19,0.25,0.45,224.875,16.44878414959598,0.0
24.0,96,0.25,0.2,20,0.25,0.45,171.25,16.97056274847714,0.0
24.0,96,0.25,0.2,21,0.25,0.45,82.875,12.816005617976296,0.0
24.0,96,0.25,0.2,22,0.25,0.45,188.8125,15.78171410208663,0.0
24.0,96,0.25,0.2,23,0.25,0.45,264.5,15.305227865013967,1.0
24.0,96,0.25,0.2,24,0.25,0.45,114.125,12.816005617976296,0.0
24.0,96,0.25,0.2,25,0.25,0.45,36.75,12.349089035228468,0.0
24.0,96,0.25,0.2,26,0.25,0.45,191.6875,16.794716431068434,0.0
24.0,96,0.25,0.2,27,0.25,0.45,197.0,16.62077013859466,0.0
24.0,96,0.25,0.2,28,0.25,0.45,68.8125,12.971121771072847,0.0
24.0,96,0.25,0.2,29,0.25,0.45,204.0,16.97056274847714,0.0
24.0,96,0.25,0.2,30,0.25,0.45,229.1875,16.794716431068434,1.0
24.0,96,0.25,0.2,31,0.25,0.45,230.3125,16.441183047457383,1.0
24.0,96,0.25,0.2,32,0.25,0.45,120.0625,12.572290960680158,0.0
24.0,96,0.25,0.2,33,0.25,0.45,1.75,1.118033988749895,0.0
24.0,96,0.25,0.2,34,0.25,0.45,219.875,16.110943485718025,1.0
24.0,96,0.25,0.2,35,0.25,0.45,10.1875,3.7165171868296265,0.0
24.0,96,0.25,0.2,36,0.25,0.45,84.4375,12.572290960680158,1.0
24.0,96,0.25,0.2,37,0.25,0.45,260.8125,16.97056274847714,1.0
24.0,96,0.25,0.2,38,0.25,0.45,254.4375,16.62077013859466,0.0
24.0,96,0.25,0.2,39,0.25,0.45,21.5625,5.0,0.0
24.0,96,0.25,0.2,40,0.25,0.45,72.3125,12.126932835634904,0.0
24.0,96,0.25,0.2,41,0.25,0.45,129.6875,14.851346740279146,0.0
24.0,96,0.25,0.2,42,0.25,0.45,249.25,16.62077013859466,1.0
24.0,96,0.25,0.2,43,0.25,0.45,2.375,1.5206906325745548,0.0
24.0,96,0.25,0.2,44,0.25,0.45,244.75,15.305227865013967,1.0
24.0,96,0.25,0.2,45,0.25,0.45,170.1875,16.97056274847714,0.0
24.0,96,0.25,0.2,46,0.25,0.45,161.75,16.794716431068434,1.0
24.0,96,0.25,0.2,47,0.25,0.45,64.125,9.334077351297235,0.0
24.0,96,0.25,0.2,48,0.25,0.45,175.3125,16.97056274847714,1.0
24.0,96,0.25,0.2,49,0.25,0.45,12.0,3.905124837953327,0.0
24.0,96,0.25,0.2,50,0.25,0.45,3.125,2.692582403567252,0.0
24.0,96,0.25,0.2,51,0.25,0.45,7.1875,2.850438562747845,0.0
24.0,96,0.25,0.2,52,0.25,0.45,265.4375,16.44878414959598,1.0
24.0,96,0.25,0.2,53,0.25,0.45,41.0,6.329494450586082,0.0
24.0,96,0.25,0.2,54,0.25,0.45,193.4375,16.44878414959598,0.0
24.0,96,0.25,0.2,55,0.25,0.45,204.875,16.97056274847714,1.0
24.0,96,0.25,0.2,56,0.25,0.45,29.625,8.1891696770796,0.0
24.0,96,0.25,0.2,57,0.25,0.45,107.4375,16.794716431068434,0.0
24.0,96,0.25,0.2,58,0.25,0.45,129.125,12.434830115445887,1.0
24.0,96,0.25,0.2,59,0.25,0.45,2.0625,1.2747548783981961,0.0
24.0,96,0.25,0.2,60,0.25,0.45,91.625,13.088640112708424,0.0
24.0,96,0.25,0.2,61,0.25,0.45,16.0625,4.8541219597369,0.0
24.0,96,0.25,0.2,62,0.25,0.45,214.9375,16.278820596099706,0.0
24.0,96,0.25,0.2,63,0.25,0.45,17.0,4.0697051490249265,0.0
24.0,96,0.25,0.2,64,0.25,0.45,10.8125,5.8576872569299905,0.0
24.0,96,0.25,0.2,65,0.25,0.45,15.4375,5.836308764964376,0.0
24.0,96,0.25,0.2,66,0.25,0.45,214.1875,16.278820596099706,1.0
24.0,96,0.25,0.2,67,0.25,0.45,203.6875,16.110943485718025,0.0
24.0,96,0.25,0.2,68,0.25,0.45,66.875,10.090218035305282,0.0
24.0,96,0.25,0.2,69,0.25,0.45,203.375,15.945218719101975,0.0
24.0,96,0.25,0.2,70,0.25,0.45,20.875,5.706356105256663,0.0
24.0,96,0.25,0.2,71,0.25,0.45,79.75,12.5,0.0
24.0,96,0.25,0.2,72,0.25,0.45,249.875,15.620499351813308,1.0
24.0,96,0.25,0.2,73,0.25,0.45,109.5,14.887074930959406,0.0
24.0,96,0.25,0.2,74,0.25,0.45,105.375,15.305227865013967,0.0
24.0,96,0.25,0.2,75,0.25,0.45,165.25,16.62077013859466,0.0
24.0,96,0.25,0.2,76,0.25,0.45,74.0,14.020074892809953,0.0
24.0,96,0.25,0.2,77,0.25,0.45,43.5625,10.46721070772916,0.0
24.0,96,0.25,0.2,78,0.25,0.45,41.0,10.594810050208546,0.0
24.0,96,0.25,0.2,79,0.25,0.45,172.125,14.705441169852742,1.0
24.0,96,0.25,0.2,80,0.25,0.45,54.4375,14.562365879210699,0.0
24.0,96,0.25,0.2,81,0.25,0.45,21.0,5.926634795564849,0.0
24.0,96,0.25,0.2,82,0.25,0.45,273.8125,16.97056274847714,0.0
24.0,96,0.25,0.2,83,0.25,0.45,95.375,13.667936932836644,0.0
24.0,96,0.25,0.2,84,0.25,0.45,259.0625,16.97056274847714,1.0
24.0,96,0.25,0.2,85,0.25,0.45,155.8125,14.285044627161653,1.0
24.0,96,0.25,0.2,86,0.25,0.45,28.5625,10.111874208078342,0.0
24.0,96,0.25,0.2,87,0.25,0.45,153.5625,16.97056274847714,1.0
24.0,96,0.25,0.2,88,0.25,0.45,174.8125,13.530059127734809,0.0
24.0,96,0.25,0.2,89,0.25,0.45,252.375,16.44878414959598,0.0
24.0,96,0.25,0.2,90,0.25,0.45,266.125,16.97056274847714,1.0
24.0,96,0.25,0.2,91,0.25,0.45,227.8125,15.620499351813308,1.0
24.0,96,0.25,0.2,92,0.25,0.45,49.875,10.854146673046206,0.0
24.0,96,0.25,0.2,93,0.25,0.45,2.875,1.346291201783626,0.0
24.0,96,0.25,0.2,94,0.25,0.45,61.8125,12.083045973594572,0.0
24.0,96,0.25,0.2,95,0.25,0.45,268.375,16.794716431068434,1.0
24.0,96,0.25,0.2,96,0.25,0.45,58.25,10.259142264341596,0.0
24.0,96,0.25,0.2,97,0.25,0.45,273.75,16.26729848499744,0.0
24.0,96,0.25,0.2,98,0.25,0.45,287.5,16.794716431068434,1.0
24.0,96,0.25,0.2,99,0.25,0.45,95.5625,12.211674741819813,0.0
24.0,96,0.25,0.2,100,0.25,0.45,223.8125,16.97056274847714,1.0
24.0,96,0.25,0.2,101,0.25,0.45,233.125,16.794716431068434,0.0
24.0,96,0.25,0.2,102,0.25,0.45,180.1875,16.97056274847714,0.0
24.0,96,0.25,0.2,103,0.25,0.45,213.5625,16.97056274847714,1.0
24.0,96,0.25,0.2,104,0.25,0.45,21.25,8.634958019585271,0.0
24.0,96,0.25,0.2,105,0.25,0.45,149.5,13.768169813014364,0.0
24.0,96,0.25,0.2,106,0.25,0.45,9.625,3.881043674065006,0.0
24.0,96,0.25,0.2,107,0.25,0.45,264.375,16.97056274847714,1.0
24.0,96,0.25,0.2,108,0.25,0.45,146.75,13.353370361073642,1.0
24.0,96,0.25,0.2,109,0.25,0.45,214.3125,16.110943485718025,1.0
24.0,96,0.25,0.2,110,0.25,0.45,53.8125,12.175795661885921,0.0
24.0,96,0.25,0.2,111,0.25,0.45,85.8125,14.422205101855956,0.0
24.0,96,0.25,0.2,112,0.25,0.45,247.125,16.110943485718025,1.0
24.0,96,0.25,0.2,113,0.25,0.45,1.625,1.118033988749895,0.0
24.0,96,0.25,0.2,114,0.25,0.45,69.6875,13.0,0.0
24.0,96,0.25,0.2,115,0.25,0.45,2.0625,1.2747548783981961,0.0
24.0,96,0.25,0.2,116,0.25,0.45,146.125,15.305227865013967,0.0
24.0,96,0.25,0.2,117,0.25,0.45,38.75,8.860022573334675,0.0
24.0,96,0.25,0.2,118,0.25,0.45,42.375,9.100137361600648,0.0
24.0,96,0.25,0.2,119,0.25,0.45,182.0625,15.620499351813308,1.0
24.0,96,0.25,0.2,120,0.25,0.45,142.9375,16.97056274847714,0.0
24.0,96,0.25,0.2,121,0.25,0.45,180.875,15.461646096066227,1.0
24.0,96,0.25,0.2,122,0.25,0.45,185.4375,15.925608308632986,1.0
24.0,96,0.25,0.2,123,0.25,0.45,206.75,15.15132007450176,1.0
24.0,96,0.25,0.2,124,0.25,0.45,62.625,12.093386622447824,0.0
24.0,96,0.25,0.2,125,0.25,0.45,217.1875,16.97056274847714,0.0
24.0,96,0.25,0.2,126,0.25,0.45,214.375,16.97056274847714,0.0
24.0,96,0.25,0.2,127,0.25,0.45,106.125,13.768169813014364,0.0
24.0,96,0.25,0.2,128,0.25,0.45,211.6875,16.794716431068434,0.0
24.0,96,0.25,0.2,129,0.25,0.45,198.4375,16.278820596099706,0.0
24.0,96,0.25,0.2,130,0.25,0.45,203.6875,15.461646096066227,0.0
24.0,96,0.25,0.2,131,0.25,0.45,111.4375,16.62077013859466,0.0
24.0,96,0.25,0.2,132,0.25,0.45,149.8125,14.851346740279146,0.0
24.0,96,0.25,0.2,133,0.25,0.45,120.125,13.416407864998739,0.0
24.0,96,0.25,0.2,134,0.25,0.45,53.625,14.705441169852742,0.0
24.0,96,0.25,0.2,135,0.25,0.45,121.6875,16.110943485718025,0.0
24.0,96,0.25,0.2,136,0.25,0.45,139.625,16.62077013859466,0.0
24.0,96,0.25,0.2,137,0.25,0.45,257.5,16.97056274847714,1.0
24.0,96,0.25,0.2,138,0.25,0.45,216.1875,16.62077013859466,0.0
24.0,96,0.25,0.2,139,0.25,0.45,224.8125,15.461646096066227,0.0
24.0,96,0.25,0.2,140,0.25,0.45,217.0,16.44878414959598,1.0
24.0,96,0.25,0.2,141,0.25,0.45,11.6875,3.8078865529319543,0.0
24.0,96,0.25,0.2,142,0.25,0.45,4.6875,3.25,0.0
24.0,96,0.25,0.2,143,0.25,0.45,202.4375,16.62077013859466,0.0
24.0,96,0.25,0.2,144,0.25,0.45,158.3125,15.945218719101975,0.0
24.0,96,0.25,0.2,145,0.25,0.45,23.0,6.046693311223912,0.0
24.0,96,0.25,0.2,146,0.25,0.45,55.875,15.913830462839549,0.0
24.0,96,0.25,0.2,147,0.25,0.45,56.375,12.272937708633577,0.0
24.0,96,0.25,0.2,148,0.25,0.45,156.6875,16.97056274847714,0.0
24.0,96,0.25,0.2,149,0.25,0.45,180.0625,16.110943485718025,0.0
24.0,96,0.25,0.2,150,0.25,0.45,50.9375,10.213349107907748,0.0
24.0,96,0.25,0.2,151,0.25,0.45,187.5,15.239750654128171,1.0
24.0,96,0.25,0.2,152,0.25,0.45,170.625,16.794716431068434,0.0
24.0,96,0.25,0.2,153,0.25,0.45,10.5625,3.952847075210474,0.0
24.0,96,0.25,0.2,154,0.25,0.45,134.8125,16.278820596099706,0.0
24.0,96,0.25,0.2,155,0.25,0.45,44.3125,11.149551560488879,0.0
24.0,96,0.25,0.2,156,0.25,0.45,268.4375,16.97056274847714,0.0
24.0,96,0.25,0.2,157,0.25,0.45,70.0,11.632390124131842,0.0
24.0,96,0.25,0.2,158,0.25,0.45,191.6875,16.97056274847714,1.0
24.0,96,0.25,0.2,159,0.25,0.45,175.0,13.75,0.0
24.0,96,0.25,0.2,160,0.25,0.45,208.375,15.945218719101975,1.0
24.0,96,0.25,0.2,161,0.25,0.45,192.375,14.851346740279146,0.0
24.0,96,0.25,0.2,162,0.25,0.45,194.25,14.851346740279146,0.0
24.0,96,0.25,0.2,163,0.25,0.45,231.4375,16.97056274847714,1.0
24.0,96,0.25,0.2,164,0.25,0.45,146.5625,15.051993223490369,1.0
24.0,96,0.25,0.2,165,0.25,0.45,135.25,12.869537676233751,0.0
24.0,96,0.25,0.2,166,0.25,0.45,238.375,16.794716431068434,0.0
24.0,96,0.25,0.2,167,0.25,0.45,91.5,14.150971698084906,0.0
24.0,96,0.25,0.2,168,0.25,0.45,272.375,16.97056274847714,0.0
24.0,96,0.25,0.2,169,0.25,0.45,110.1875,16.97056274847714,0.0
24.0,96,0.25,0.2,170,0.25,0.45,213.25,14.758472143145442,0.0
24.0,96,0.25,0.2,171,0.25,0.45,180.125,16.278820596099706,0.0
24.0,96,0.25,0.2,172,0.25,0.45,143.125,16.44878414959598,0.0
24.0,96,0.25,0.2,173,0.25,0.45,217.75,16.110943485718025,1.0
24.0,96,0.25,0.2,174,0.25,0.45,248.5,16.97056274847714,0.0
24.0,96,0.25,0.2,175,0.25,0.45,42.9375,12.20911544707478,0.0
24.0,96,0.25,0.2,176,0.25,0.45,163.9375,16.110943485718025,0.0
24.0,96,0.25,0.2,177,0.25,0.45,270.125,16.278820596099706,1.0
24.0,96,0.25,0.2,178,0.25,0.45,19.625,6.576473218982953,0.0
24.0,96,0.25,0.2,179,0.25,0.45,1.875,1.6770509831248424,0.0
24.0,96,0.25,0.2,180,0.25,0.45,114.8125,12.693502274786104,0.0
24.0,96,0.25,0.2,181,0.25,0.45,41.8125,9.414085191881366,0.0
24.0,96,0.25,0.2,182,0.25,0.45,93.375,12.41219158730641,0.0
24.0,96,0.25,0.2,183,0.25,0.45,3.0625,2.0615528128088303,0.0
24.0,96,0.25,0.2,184,0.25,0.45,65.375,10.29866496202299,0.0
24.0,96,0.25,0.2,185,0.25,0.45,276.9375,16.278820596099706,1.0
24.0,96,0.25,0.2,186,0.25,0.45,26.3125,7.280109889280518,0.0
24.0,96,0.25,0.2,187,0.25,0.45,244.125,16.794716431068434,1.0
24.0,96,0.25,0.2,188,0.25,0.45,259.1875,16.97056274847714,1.0
24.0,96,0.25,0.2,189,0.25,0.45,148.8125,15.572411502397436,0.0
24.0,96,0.25,0.2,190,0.25,0.45,256.75,16.110943485718025,0.0
24.0,96,0.25,0.2,191,0.25,0.45,170.9375,14.422205101855956,0.0
24.0,96,0.25,0.2,192,0.25,0.45,100.6875,15.461646096066227,0.0
24.0,96,0.25,0.2,193,0.25,0.45,293.625,15.461646096066227,1.0
24.0,96,0.25,0.2,194,0.25,0.45,97.3125,13.806701271484076,0.0
24.0,96,0.25,0.2,195,0.25,0.45,250.0625,16.97056274847714,1.0
24.0,96,0.25,0.2,196,0.25,0.45,32.4375,10.680004681646913,0.0
24.0,96,0.25,0.2,197,0.25,0.45,1.5625,1.25,0.0
24.0,96,0.25,0.2,198,0.25,0.45,214.3125,16.97056274847714,1.0
24.0,96,0.25,0.2,199,0.25,0.45,32.3125,11.718041645257966,0.0
24.0,96,0.25,0.2,200,0.25,0.45,294.5,16.97056274847714,1.0
24.0,96,0.25,0.2,201,0.25,0.45,1.5625,0.9013878188659973,0.0
24.0,96,0.25,0.2,202,0.25,0.45,214.5,15.945218719101975,1.0
24.0,96,0.25,0.2,203,0.25,0.45,2.875,1.6007810593582121,0.0
24.0,96,0.25,0.2,204,0.25,0.45,197.6875,14.35705401536123,1.0
24.0,96,0.25,0.2,205,0.25,0.45,5.75,3.0516389039334255,0.0
24.0,96,0.25,0.2,206,0.25,0.45,147.0,12.434830115445887,0.0
24.0,96,0.25,0.2,207,0.25,0.45,278.3125,16.110943485718025,0.0
24.0,96,0.25,0.2,208,0.25,0.45,78.75,14.758472143145442,0.0
24.0,96,0.25,0.2,209,0.25,0.45,225.5625,16.62077013859466,0.0
24.0,96,0.25,0.2,210,0.25,0.45,287.8125,15.620499351813308,1.0
24.0,96,0.25,0.2,211,0.25,0.45,192.25,16.97056274847714,0.0
24.0,96,0.25,0.2,212,0.25,0.45,113.9375,16.97056274847714,0.0
24.0,96,0.25,0.2,213,0.25,0.45,1.4375,0.9013878188659973,0.0
24.0,96,0.25,0.2,214,0.25,0.45,197.875,16.278820596099706,0.0
24.0,96,0.25,0.2,215,0.25,0.45,112.6875,16.44878414959598,0.0
24.0,96,0.25,0.2,216,0.25,0.45,263.6875,16.97056274847714,0.0
24.0,96,0.25,0.2,217,0.25,0.45,200.9375,15.734118977559563,1.0
24.0,96,0.25,0.2,218,0.25,0.45,120.1875,14.851346740279146,0.0
24.0,96,0.25,0.2,219,0.25,0.45,215.5625,16.97056274847714,0.0
24.0,96,0.25,0.2,220,0.25,0.45,157.875,16.62077013859466,0.0
24.0,96,0.25,0.2,221,0.25,0.45,232.5,16.278820596099706,0.0
24.0,96,0.25,0.2,222,0.25,0.45,65.1875,14.285044627161653,0.0
24.0,96,0.25,0.2,223,0.25,0.45,52.4375,13.647344063956181,0.0
24.0,96,0.25,0.2,224,0.25,0.45,220.8125,16.44878414959598,1.0
24.0,96,0.25,0.2,225,0.25,0.45,41.375,8.923284148787374,0.0
24.0,96,0.25,0.2,226,0.25,0.45,32.0,10.845505981741931,0.0
24.0,96,0.25,0.2,227,0.25,0.45,166.75,14.724554322627222,0.0
24.0,96,0.25,0.2,228,0.25,0.45,6.5625,2.850438562747845,0.0
24.0,96,0.25,0.2,229,0.25,0.45,123.875,15.945218719101975,0.0
24.0,96,0.25,0.2,230,0.25,0.45,128.1875,16.794716431068434,0.0
24.0,96,0.25,0.2,231,0.25,0.45,162.125,16.97056274847714,0.0
24.0,96,0.25,0.2,232,0.25,0.45,13.0,6.0878978309429606,0.0
24.0,96,0.25,0.2,233,0.25,0.45,28.4375,7.115124735378854,0.0
24.0,96,0.25,0.2,234,0.25,0.45,61.6875,13.098186897429736,0.0
24.0,96,0.25,0.2,235,0.25,0.45,59.0,12.198872898755852,0.0
24.0,96,0.25,0.2,236,0.25,0.45,221.375,16.62077013859466,1.0
24.0,96,0.25,0.2,237,0.25,0.45,4.3125,2.5,0.0
24.0,96,0.25,0.2,238,0.25,0.45,156.8125,14.285044627161653,0.0
24.0,96,0.25,0.2,239,0.25,0.45,190.3125,16.278820596099706,0.0
24.0,96,0.25,0.2,240,0.25,0.45,0.75,0.7905694150420949,0.0
24.0,96,0.25,0.2,241,0.25,0.45,217.8125,16.97056274847714,0.0
24.0,96,0.25,0.2,242,0.25,0.45,242.5625,16.110943485718025,0.0
24.0,96,0.25,0.2,243,0.25,0.45,4.5,3.132491021535417,0.0
24.0,96,0.25,0.2,244,0.25,0.45,85.9375,15.110013236261576,0.0
24.0,96,0.25,0.2,245,0.25,0.45,39.75,8.634958019585271,0.0
24.0,96,0.25,0.2,246,0.25,0.45,3.75,2.3048861143232218,0.0
24.0,96,0.25,0.2,247,0.25,0.45,230.1875,16.44878414959598,1.0
24.0,96,0.25,0.2,248,0.25,0.45,180.25,15.110013236261576,1.0
24.0,96,0.25,0.2,249,0.25,0.45,18.5,5.273755777432247,0.0
24.0,96,0.25,0.2,250,0.25,0.45,133.375,16.97056274847714,0.0
24.0,96,0.25,0.2,251,0.25,0.45,162.25,14.100088652203574,0.0
24.0,96,0.25,0.2,252,0.25,0.45,11.0,4.562071897723665,0.0
24.0,96,0.25,0.2,253,0.25,0.45,13.5625,3.2882366094914763,0.0
24.0,96,0.25,0.2,254,0.25,0.45,4.875,2.1360009363293826,0.0
24.0,96,0.25,0.2,255,0.25,0.45,217.0625,16.794716431068434,0.0
24.0,96,0.25,0.2,256,0.25,0.45,222.0,16.794716431068434,1.0
24.0,96,0.25,0.2,257,0.25,0.45,204.875,16.97056274847714,1.0
24.0,96,0.25,0.2,258,0.25,0.45,90.4375,13.383758814324173,0.0
24.0,96,0.25,0.2,259,0.25,0.45,2.125,1.6007810593582121,0.0
24.0,96,0.25,0.2,260,0.25,0.45,150.9375,14.2148689758295,0.0
24.0,96,0.25,0.2,261,0.25,0.45,217.75,16.278820596099706,0.0
24.0,96,0.25,0.2,262,0.25,0.45,72.875,12.442367138129304,0.0
24.0,96,0.25,0.2,263,0.25,0.45,11.125,5.852349955359813,0.0
24.0,96,0.25,0.2,264,0.25,0.45,249.375,16.62077013859466,0.0
24.0,96,0.25,0.2,265,0.25,0.45,7.1875,3.952847075210474,0.0
24.0,96,0.25,0.2,266,0.25,0.45,8.75,4.373213921133975,0.0
24.0,96,0.25,0.2,267,0.25,0.45,1.4375,1.118033988749895,0.0
24.0,96,0.25,0.2,268,0.25,0.45,259.125,16.97056274847714,1.0
24.0,96,0.25,0.2,269,0.25,0.45,242.5625,14.67353059082919,1.0
24.0,96,0.25,0.2,270,0.25,0.45,55.25,10.431323022512533,0.0
24.0,96,0.25,0.2,271,0.25,0.45,3.625,1.7677669529663689,0.0
24.0,96,0.25,0.2,272,0.25,0.45,204.6875,15.945218719101975,1.0
24.0,96,0.25,0.2,273,0.25,0.45,8.5,5.0,0.0
24.0,96,0.25,0.2,274,0.25,0.45,207.5,15.945218719101975,0.0
24.0,96,0.25,0.2,275,0.25,0.45,317.9375,16.97056274847714,1.0
24.0,96,0.25,0.2,276,0.25,0.45,49.125,15.15132007450176,0.0
24.0,96,0.25,0.2,277,0.25,0.45,31.375,10.0,0.0
24.0,96,0.25,0.2,278,0.25,0.45,74.8125,16.278820596099706,0.0
24.0,96,0.25,0.2,279,0.25,0.45,236.25,16.97056274847714,1.0
24.0,96,0.25,0.2,280,0.25,0.45,278.75,16.794716431068434,0.0
24.0,96,0.25,0.2,281,0.25,0.45,59.4375,15.027058927148719,0.0
24.0,96,0.25,0.2,282,0.25,0.45,12.75,4.5069390943299865,0.0
24.0,96,0.25,0.2,283,0.25,0.45,157.125,15.461646096066227,0.0
24.0,96,0.25,0.2,284,0.25,0.45,13.625,5.706356105256663,0.0
24.0,96,0.25,0.2,285,0.25,0.45,116.375,14.851346740279146,0.0
24.0,96,0.25,0.2,286,0.25,0.45,248.0625,16.97056274847714,1.0
24.0,96,0.25,0.2,287,0.25,0.45,63.5625,11.450982490598786,0.0
24.0,96,0.25,0.2,288,0.25,0.45,260.4375,14.562365879210699,1.0
24.0,96,0.25,0.2,289,0.25,0.45,7.3125,2.57390753524675,0.0
24.0,96,0.25,0.2,290,0.25,0.45,279.0625,16.278820596099706,1.0
24.0,96,0.25,0.2,291,0.25,0.45,0.875,0.7905694150420949,0.0
24.0,96,0.25,0.2,292,0.25,0.45,10.9375,4.315669125408017,0.0
24.0,96,0.25,0.2,293,0.25,0.45,14.25,5.771698190307598,0.0
24.0,96,0.25,0.2,294,0.25,0.45,7.0625,2.5124689052802225,0.0
24.0,96,0.25,0.2,295,0.25,0.45,3.875,2.6575364531836625,0.0
24.0,96,0.25,0.2,296,0.25,0.45,235.8125,16.62077013859466,1.0
24.0,96,0.25,0.2,297,0.25,0.45,131.625,15.15132007450176,0.0
24.0,96,0.25,0.2,298,0.25,0.45,1.75,1.2747548783981961,0.0
24.0,96,0.25,0.2,299,0.25,0.45,205.25,16.278820596099706,0.0
48.0,192,0.25,1.2,0,0.25,1.45,5.125,3.2882366094914763,0.0
48.0,192,0.25,1.2,1,0.25,1.45,4.5625,2.23606797749979,0.0
48.0,192,0.25,1.2,2,0.25,1.45,3.5,2.3048861143232218,0.0
48.0,192,0.25,1.2,3,0.25,1.45,5.5,2.7950849718747373,0.0
48.0,192,0.25,1.2,4,0.25,1.45,0.75,0.5590169943749475,0.0
48.0,192,0.25,1.2,5,0.25,1.45,3.375,1.7677669529663689,0.0
48.0,192,0.25,1.2,6,0.25,1.45,1.0,1.0307764064044151,0.0
48.0,192,0.25,1.2,7,0.25,1.45,9.6875,5.153882032022076,0.0
48.0,192,0.25,1.2,8,0.25,1.45,31.5,8.284020762890446,0.0
48.0,192,0.25,1.2,9,0.25,1.45,2.375,1.6007810593582121,0.0
48.0,192,0.25,1.2,10,0.25,1.45,4.875,2.850438562747845,0.0
48.0,192,0.25,1.2,11,0.25,1.45,12.375,4.527692569068709,0.0
48.0,192,0.25,1.2,12,0.25,1.45,3.0625,2.1213203435596424,0.0
48.0,192,0.25,1.2,13,0.25,1.45,3.0,1.8027756377319946,0.0
48.0,192,0.25,1.2,14,0.25,1.45,2.875,1.6770509831248424,0.0
48.0,192,0.25,1.2,15,0.25,1.45,1.125,1.25,0.0
48.0,192,0.25,1.2,16,0.25,1.45,25.3125,8.403868156985805,0.0
48.0,192,0.25,1.2,17,0.25,1.45,19.0,7.079901129253148,0.0
48.0,192,0.25,1.2,18,0.25,1.45,14.1875,6.324555320336759,0.0
48.0,192,0.25,1.2,19,0.25,1.45,15.1875,5.062114182829147,0.0
48.0,192,0.25,1.2,20,0.25,1.45,5.375,2.7950849718747373,0.0
48.0,192,0.25,1.2,21,0.25,1.45,9.4375,3.824264635194589,0.0
48.0,192,0.25,1.2,22,0.25,1.45,3.0,1.6007810593582121,0.0
48.0,192,0.25,1.2,23,0.25,1.45,5.3125,3.2882366094914763,0.0
48.0,192,0.25,1.2,24,0.25,1.45,1.6875,1.2747548783981961,0.0
48.0,192,0.25,1.2,25,0.25,1.45,5.5625,3.400367627183861,0.0
48.0,192,0.25,1.2,26,0.25,1.45,2.6875,1.7677669529663689,0.0
48.0,192,0.25,1.2,27,0.25,1.45,8.875,3.2015621187164243,0.0
48.0,192,0.25,1.2,28,0.25,1.45,2.3125,1.5811388300841898,0.0
48.0,192,0.25,1.2,29,0.25,1.45,6.0625,2.462214450449026,0.0
48.0,192,0.25,1.2,30,0.25,1.45,1.4375,1.346291201783626,0.0
48.0,192,0.25,1.2,31,0.25,1.45,8.1875,3.952847075210474,0.0
48.0,192,0.25,1.2,32,0.25,1.45,15.5625,4.828301978956992,0.0
48.0,192,0.25,1.2,33,0.25,1.45,7.1875,3.2015621187164243,0.0
48.0,192,0.25,1.2,34,0.25,1.45,10.5625,5.755432216610669,0.0
48.0,192,0.25,1.2,35,0.25,1.45,7.125,2.850438562747845,0.0
48.0,192,0.25,1.2,36,0.25,1.45,2.5,1.8200274723201295,0.0
48.0,192,0.25,1.2,37,0.25,1.45,4.5,2.3048861143232218,0.0
48.0,192,0.25,1.2,38,0.25,1.45,16.125,5.303300858899107,0.0
48.0,192,0.25,1.2,39,0.25,1.45,8.125,4.366062299143245,0.0
48.0,192,0.25,1.2,40,0.25,1.45,8.875,3.816084380618437,0.0
48.0,192,0.25,1.2,41,0.25,1.45,7.8125,4.242640687119285,0.0
48.0,192,0.25,1.2,42,0.25,1.45,4.3125,2.1360009363293826,0.0
48.0,192,0.25,1.2,43,0.25,1.45,10.0625,3.553167600887974,0.0
48.0,192,0.25,1.2,44,0.25,1.45,3.4375,1.8200274723201295,0.0
48.0,192,0.25,1.2,45,0.25,1.45,2.0625,1.346291201783626,0.0
48.0,192,0.25,1.2,46,0.25,1.45,13.8125,5.220153254455275,0.0
48.0,192,0.25,1.2,47,0.25,1.45,10.75,3.5089172119045497,0.0
48.0,192,0.25,1.2,48,0.25,1.45,1.875,2.0155644370746373,0.0
48.0,192,0.25,1.2,49,0.25,1.45,4.5625,2.1505813167606567,0.0
48.0,192,0.25,1.2,50,0.25,1.45,4.25,2.6100766272276377,0.0
48.0,192,0.25,1.2,51,0.25,1.45,2.3125,1.6007810593582121,0.0
48.0,192,0.25,1.2,52,0.25,1.45,1.875,1.346291201783626,0.0
48.0,192,0.25,1.2,53,0.25,1.45,10.4375,5.408326913195984,0.0
48.0,192,0.25,1.2,54,0.25,1.45,4.0625,1.6770509831248424,0.0
48.0,192,0.25,1.2,55,0.25,1.45,5.4375,3.0516389039334255,0.0
48.0,192,0.25,1.2,56,0.25,1.45,20.6875,6.329494450586082,0.0
48.0,192,0.25,1.2,57,0.25,1.45,2.25,1.346291201783626,0.0
48.0,192,0.25,1.2,58,0.25,1.45,12.375,5.50567888638631,0.0
48.0,192,0.25,1.2,59,0.25,1.45,6.1875,3.824264635194589,0.0
48.0,192,0.25,1.2,60,0.25,1.45,7.125,3.2596012026013246,0.0
48.0,192,0.25,1.2,61,0.25,1.45,10.4375,3.3541019662496847,0.0
48.0,192,0.25,1.2,62,0.25,1.45,2.5625,1.346291201783626,0.0
48.0,192,0.25,1.2,63,0.25,1.45,7.0,4.6097722286464435,0.0
48.0,192,0.25,1.2,64,0.25,1.45,1.8125,1.118033988749895,0.0
48.0,192,0.25,1.2,65,0.25,1.45,5.5625,4.802343178074636,0.0
48.0,192,0.25,1.2,66,0.25,1.45,5.125,3.020761493398643,0.0
48.0,192,0.25,1.2,67,0.25,1.45,4.0625,2.7950849718747373,0.0
48.0,192,0.25,1.2,68,0.25,1.45,5.6875,3.48209706929603,0.0
48.0,192,0.25,1.2,69,0.25,1.45,5.25,2.23606797749979,0.0
48.0,192,0.25,1.2,70,0.25,1.45,3.6875,2.0155644370746373,0.0
48.0,192,0.25,1.2,71,0.25,1.45,32.9375,10.854146673046206,0.0
48.0,192,0.25,1.2,72,0.25,1.45,0.6875,0.5590169943749475,0.0
48.0,192,0.25,1.2,73,0.25,1.45,4.375,2.462214450449026,0.0
48.0,192,0.25,1.2,74,0.25,1.45,18.0,6.576473218982953,0.0
48.0,192,0.25,1.2,75,0.25,1.45,9.6875,6.373774391990981,0.0
48.0,192,0.25,1.2,76,0.25,1.45,14.125,5.706356105256663,0.0
48.0,192,0.25,1.2,77,0.25,1.45,1.3125,1.0307764064044151,0.0
48.0,192,0.25,1.2,78,0.25,1.45,3.625,2.57390753524675,0.0
48.0,192,0.25,1.2,79,0.25,1.45,3.0,1.7677669529663689,0.0
48.0,192,0.25,1.2,80,0.25,1.45,1.6875,1.5206906325745548,0.0
48.0,192,0.25,1.2,81,0.25,1.45,4.625,2.850438562747845,0.0
48.0,192,0.25,1.2,82,0.25,1.45,1.6875,1.118033988749895,0.0
48.0,192,0.25,1.2,83,0.25,1.45,5.1875,3.25,0.0
48.0,192,0.25,1.2,84,0.25,1.45,1.6875,1.2747548783981961,0.0
48.0,192,0.25,1.2,85,0.25,1.45,2.9375,1.5811388300841898,0.0
48.0,192,0.25,1.2,86,0.25,1.45,3.375,2.0155644370746373,0.0
48.0,192,0.25,1.2,87,0.25,1.45,2.4375,1.5811388300841898,0.0
48.0,192,0.25,1.2,88,0.25,1.45,2.375,1.5206906325745548,0.0
48.0,192,0.25,1.2,89,0.25,1.45,5.75,3.5089172119045497,0.0
48.0,192,0.25,1.2,90,0.25,1.45,25.0625,6.4031242374328485,0.0
48.0,192,0.25,1.2,91,0.25,1.45,1.5625,1.0307764064044151,0.0
48.0,192,0.25,1.2,92,0.25,1.45,9.6875,5.062114182829147,0.0
48.0,192,0.25,1.2,93,0.25,1.45,0.875,0.9013878188659973,0.0
48.0,192,0.25,1.2,94,0.25,1.45,5.3125,2.358495283014151,0.0
48.0,192,0.25,1.2,95,0.25,1.45,4.75,2.3048861143232218,0.0
48.0,192,0.25,1.2,96,0.25,1.45,7.625,3.824264635194589,0.0
48.0,192,0.25,1.2,97,0.25,1.45,3.0625,1.5206906325745548,0.0
48.0,192,0.25,1.2,98,0.25,1.45,3.25,3.092329219213245,0.0
48.0,192,0.25,1.2,99,0.25,1.45,6.125,2.23606797749979,0.0
48.0,192,0.25,1.2,100,0.25,1.45,21.9375,7.267220926874317,0.0
48.0,192,0.25,1.2,101,0.25,1.45,3.5625,2.2638462845343543,0.0
48.0,192,0.25,1.2,102,0.25,1.45,8.875,5.55090082779363,0.0
48.0,192,0.25,1.2,103,0.25,1.45,1.375,1.2747548783981961,0.0
48.0,192,0.25,1.2,104,0.25,1.45,2.1875,1.4577379737113252,0.0
48.0,192,0.25,1.2,105,0.25,1.45,17.5,7.1501748230375455,0.0
48.0,192,0.25,1.2,106,0.25,1.45,7.875,3.952847075210474,0.0
48.0,192,0.25,1.2,107,0.25,1.45,6.8125,2.6100766272276377,0.0
48.0,192,0.25,1.2,108,0.25,1.45,3.375,1.5811388300841898,0.0
48.0,192,0.25,1.2,109,0.25,1.45,0.9375,0.7905694150420949,0.0
48.0,192,0.25,1.2,110,0.25,1.45,14.375,5.900211860602973,0.0
48.0,192,0.25,1.2,111,0.25,1.45,7.0625,2.6575364531836625,0.0
48.0,192,0.25,1.2,112,0.25,1.45,6.5625,3.5,0.0
48.0,192,0.25,1.2,113,0.25,1.45,14.3125,3.75,0.0
48.0,192,0.25,1.2,114,0.25,1.45,1.375,1.118033988749895,0.0
48.0,192,0.25,1.2,115,0.25,1.45,2.625,2.0155644370746373,0.0
48.0,192,0.25,1.2,116,0.25,1.45,8.9375,3.2015621187164243,0.0
48.0,192,0.25,1.2,117,0.25,1.45,12.625,4.47213595499958,0.0
48.0,192,0.25,1.2,118,0.25,1.45,2.375,2.5124689052802225,0.0
48.0,192,0.25,1.2,119,0.25,1.45,4.0,1.8200274723201295,0.0
48.0,192,0.25,1.2,120,0.25,1.45,4.9375,4.031128874149275,0.0
48.0,192,0.25,1.2,121,0.25,1.45,6.0,3.400367627183861,0.0
48.0,192,0.25,1.2,122,0.25,1.45,5.0,4.0697051490249265,0.0
48.0,192,0.25,1.2,123,0.25,1.45,6.3125,3.020761493398643,0.0
48.0,192,0.25,1.2,124,0.25,1.45,8.5,3.092329219213245,0.0
48.0,192,0.25,1.2,125,0.25,1.45,6.4375,4.25,0.0
48.0,192,0.25,1.2,126,0.25,1.45,5.6875,2.9154759474226504,0.0
48.0,192,0.25,1.2,127,0.25,1.45,7.4375,3.010398644698074,0.0
48.0,192,0.25,1.2,128,0.25,1.45,0.8125,0.75,0.0
48.0,192,0.25,1.2,129,0.25,1.45,5.5,2.850438562747845,0.0
48.0,192,0.25,1.2,130,0.25,1.45,0.8125,0.7905694150420949,0.0
48.0,192,0.25,1.2,131,0.25,1.45,1.9375,1.5206906325745548,0.0
48.0,192,0.25,1.2,132,0.25,1.45,0.875,0.5590169943749475,0.0
48.0,192,0.25,1.2,133,0.25,1.45,22.1875,9.414085191881366,0.0
48.0,192,0.25,1.2,134,0.25,1.45,20.125,9.370832406995657,0.0
48.0,192,0.25,1.2,135,0.25,1.45,1.875,1.7677669529663689,0.0
48.0,192,0.25,1.2,136,0.25,1.45,10.4375,5.024937810560445,0.0
48.0,192,0.25,1.2,137,0.25,1.45,4.3125,2.3717082451262845,0.0
48.0,192,0.25,1.2,138,0.25,1.45,13.25,3.181980515339464,0.0
48.0,192,0.25,1.2,139,0.25,1.45,0.5625,0.7071067811865476,0.0
48.0,192,0.25,1.2,140,0.25,1.45,1.625,1.7677669529663689,0.0
48.0,192,0.25,1.2,141,0.25,1.45,22.4375,8.620469824783333,0.0
48.0,192,0.25,1.2,142,0.25,1.45,13.0,4.5069390943299865,0.0
48.0,192,0.25,1.2,143,0.25,1.45,1.75,1.5206906325745548,0.0
48.0,192,0.25,1.2,144,0.25,1.45,0.8125,0.9013878188659973,0.0
48.0,192,0.25,1.2,145,0.25,1.45,3.25,1.9525624189766635,0.0
48.0,192,0.25,1.2,146,0.25,1.45,4.6875,2.0615528128088303,0.0
48.0,192,0.25,1.2,147,0.25,1.45,5.5625,3.75,0.0
48.0,192,0.25,1.2,148,0.25,1.45,2.6875,1.6007810593582121,0.0
48.0,192,0.25,1.2,149,0.25,1.45,1.6875,1.25,0.0
48.0,192,0.25,1.2,150,0.25,1.45,1.625,1.0307764064044151,0.0
48.0,192,0.25,1.2,151,0.25,1.45,1.0,0.9013878188659973,0.0
48.0,192,0.25,1.2,152,0.25,1.45,4.6875,3.553167600887974,0.0
48.0,192,0.25,1.2,153,0.25,1.45,3.125,2.850438562747845,0.0
48.0,192,0.25,1.2,154,0.25,1.45,4.375,2.704163456597992,0.0
48.0,192,0.25,1.2,155,0.25,1.45,11.5,5.667892024377317,0.0
48.0,192,0.25,1.2,156,0.25,1.45,7.0,2.704163456597992,0.0
48.0,192,0.25,1.2,157,0.25,1.45,4.0625,1.8200274723201295,0.0
48.0,192,0.25,1.2,158,0.25,1.45,3.625,2.57390753524675,0.0
48.0,192,0.25,1.2,159,0.25,1.45,13.625,4.527692569068709,0.0
48.0,192,0.25,1.2,160,0.25,1.45,6.875,2.850438562747845,0.0
48.0,192,0.25,1.2,161,0.25,1.45,1.875,1.346291201783626,0.0
48.0,192,0.25,1.2,162,0.25,1.45,23.5625,8.533024082938006,0.0
48.0,192,0.25,1.2,163,0.25,1.45,1.375,1.346291201783626,0.0
48.0,192,0.25,1.2,164,0.25,1.45,3.4375,2.2638462845343543,0.0
48.0,192,0.25,1.2,165,0.25,1.45,1.1875,1.118033988749895,0.0
48.0,192,0.25,1.2,166,0.25,1.45,10.9375,5.70087712549569,0.0
48.0,192,0.25,1.2,167,0.25,1.45,2.125,1.6007810593582121,0.0
48.0,192,0.25,1.2,168,0.25,1.45,9.625,7.945124291035352,0.0
48.0,192,0.25,1.2,169,0.25,1.45,4.375,2.5124689052802225,0.0
48.0,192,0.25,1.2,170,0.25,1.45,17.375,6.174544517614234,0.0
48.0,192,0.25,1.2,171,0.25,1.45,7.875,4.315669125408017,0.0
48.0,192,0.25,1.2,172,0.25,1.45,9.4375,4.5069390943299865,0.0
48.0,192,0.25,1.2,173,0.25,1.45,3.4375,3.824264635194589,0.0
48.0,192,0.25,1.2,174,0.25,1.45,10.625,4.00780488547035,0.0
48.0,192,0.25,1.2,175,0.25,1.45,19.9375,5.900211860602973,0.0
48.0,192,0.25,1.2,176,0.25,1.45,1.8125,1.118033988749895,0.0
48.0,192,0.25,1.2,177,0.25,1.45,5.9375,3.0516389039334255,0.0
48.0,192,0.25,1.2,178,0.25,1.45,11.75,5.202163011671203,0.0
48.0,192,0.25,1.2,179,0.25,1.45,16.75,4.16082924427331,0.0
48.0,192,0.25,1.2,180,0.25,1.45,6.3125,2.0155644370746373,0.0
48.0,192,0.25,1.2,181,0.25,1.45,4.75,2.23606797749979,0.0
48.0,192,0.25,1.2,182,0.25,1.45,7.125,3.640054944640259,0.0
48.0,192,0.25,1.2,183,0.25,1.45,4.8125,2.57390753524675,0.0
48.0,192,0.25,1.2,184,0.25,1.45,15.25,4.828301978956992,0.0
48.0,192,0.25,1.2,185,0.25,1.45,2.75,1.346291201783626,0.0
48.0,192,0.25,1.2,186,0.25,1.45,1.3125,1.0307764064044151,0.0
48.0,192,0.25,1.2,187,0.25,1.45,7.5,5.5901699437494745,0.0
48.0,192,0.25,1.2,188,0.25,1.45,1.625,1.4142135623730951,0.0
48.0,192,0.25,1.2,189,0.25,1.45,9.75,4.562071897723665,0.0
48.0,192,0.25,1.2,190,0.25,1.45,7.1875,3.75,0.0
48.0,192,0.25,1.2,191,0.25,1.45,22.5625,7.0178344238090995,0.0
48.0,192,0.25,1.2,192,0.25,1.45,1.875,1.346291201783626,0.0
48.0,192,0.25,1.2,193,0.25,1.45,6.875,4.716990566028302,0.0
48.0,192,0.25,1.2,194,0.25,1.45,9.25,7.0400639201643616,0.0
48.0,192,0.25,1.2,195,0.25,1.45,3.1875,2.462214450449026,0.0
48.0,192,0.25,1.2,196,0.25,1.45,23.375,5.482928049865327,0.0
48.0,192,0.25,1.2,197,0.25,1.45,1.375,1.25,0.0
48.0,192,0.25,1.2,198,0.25,1.45,3.125,2.358495283014151,0.0
48.0,192,0.25,1.2,199,0.25,1.45,12.3125,2.9261749776799064,0.0
48.0,192,0.25,1.2,200,0.25,1.45,23.1875,6.519202405202649,0.0
48.0,192,0.25,1.2,201,0.25,1.45,13.9375,4.527692569068709,0.0
48.0,192,0.25,1.2,202,0.25,1.45,5.375,3.2596012026013246,0.0
48.0,192,0.25,1.2,203,0.25,1.45,5.0,3.5355339059327378,0.0
48.0,192,0.25,1.2,204,0.25,1.45,11.6875,4.5069390943299865,0.0
48.0,192,0.25,1.2,205,0.25,1.45,1.625,1.25,0.0
48.0,192,0.25,1.2,206,0.25,1.45,3.375,2.0155644370746373,0.0
48.0,192,0.25,1.2,207,0.25,1.45,5.1875,2.692582403567252,0.0
48.0,192,0.25,1.2,208,0.25,1.45,12.375,5.297405025104273,0.0
48.0,192,0.25,1.2,209,0.25,1.45,17.1875,10.796411440844592,0.0
48.0,192,0.25,1.2,210,0.25,1.45,5.9375,2.5,0.0
48.0,192,0.25,1.2,211,0.25,1.45,10.0625,4.650268809434569,0.0
48.0,192,0.25,1.2,212,0.25,1.45,2.1875,1.4577379737113252,0.0
48.0,192,0.25,1.2,213,0.25,1.45,0.5,0.5590169943749475,0.0
48.0,192,0.25,1.2,214,0.25,1.45,5.5,2.57390753524675,0.0
48.0,192,0.25,1.2,215,0.25,1.45,5.125,3.2015621187164243,0.0
48.0,192,0.25,1.2,216,0.25,1.45,1.125,0.9013878188659973,0.0
48.0,192,0.25,1.2,217,0.25,1.45,8.4375,3.7165171868296265,0.0
48.0,192,0.25,1.2,218,0.25,1.45,2.375,1.7677669529663689,0.0
48.0,192,0.25,1.2,219,0.25,1.45,7.4375,4.6097722286464435,0.0
48.0,192,0.25,1.2,220,0.25,1.45,10.5,3.75,0.0
48.0,192,0.25,1.2,221,0.25,1.45,12.3125,4.930770730829005,0.0
48.0,192,0.25,1.2,222,0.25,1.45,8.9375,4.272001872658765,0.0
48.0,192,0.25,1.2,223,0.25,1.45,1.6875,1.5,0.0
48.0,192,0.25,1.2,224,0.25,1.45,1.75,1.346291201783626,0.0
48.0,192,0.25,1.2,225,0.25,1.45,4.5625,2.462214450449026,0.0
48.0,192,0.25,1.2,226,0.25,1.45,5.6875,2.5495097567963922,0.0
48.0,192,0.25,1.2,227,0.25,1.45,2.3125,1.6007810593582121,0.0
48.0,192,0.25,1.2,228,0.25,1.45,2.0625,2.0155644370746373,0.0
48.0,192,0.25,1.2,229,0.25,1.45,25.375,5.926634795564849,0.0
48.0,192,0.25,1.2,230,0.25,1.45,14.1875,5.50567888638631,0.0
48.0,192,0.25,1.2,231,0.25,1.45,2.75,1.7677669529663689,0.0
48.0,192,0.25,1.2,232,0.25,1.45,9.3125,3.48209706929603,0.0
48.0,192,0.25,1.2,233,0.25,1.45,4.375,2.1505813167606567,0.0
48.0,192,0.25,1.2,234,0.25,1.45,3.875,2.5495097567963922,0.0
48.0,192,0.25,1.2,235,0.25,1.45,5.0625,2.6575364531836625,0.0
48.0,192,0.25,1.2,236,0.25,1.45,3.0625,1.9039432764659772,0.0
48.0,192,0.25,1.2,237,0.25,1.45,4.3125,3.553167600887974,0.0
48.0,192,0.25,1.2,238,0.25,1.45,0.5,0.5590169943749475,0.0
48.0,192,0.25,1.2,239,0.25,1.45,2.9375,1.346291201783626,0.0
48.0,192,0.25,1.2,240,0.25,1.45,9.9375,6.754628043053148,0.0
48.0,192,0.25,1.2,241,0.25,1.45,11.6875,4.301162633521313,0.0
48.0,192,0.25,1.2,242,0.25,1.45,10.3125,6.046693311223912,0.0
48.0,192,0.25,1.2,243,0.25,1.45,9.8125,4.981214711292819,0.0
48.0,192,0.25,1.2,244,0.25,1.45,1.0625,0.7905694150420949,0.0
48.0,192,0.25,1.2,245,0.25,1.45,0.6875,0.75,0.0
48.0,192,0.25,1.2,246,0.25,1.45,11.6875,6.562202374203344,0.0
48.0,192,0.25,1.2,247,0.25,1.45,9.4375,5.0,0.0
48.0,192,0.25,1.2,248,0.25,1.45,7.625,4.301162633521313,0.0
48.0,192,0.25,1.2,249,0.25,1.45,12.5,4.716990566028302,0.0
48.0,192,0.25,1.2,250,0.25,1.45,8.75,4.0697051490249265,0.0
48.0,192,0.25,1.2,251,0.25,1.45,2.9375,1.9525624189766635,0.0
48.0,192,0.25,1.2,252,0.25,1.45,1.75,1.118033988749895,0.0
48.0,192,0.25,1.2,253,0.25,1.45,6.1875,3.952847075210474,0.0
48.0,192,0.25,1.2,254,0.25,1.45,2.9375,1.7677669529663689,0.0
48.0,192,0.25,1.2,255,0.25,1.45,8.3125,4.272001872658765,0.0
48.0,192,0.25,1.2,256,0.25,1.45,2.6875,1.9525624189766635,0.0
48.0,192,0.25,1.2,257,0.25,1.45,5.5625,2.6100766272276377,0.0
48.0,192,0.25,1.2,258,0.25,1.45,1.0625,0.9013878188659973,0.0
48.0,192,0.25,1.2,259,0.25,1.45,12.125,5.70087712549569,0.0
48.0,192,0.25,1.2,260,0.25,1.45,1.1875,1.0307764064044151,0.0
48.0,192,0.25,1.2,261,0.25,1.45,9.75,4.981214711292819,0.0
48.0,192,0.25,1.2,262,0.25,1.45,14.1875,3.783186487605389,0.0
48.0,192,0.25,1.2,263,0.25,1.45,25.3125,5.900211860602973,0.0
48.0,192,0.25,1.2,264,0.25,1.45,4.0625,2.5,0.0
48.0,192,0.25,1.2,265,0.25,1.45,9.25,2.704163456597992,0.0
48.0,192,0.25,1.2,266,0.25,1.45,6.9375,3.400367627183861,0.0
48.0,192,0.25,1.2,267,0.25,1.45,10.125,4.743416490252569,0.0
48.0,192,0.25,1.2,268,0.25,1.45,9.625,3.010398644698074,0.0
48.0,192,0.25,1.2,269,0.25,1.45,1.25,1.25,0.0
48.0,192,0.25,1.2,270,0.25,1.45,1.875,1.4577379737113252,0.0
48.0,192,0.25,1.2,271,0.25,1.45,2.0625,1.118033988749895,0.0
48.0,192,0.25,1.2,272,0.25,1.45,40.375,11.450982490598786,0.0
48.0,192,0.25,1.2,273,0.25,1.45,28.0,6.209871174187111,0.0
48.0,192,0.25,1.2,274,0.25,1.45,20.5,4.100304866714182,0.0
48.0,192,0.25,1.2,275,0.25,1.45,17.75,6.5431261641512,0.0
48.0,192,0.25,1.2,276,0.25,1.45,5.5,2.23606797749979,0.0
48.0,192,0.25,1.2,277,0.25,1.45,4.3125,2.1505813167606567,0.0
48.0,192,0.25,1.2,278,0.25,1.45,3.375,1.8200274723201295,0.0
48.0,192,0.25,1.2,279,0.25,1.45,25.25,13.138683343470912,0.0
48.0,192,0.25,1.2,280,0.25,1.45,6.8125,3.092329219213245,0.0
48.0,192,0.25,1.2,281,0.25,1.45,5.6875,4.5069390943299865,0.0
48.0,192,0.25,1.2,282,0.25,1.45,5.0625,2.5,0.0
48.0,192,0.25,1.2,283,0.25,1.45,22.875,7.0710678118654755,0.0
48.0,192,0.25,1.2,284,0.25,1.45,10.125,6.45174395028197,0.0
48.0,192,0.25,1.2,285,0.25,1.45,3.9375,2.0155644370746373,0.0
48.0,192,0.25,1.2,286,0.25,1.45,2.0,1.2747548783981961,0.0
48.0,192,0.25,1.2,287,0.25,1.45,23.1875,9.168560410446124,0.0
48.0,192,0.25,1.2,288,0.25,1.45,5.875,2.4748737341529163,0.0
48.0,192,0.25,1.2,289,0.25,1.45,7.4375,4.8541219597369,0.0
48.0,192,0.25,1.2,290,0.25,1.45,3.875,2.358495283014151,0.0
48.0,192,0.25,1.2,291,0.25,1.45,4.9375,3.132491021535417,0.0
48.0,192,0.25,1.2,292,0.25,1.45,24.0,6.73145600891813,0.0
48.0,192,0.25,1.2,293,0.25,1.45,2.8125,1.6770509831248424,0.0
48.0,192,0.25,1.2,294,0.25,1.45,1.25,0.9013878188659973,0.0
48.0,192,0.25,1.2,295,0.25,1.45,2.375,1.2747548783981961,0.0
48.0,192,0.25,1.2,296,0.25,1.45,15.4375,4.949747468305833,0.0
48.0,192,0.25,1.2,297,0.25,1.45,8.125,3.783186487605389,0.0
48.0,192,0.25,1.2,298,0.25,1.45,13.9375,6.010407640085654,0.0
48.0,192,0.25,1.2,299,0.25,1.45,1.4375,1.118033988749895,0.0
48.0,192,0.25,0.8,0,0.25,1.05,7.375,5.024937810560445,0.0
48.0,192,0.25,0.8,1,0.25,1.05,12.1875,4.366062299143245,0.0
48.0,192,0.25,0.8,2,0.25,1.05,15.9375,5.70087712549569,0.0
48.0,192,0.25,0.8,3,0.25,1.05,35.75,6.708203932499369,0.0
48.0,192,0.25,0.8,4,0.25,1.05,3.0,1.8200274723201295,0.0
48.0,192,0.25,0.8,5,0.25,1.05,35.9375,9.034655499796326,0.0
48.0,192,0.25,0.8,6,0.25,1.05,20.1875,5.024937810560445,0.0
48.0,192,0.25,0.8,7,0.25,1.05,24.0625,8.280247580839598,0.0
48.0,192,0.25,0.8,8,0.25,1.05,18.75,6.25,0.0
48.0,192,0.25,0.8,9,0.25,1.05,30.5,12.31107225224513,0.0
48.0,192,0.25,0.8,10,0.25,1.05,3.75,2.3048861143232218,0.0
48.0,192,0.25,0.8,11,0.25,1.05,20.6875,5.482928049865327,0.0
48.0,192,0.25,0.8,12,0.25,1.05,18.375,6.082762530298219,0.0
48.0,192,0.25,0.8,13,0.25,1.05,4.6875,1.9525624189766635,0.0
48.0,192,0.25,0.8,14,0.25,1.05,2.25,1.5206906325745548,0.0
48.0,192,0.25,0.8,15,0.25,1.05,19.125,4.981214711292819,0.0
48.0,192,0.25,0.8,16,0.25,1.05,6.6875,2.9154759474226504,0.0
48.0,192,0.25,0.8,17,0.25,1.05,2.3125,1.9039432764659772,0.0
48.0,192,0.25,0.8,18,0.25,1.05,9.5,4.6097722286464435,0.0
48.0,192,0.25,0.8,19,0.25,1.05,22.375,4.716990566028302,0.0
48.0,192,0.25,0.8,20,0.25,1.05,10.0,4.430011286667337,0.0
48.0,192,0.25,0.8,21,0.25,1.05,5.5625,2.3048861143232218,0.0
48.0,192,0.25,0.8,22,0.25,1.05,22.3125,6.373774391990981,0.0
48.0,192,0.25,0.8,23,0.25,1.05,29.625,11.25,0.0
48.0,192,0.25,0.8,24,0.25,1.05,3.6875,2.0615528128088303,0.0
48.0,192,0.25,0.8,25,0.25,1.05,37.625,11.470069746954461,0.0
48.0,192,0.25,0.8,26,0.25,1.05,73.4375,16.80773631397161,0.0
48.0,192,0.25,0.8,27,0.25,1.05,3.5,2.8284271247461903,0.0
48.0,192,0.25,0.8,28,0.25,1.05,11.9375,5.70087712549569,0.0
48.0,192,0.25,0.8,29,0.25,1.05,2.0625,1.9039432764659772,0.0
48.0,192,0.25,0.8,30,0.25,1.05,15.0625,5.202163011671203,0.0
48.0,192,0.25,0.8,31,0.25,1.05,2.5,1.9525624189766635,0.0
48.0,192,0.25,0.8,32,0.25,1.05,19.25,5.75,0.0
48.0,192,0.25,0.8,33,0.25,1.05,75.0625,15.101738310538956,0.0
48.0,192,0.25,0.8,34,0.25,1.05,13.375,5.55090082779363,0.0
48.0,192,0.25,0.8,35,0.25,1.05,0.8125,0.7071067811865476,0.0
48.0,192,0.25,0.8,36,0.25,1.05,5.1875,2.850438562747845,0.0
48.0,192,0.25,0.8,37,0.25,1.05,12.875,3.3634060117684275,0.0
48.0,192,0.25,0.8,38,0.25,1.05,3.0625,2.1505813167606567,0.0
48.0,192,0.25,0.8,39,0.25,1.05,7.0625,4.00780488547035,0.0
48.0,192,0.25,0.8,40,0.25,1.05,29.25,10.5,0.0
48.0,192,0.25,0.8,41,0.25,1.05,35.1875,9.604686356149273,0.0
48.0,192,0.25,0.8,42,0.25,1.05,42.1875,8.31038506929733,0.0
48.0,192,0.25,0.8,43,0.25,1.05,25.1875,7.504165509901817,0.0
48.0,192,0.25,0.8,44,0.25,1.05,3.25,1.6007810593582121,0.0
48.0,192,0.25,0.8,45,0.25,1.05,3.4375,2.358495283014151,0.0
48.0,192,0.25,0.8,46,0.25,1.05,17.125,6.25,0.0
48.0,192,0.25,0.8,47,0.25,1.05,29.0625,7.721722605740251,0.0
48.0,192,0.25,0.8,48,0.25,1.05,33.375,11.653862020806665,0.0
48.0,192,0.25,0.8,49,0.25,1.05,3.375,1.8200274723201295,0.0
48.0,192,0.25,0.8,50,0.25,1.05,44.125,12.619429464123963,0.0
48.0,192,0.25,0.8,51,0.25,1.05,7.9375,4.562071897723665,0.0
48.0,192,0.25,0.8,52,0.25,1.05,9.125,2.5495097567963922,0.0
48.0,192,0.25,0.8,53,0.25,1.05,21.6875,7.044501401802686,0.0
48.0,192,0.25,0.8,54,0.25,1.05,1.1875,1.0606601717798212,0.0
48.0,192,0.25,0.8,55,0.25,1.05,13.875,5.315072906367325,0.0
48.0,192,0.25,0.8,56,0.25,1.05,1.375,1.0606601717798212,0.0
48.0,192,0.25,0.8,57,0.25,1.05,24.6875,7.591113225344488,0.0
48.0,192,0.25,0.8,58,0.25,1.05,15.1875,4.808846015417836,0.0
48.0,192,0.25,0.8,59,0.25,1.05,4.9375,3.400367627183861,0.0
48.0,192,0.25,0.8,60,0.25,1.05,17.0625,4.451123453691214,0.0
48.0,192,0.25,0.8,61,0.25,1.05,16.0,7.352720584926371,0.0
48.0,192,0.25,0.8,62,0.25,1.05,29.125,9.95301461869719,0.0
48.0,192,0.25,0.8,63,0.25,1.05,20.6875,6.9731628404906765,0.0
48.0,192,0.25,0.8,64,0.25,1.05,29.625,5.755432216610669,0.0
48.0,192,0.25,0.8,65,0.25,1.05,3.5625,1.8200274723201295,0.0
48.0,192,0.25,0.8,66,0.25,1.05,57.75,16.157428632056526,0.0
48.0,192,0.25,0.8,67,0.25,1.05,0.6875,0.5590169943749475,0.0
48.0,192,0.25,0.8,68,0.25,1.05,4.25,2.358495283014151,0.0
48.0,192,0.25,0.8,69,0.25,1.05,8.125,3.3354160160315836,0.0
48.0,192,0.25,0.8,70,0.25,1.05,2.8125,2.0155644370746373,0.0
48.0,192,0.25,0.8,71,0.25,1.05,18.125,9.433981132056603,0.0
48.0,192,0.25,0.8,72,0.25,1.05,60.5,11.75265927354316,0.0
48.0,192,0.25,0.8,73,0.25,1.05,43.0625,12.020815280171307,0.0
48.0,192,0.25,0.8,74,0.25,1.05,9.9375,4.5069390943299865,0.0
48.0,192,0.25,0.8,75,0.25,1.05,6.75,2.57390753524675,0.0
48.0,192,0.25,0.8,76,0.25,1.05,3.5,2.0155644370746373,0.0
48.0,192,0.25,0.8,77,0.25,1.05,2.125,1.25,0.0
48.0,192,0.25,0.8,78,0.25,1.05,0.8125,0.7071067811865476,0.0
48.0,192,0.25,0.8,79,0.25,1.05,2.8125,1.7677669529663689,0.0
48.0,192,0.25,0.8,80,0.25,1.05,16.125,6.408002808988148,0.0
48.0,192,0.25,0.8,81,0.25,1.05,18.0,5.273755777432247,0.0
48.0,192,0.25,0.8,82,0.25,1.05,47.5625,10.63014581273465,0.0
48.0,192,0.25,0.8,83,0.25,1.05,1.9375,1.9525624189766635,0.0
48.0,192,0.25,0.8,84,0.25,1.05,23.75,7.075485849042453,0.0
48.0,192,0.25,0.8,85,0.25,1.05,4.0625,3.553167600887974,0.0
48.0,192,0.25,0.8,86,0.25,1.05,16.125,5.315072906367325,0.0
48.0,192,0.25,0.8,87,0.25,1.05,30.9375,6.388466169590319,0.0
48.0,192,0.25,0.8,88,0.25,1.05,20.375,8.492643875731515,0.0
48.0,192,0.25,0.8,89,0.25,1.05,10.1875,3.913118960624632,0.0
48.0,192,0.25,0.8,90,0.25,1.05,1.5625,1.25,0.0
48.0,192,0.25,0.8,91,0.25,1.05,42.25,10.46721070772916,0.0
48.0,192,0.25,0.8,92,0.25,1.05,1.8125,1.118033988749895,0.0
48.0,192,0.25,0.8,93,0.25,1.05,3.75,2.358495283014151,0.0
48.0,192,0.25,0.8,94,0.25,1.05,2.1875,1.9039432764659772,0.0
48.0,192,0.25,0.8,95,0.25,1.05,2.1875,1.4577379737113252,0.0
48.0,192,0.25,0.8,96,0.25,1.05,16.6875,4.301162633521313,0.0
48.0,192,0.25,0.8,97,0.25,1.05,35.25,6.768493185340442,0.0
48.0,192,0.25,0.8,98,0.25,1.05,2.5625,1.4142135623730951,0.0
48.0,192,0.25,0.8,99,0.25,1.05,6.875,3.1622776601683795,0.0
48.0,192,0.25,0.8,100,0.25,1.05,25.375,8.200609733428363,0.0
48.0,192,0.25,0.8,101,0.25,1.05,13.625,5.836308764964376,0.0
48.0,192,0.25,0.8,102,0.25,1.05,4.625,2.1360009363293826,0.0
48.0,192,0.25,0.8,103,0.25,1.05,4.5,2.0615528128088303,0.0
48.0,192,0.25,0.8,104,0.25,1.05,11.375,8.503675675847475,0.0
48.0,192,0.25,0.8,105,0.25,1.05,12.3125,3.5794552658190883,0.0
48.0,192,0.25,0.8,106,0.25,1.05,26.875,8.403868156985805,0.0
48.0,192,0.25,0.8,107,0.25,1.05,65.1875,12.963892162464173,0.0
48.0,192,0.25,0.8,108,0.25,1.05,3.8125,3.0516389039334255,0.0
48.0,192,0.25,0.8,109,0.25,1.05,11.1875,2.6575364531836625,0.0
48.0,192,0.25,0.8,110,0.25,1.05,26.3125,9.12414379544733,0.0
48.0,192,0.25,0.8,111,0.25,1.05,7.1875,3.25,0.0
48.0,192,0.25,0.8,112,0.25,1.05,1.625,1.0307764064044151,0.0
48.0,192,0.25,0.8,113,0.25,1.05,5.625,3.092329219213245,0.0
48.0,192,0.25,0.8,114,0.25,1.05,22.9375,5.0990195135927845,0.0
48.0,192,0.25,0.8,115,0.25,1.05,23.0625,7.057797106746552,0.0
48.0,192,0.25,0.8,116,0.25,1.05,13.25,4.451123453691214,0.0
48.0,192,0.25,0.8,117,0.25,1.05,4.75,2.692582403567252,0.0
48.0,192,0.25,0.8,118,0.25,1.05,99.5625,11.036870027322058,0.0
48.0,192,0.25,0.8,119,0.25,1.05,4.5,2.5495097567963922,0.0
48.0,192,0.25,0.8,120,0.25,1.05,10.25,5.942432162002357,0.0
48.0,192,0.25,0.8,121,0.25,1.05,42.0625,10.854146673046206,0.0
48.0,192,0.25,0.8,122,0.25,1.05,1.9375,1.346291201783626,0.0
48.0,192,0.25,0.8,123,0.25,1.05,5.25,3.3354160160315836,0.0
48.0,192,0.25,0.8,124,0.25,1.05,1.5,1.0307764064044151,0.0
48.0,192,0.25,0.8,125,0.25,1.05,4.1875,2.9261749776799064,0.0
48.0,192,0.25,0.8,126,0.25,1.05,5.875,4.0,0.0
48.0,192,0.25,0.8,127,0.25,1.05,7.375,4.670385423067351,0.0
48.0,192,0.25,0.8,128,0.25,1.05,38.6875,9.89002022242624,0.0
48.0,192,0.25,0.8,129,0.25,1.05,3.5,2.3048861143232218,0.0
48.0,192,0.25,0.8,130,0.25,1.05,45.5,12.789155562428663,0.0
48.0,192,0.25,0.8,131,0.25,1.05,2.3125,1.4577379737113252,0.0
48.0,192,0.25,0.8,132,0.25,1.05,38.6875,8.838834764831844,0.0
48.0,192,0.25,0.8,133,0.25,1.05,13.0,4.962358310319802,0.0
48.0,192,0.25,0.8,134,0.25,1.05,1.0625,1.118033988749895,0.0
48.0,192,0.25,0.8,135,0.25,1.05,10.6875,4.0697051490249265,0.0
48.0,192,0.25,0.8,136,0.25,1.05,19.5625,5.618051263561058,0.0
48.0,192,0.25,0.8,137,0.25,1.05,52.4375,10.470195795685962,0.0
48.0,192,0.25,0.8,138,0.25,1.05,21.8125,5.062114182829147,0.0
48.0,192,0.25,0.8,139,0.25,1.05,10.3125,3.640054944640259,0.0
48.0,192,0.25,0.8,140,0.25,1.05,4.75,3.881043674065006,0.0
48.0,192,0.25,0.8,141,0.25,1.05,7.0625,3.3634060117684275,0.0
48.0,192,0.25,0.8,142,0.25,1.05,15.5,5.006246098625197,0.0
48.0,192,0.25,0.8,143,0.25,1.05,110.625,22.321514285549714,0.0
48.0,192,0.25,0.8,144,0.25,1.05,5.1875,2.1505813167606567,0.0
48.0,192,0.25,0.8,145,0.25,1.05,2.8125,3.3634060117684275,0.0
48.0,192,0.25,0.8,146,0.25,1.05,38.0625,14.430869689661812,0.0
48.0,192,0.25,0.8,147,0.25,1.05,9.75,7.458216945088149,0.0
48.0,192,0.25,0.8,148,0.25,1.05,80.125,12.529964086141668,0.0
48.0,192,0.25,0.8,149,0.25,1.05,38.125,8.764274071479052,0.0
48.0,192,0.25,0.8,150,0.25,1.05,6.9375,4.743416490252569,0.0
48.0,192,0.25,0.8,151,0.25,1.05,4.875,2.0615528128088303,0.0
48.0,192,0.25,0.8,152,0.25,1.05,13.5625,5.202163011671203,0.0
48.0,192,0.25,0.8,153,0.25,1.05,9.0,3.092329219213245,0.0
48.0,192,0.25,0.8,154,0.25,1.05,12.4375,4.373213921133975,0.0
48.0,192,0.25,0.8,155,0.25,1.05,3.25,2.0155644370746373,0.0
48.0,192,0.25,0.8,156,0.25,1.05,16.5,7.267220926874317,0.0
48.0,192,0.25,0.8,157,0.25,1.05,14.3125,7.5,0.0
48.0,192,0.25,0.8,158,0.25,1.05,16.9375,7.267220926874317,0.0
48.0,192,0.25,0.8,159,0.25,1.05,8.1875,3.816084380618437,0.0
48.0,192,0.25,0.8,160,0.25,1.05,13.875,3.5355339059327378,0.0
48.0,192,0.25,0.8,161,0.25,1.05,25.4375,7.318640584152224,0.0
48.0,192,0.25,0.8,162,0.25,1.05,26.0,10.914439976471536,0.0
48.0,192,0.25,0.8,163,0.25,1.05,2.5,1.2747548783981961,0.0
48.0,192,0.25,0.8,164,0.25,1.05,11.8125,3.783186487605389,0.0
48.0,192,0.25,0.8,165,0.25,1.05,10.0,3.7165171868296265,0.0
48.0,192,0.25,0.8,166,0.25,1.05,3.25,2.9261749776799064,0.0
48.0,192,0.25,0.8,167,0.25,1.05,66.4375,20.509144301993683,0.0
48.0,192,0.25,0.8,168,0.25,1.05,2.3125,1.7677669529663689,0.0
48.0,192,0.25,0.8,169,0.25,1.05,34.375,7.115124735378854,0.0
48.0,192,0.25,0.8,170,0.25,1.05,4.8125,3.1622776601683795,0.0
48.0,192,0.25,0.8,171,0.25,1.05,6.375,2.5124689052802225,0.0
48.0,192,0.25,0.8,172,0.25,1.05,3.0625,2.1505813167606567,0.0
48.0,192,0.25,0.8,173,0.25,1.05,0.625,0.5590169943749475,0.0
48.0,192,0.25,0.8,174,0.25,1.05,11.875,7.520804478245662,0.0
48.0,192,0.25,0.8,175,0.25,1.05,22.375,7.0710678118654755,0.0
48.0,192,0.25,0.8,176,0.25,1.05,40.5625,7.163274390947201,0.0
48.0,192,0.25,0.8,177,0.25,1.05,10.125,4.743416490252569,0.0
48.0,192,0.25,0.8,178,0.25,1.05,5.125,2.7950849718747373,0.0
48.0,192,0.25,0.8,179,0.25,1.05,13.625,5.350233639758174,0.0
48.0,192,0.25,0.8,180,0.25,1.05,21.5625,6.324555320336759,0.0
48.0,192,0.25,0.8,181,0.25,1.05,14.4375,5.55090082779363,0.0
48.0,192,0.25,0.8,182,0.25,1.05,17.875,8.253787009609589,0.0
48.0,192,0.25,0.8,183,0.25,1.05,6.625,3.758324094593227,0.0
48.0,192,0.25,0.8,184,0.25,1.05,2.0625,1.4577379737113252,0.0
48.0,192,0.25,0.8,185,0.25,1.05,16.9375,5.771698190307598,0.0
48.0,192,0.25,0.8,186,0.25,1.05,0.8125,0.75,0.0
48.0,192,0.25,0.8,187,0.25,1.05,15.4375,8.782084035125148,0.0
48.0,192,0.25,0.8,188,0.25,1.05,7.875,3.913118960624632,0.0
48.0,192,0.25,0.8,189,0.25,1.05,3.375,1.8027756377319946,0.0
48.0,192,0.25,0.8,190,0.25,1.05,39.5,12.137236093938355,0.0
48.0,192,0.25,0.8,191,0.25,1.05,1.125,1.0307764064044151,0.0
48.0,192,0.25,0.8,192,0.25,1.05,14.0,7.280109889280518,0.0
48.0,192,0.25,0.8,193,0.25,1.05,37.8125,6.504805915628844,0.0
48.0,192,0.25,0.8,194,0.25,1.05,5.0,3.5355339059327378,0.0
48.0,192,0.25,0.8,195,0.25,1.05,4.25,2.358495283014151,0.0
48.0,192,0.25,0.8,196,0.25,1.05,23.3125,12.103718436910205,0.0
48.0,192,0.25,0.8,197,0.25,1.05,10.5,5.836308764964376,0.0
48.0,192,0.25,0.8,198,0.25,1.05,3.1875,1.6770509831248424,0.0
48.0,192,0.25,0.8,199,0.25,1.05,1.8125,1.4577379737113252,0.0
48.0,192,0.25,0.8,200,0.25,1.05,2.625,2.1360009363293826,0.0
48.0,192,0.25,0.8,201,0.25,1.05,49.0,15.002083188677497,0.0
48.0,192,0.25,0.8,202,0.25,1.05,37.0,8.514693182963201,0.0
48.0,192,0.25,0.8,203,0.25,1.05,13.4375,4.272001872658765,0.0
48.0,192,0.25,0.8,204,0.25,1.05,34.0,10.124228365658293,0.0
48.0,192,0.25,0.8,205,0.25,1.05,11.375,4.2793106921559225,0.0
48.0,192,0.25,0.8,206,0.25,1.05,57.0,8.877640452282352,0.0
48.0,192,0.25,0.8,207,0.25,1.05,11.5625,5.460082416960389,0.0
48.0,192,0.25,0.8,208,0.25,1.05,22.25,5.153882032022076,0.0
48.0,192,0.25,0.8,209,0.25,1.05,31.25,11.963486114005399,0.0
48.0,192,0.25,0.8,210,0.25,1.05,32.6875,9.25,0.0
48.0,192,0.25,0.8,211,0.25,1.05,2.0625,1.6007810593582121,0.0
48.0,192,0.25,0.8,212,0.25,1.05,1.4375,1.0606601717798212,0.0
48.0,192,0.25,0.8,213,0.25,1.05,24.9375,7.516648189186454,0.0
48.0,192,0.25,0.8,214,0.25,1.05,14.5625,5.062114182829147,0.0
48.0,192,0.25,0.8,215,0.25,1.05,12.6875,5.482928049865327,0.0
48.0,192,0.25,0.8,216,0.25,1.05,15.1875,4.596194077712559,0.0
48.0,192,0.25,0.8,217,0.25,1.05,16.5625,4.743416490252569,0.0
48.0,192,0.25,0.8,218,0.25,1.05,5.875,2.9261749776799064,0.0
48.0,192,0.25,0.8,219,0.25,1.05,7.375,5.836308764964376,0.0
48.0,192,0.25,0.8,220,0.25,1.05,8.875,3.2015621187164243,0.0
48.0,192,0.25,0.8,221,0.25,1.05,3.25,2.0615528128088303,0.0
48.0,192,0.25,0.8,222,0.25,1.05,29.25,10.636023693091325,0.0
48.0,192,0.25,0.8,223,0.25,1.05,5.9375,3.553167600887974,0.0
48.0,192,0.25,0.8,224,0.25,1.05,7.875,4.430011286667337,0.0
48.0,192,0.25,0.8,225,0.25,1.05,16.375,6.269968101992227,0.0
48.0,192,0.25,0.8,226,0.25,1.05,2.75,2.1505813167606567,0.0
48.0,192,0.25,0.8,227,0.25,1.05,3.875,2.3048861143232218,0.0
48.0,192,0.25,0.8,228,0.25,1.05,1.5625,1.5,0.0
48.0,192,0.25,0.8,229,0.25,1.05,14.625,6.864765108872991,0.0
48.0,192,0.25,0.8,230,0.25,1.05,20.875,6.642665127793212,0.0
48.0,192,0.25,0.8,231,0.25,1.05,5.3125,3.25,0.0
48.0,192,0.25,0.8,232,0.25,1.05,9.875,4.828301978956992,0.0
48.0,192,0.25,0.8,233,0.25,1.05,2.4375,2.0615528128088303,0.0
48.0,192,0.25,0.8,234,0.25,1.05,9.6875,4.373213921133975,0.0
48.0,192,0.25,0.8,235,0.25,1.05,26.4375,7.7014609003746815,0.0
48.0,192,0.25,0.8,236,0.25,1.05,21.6875,4.930770730829005,0.0
48.0,192,0.25,0.8,237,0.25,1.05,0.9375,0.7071067811865476,0.0
48.0,192,0.25,0.8,238,0.25,1.05,4.375,2.5495097567963922,0.0
48.0,192,0.25,0.8,239,0.25,1.05,2.625,1.75,0.0
48.0,192,0.25,0.8,240,0.25,1.05,3.0,1.6770509831248424,0.0
48.0,192,0.25,0.8,241,0.25,1.05,4.1875,2.23606797749979,0.0
48.0,192,0.25,0.8,242,0.25,1.05,24.25,6.309714732061981,0.0
48.0,192,0.25,0.8,243,0.25,1.05,14.0625,4.756574397610112,0.0
48.0,192,0.25,0.8,244,0.25,1.05,5.0,2.9261749776799064,0.0
48.0,192,0.25,0.8,245,0.25,1.05,8.4375,5.5901699437494745,0.0
48.0,192,0.25,0.8,246,0.25,1.05,7.375,3.952847075210474,0.0
48.0,192,0.25,0.8,247,0.25,1.05,15.5,4.123105625617661,0.0
48.0,192,0.25,0.8,248,0.25,1.05,11.625,4.366062299143245,0.0
48.0,192,0.25,0.8,249,0.25,1.05,10.1875,4.031128874149275,0.0
48.0,192,0.25,0.8,250,0.25,1.05,9.6875,6.504805915628844,0.0
48.0,192,0.25,0.8,251,0.25,1.05,48.25,13.439680055715613,0.0
48.0,192,0.25,0.8,252,0.25,1.05,15.6875,7.352720584926371,0.0
48.0,192,0.25,0.8,253,0.25,1.05,5.125,2.850438562747845,0.0
48.0,192,0.25,0.8,254,0.25,1.05,42.375,9.762812094883317,0.0
48.0,192,0.25,0.8,255,0.25,1.05,6.5625,3.3634060117684275,0.0
48.0,192,0.25,0.8,256,0.25,1.05,35.25,7.403546447480424,0.0
48.0,192,0.25,0.8,257,0.25,1.05,15.5625,6.600189391222043,0.0
48.0,192,0.25,0.8,258,0.25,1.05,7.375,3.881043674065006,0.0
48.0,192,0.25,0.8,259,0.25,1.05,4.0,3.092329219213245,0.0
48.0,192,0.25,0.8,260,0.25,1.05,2.0,1.8027756377319946,0.0
48.0,192,0.25,0.8,261,0.25,1.05,1.0,1.0307764064044151,0.0
48.0,192,0.25,0.8,262,0.25,1.05,2.75,2.0615528128088303,0.0
48.0,192,0.25,0.8,263,0.25,1.05,5.125,3.5,0.0
48.0,192,0.25,0.8,264,0.25,1.05,40.6875,8.035079339994098,0.0
48.0,192,0.25,0.8,265,0.25,1.05,16.5,6.082762530298219,0.0
48.0,192,0.25,0.8,266,0.25,1.05,11.0625,5.533985905294664,0.0
48.0,192,0.25,0.8,267,0.25,1.05,5.25,3.092329219213245,0.0
48.0,192,0.25,0.8,268,0.25,1.05,26.0625,7.648529270389178,0.0
48.0,192,0.25,0.8,269,0.25,1.05,5.1875,3.952847075210474,0.0
48.0,192,0.25,0.8,270,0.25,1.05,4.625,2.7950849718747373,0.0
48.0,192,0.25,0.8,271,0.25,1.05,1.6875,1.5811388300841898,0.0
48.0,192,0.25,0.8,272,0.25,1.05,11.25,4.596194077712559,0.0
48.0,192,0.25,0.8,273,0.25,1.05,58.0,11.2305387226081,0.0
48.0,192,0.25,0.8,274,0.25,1.05,25.4375,9.905806378079475,0.0
48.0,192,0.25,0.8,275,0.25,1.05,15.25,7.433034373659253,0.0
48.0,192,0.25,0.8,276,0.25,1.05,10.5,7.352720584926371,0.0
48.0,192,0.25,0.8,277,0.25,1.05,20.25,8.73212459828649,0.0
48.0,192,0.25,0.8,278,0.25,1.05,10.5,3.783186487605389,0.0
48.0,192,0.25,0.8,279,0.25,1.05,45.25,10.124228365658293,0.0
48.0,192,0.25,0.8,280,0.25,1.05,23.5625,7.075485849042453,0.0
48.0,192,0.25,0.8,281,0.25,1.05,8.4375,3.1622776601683795,0.0
48.0,192,0.25,0.8,282,0.25,1.05,13.4375,4.366062299143245,0.0
48.0,192,0.25,0.8,283,0.25,1.05,29.1875,8.246211251235321,0.0
48.0,192,0.25,0.8,284,0.25,1.05,34.125,15.051993223490369,0.0
48.0,192,0.25,0.8,285,0.25,1.05,2.5625,1.4577379737113252,0.0
48.0,192,0.25,0.8,286,0.25,1.05,7.25,2.850438562747845,0.0
48.0,192,0.25,0.8,287,0.25,1.05,19.375,6.269968101992227,0.0
48.0,192,0.25,0.8,288,0.25,1.05,1.5,1.118033988749895,0.0
48.0,192,0.25,0.8,289,0.25,1.05,30.25,8.284020762890446,0.0
48.0,192,0.25,0.8,290,0.25,1.05,7.125,3.5794552658190883,0.0
48.0,192,0.25,0.8,291,0.25,1.05,1.3125,1.0307764064044151,0.0
48.0,192,0.25,0.8,292,0.25,1.05,11.75,4.911720676097125,0.0
48.0,192,0.25,0.8,293,0.25,1.05,13.9375,5.220153254455275,0.0
48.0,192,0.25,0.8,294,0.25,1.05,46.25,9.034655499796326,0.0
48.0,192,0.25,0.8,295,0.25,1.05,7.25,3.0413812651491097,0.0
48.0,192,0.25,0.8,296,0.25,1.05,10.4375,5.50567888638631,0.0
48.0,192,0.25,0.8,297,0.25,1.05,11.4375,3.473110997362451,0.0
48.0,192,0.25,0.8,298,0.25,1.05,12.5625,4.315669125408017,0.0
48.0,192,0.25,0.8,299,0.25,1.05,3.75,2.23606797749979,0.0
48.0,192,0.25,0.4,0,0.25,0.65,3.5,2.462214450449026,0.0
48.0,192,0.25,0.4,1,0.25,0.65,218.625,26.832815729997478,0.0
48.0,192,0.25,0.4,2,0.25,0.65,61.0625,11.760633486339076,0.0
48.0,192,0.25,0.4,3,0.25,0.65,34.6875,6.041522986797286,0.0
48.0,192,0.25,0.4,4,0.25,0.65,63.6875,12.116620816052635,0.0
48.0,192,0.25,0.4,5,0.25,0.65,1.25,0.7905694150420949,0.0
48.0,192,0.25,0.4,6,0.25,0.65,39.6875,8.96172416446746,0.0
48.0,192,0.25,0.4,7,0.25,0.65,144.875,21.772976369803004,0.0
48.0,192,0.25,0.4,8,0.25,0.65,14.875,4.430011286667337,0.0
48.0,192,0.25,0.4,9,0.25,0.65,50.3125,6.388466169590319,0.0
48.0,192,0.25,0.4,10,0.25,0.65,12.3125,3.2882366094914763,0.0
48.0,192,0.25,0.4,11,0.25,0.65,42.375,10.443299287102711,0.0
48.0,192,0.25,0.4,12,0.25,0.65,11.875,4.650268809434569,0.0
48.0,192,0.25,0.4,13,0.25,0.65,97.0,11.338540470448567,0.0
48.0,192,0.25,0.4,14,0.25,0.65,27.6875,7.603453162872775,0.0
48.0,192,0.25,0.4,15,0.25,0.65,2.5,1.9039432764659772,0.0
48.0,192,0.25,0.4,16,0.25,0.65,81.8125,13.536986370680884,0.0
48.0,192,0.25,0.4,17,0.25,0.65,115.375,13.221667822177352,0.0
48.0,192,0.25,0.4,18,0.25,0.65,24.25,7.941190087134295,0.0
48.0,192,0.25,0.4,19,0.25,0.65,6.6875,4.100304866714182,0.0
48.0,192,0.25,0.4,20,0.25,0.65,5.5625,3.905124837953327,0.0
48.0,192,0.25,0.4,21,0.25,0.65,4.25,2.1213203435596424,0.0
48.0,192,0.25,0.4,22,0.25,0.65,22.875,8.253787009609589,0.0
48.0,192,0.25,0.4,23,0.25,0.65,119.5625,15.033296378372908,0.0
48.0,192,0.25,0.4,24,0.25,0.65,106.3125,15.876476309307428,0.0
48.0,192,0.25,0.4,25,0.25,0.65,2.9375,2.0155644370746373,0.0
48.0,192,0.25,0.4,26,0.25,0.65,66.5,12.798925736170204,0.0
48.0,192,0.25,0.4,27,0.25,0.65,3.375,1.346291201783626,0.0
48.0,192,0.25,0.4,28,0.25,0.65,83.0625,11.884864324004713,0.0
48.0,192,0.25,0.4,29,0.25,0.65,4.3125,2.850438562747845,0.0
48.0,192,0.25,0.4,30,0.25,0.65,6.1875,3.010398644698074,0.0
48.0,192,0.25,0.4,31,0.25,0.65,47.875,10.262187875886896,0.0
48.0,192,0.25,0.4,32,0.25,0.65,35.375,8.97566153550812,0.0
48.0,192,0.25,0.4,33,0.25,0.65,4.4375,2.0155644370746373,0.0
48.0,192,0.25,0.4,34,0.25,0.65,2.625,2.0,0.0
48.0,192,0.25,0.4,35,0.25,0.65,5.75,4.257346591481601,0.0
48.0,192,0.25,0.4,36,0.25,0.65,162.25,18.741664813991314,0.0
48.0,192,0.25,0.4,37,0.25,0.65,35.5625,5.385164807134504,0.0
48.0,192,0.25,0.4,38,0.25,0.65,44.0625,7.520804478245662,0.0
48.0,192,0.25,0.4,39,0.25,0.65,31.75,5.900211860602973,0.0
48.0,192,0.25,0.4,40,0.25,0.65,75.875,16.25,0.0
48.0,192,0.25,0.4,41,0.25,0.65,5.5625,2.1360009363293826,0.0
48.0,192,0.25,0.4,42,0.25,0.65,104.75,14.450346016618425,0.0
48.0,192,0.25,0.4,43,0.25,0.65,42.0,12.619429464123963,0.0
48.0,192,0.25,0.4,44,0.25,0.65,101.5625,18.25171224844398,0.0
48.0,192,0.25,0.4,45,0.25,0.65,130.625,29.702693480558292,0.0
48.0,192,0.25,0.4,46,0.25,0.65,27.75,7.814249804043892,0.0
48.0,192,0.25,0.4,47,0.25,0.65,137.3125,25.001249968751562,0.0
48.0,192,0.25,0.4,48,0.25,0.65,154.375,18.172781845386247,0.0
48.0,192,0.25,0.4,49,0.25,0.65,232.0,27.35073125165029,0.0
48.0,192,0.25,0.4,50,0.25,0.65,85.25,16.492422502470642,0.0
48.0,192,0.25,0.4,51,0.25,0.65,2.6875,1.9525624189766635,0.0
48.0,192,0.25,0.4,52,0.25,0.65,191.6875,22.05957841845578,0.0
48.0,192,0.25,0.4,53,0.25,0.65,12.3125,6.562202374203344,0.0
48.0,192,0.25,0.4,54,0.25,0.65,30.0625,9.25,0.0
48.0,192,0.25,0.4,55,0.25,0.65,99.1875,13.268854509715599,0.0
48.0,192,0.25,0.4,56,0.25,0.65,2.1875,1.4577379737113252,0.0
48.0,192,0.25,0.4,57,0.25,0.65,4.1875,2.0155644370746373,0.0
48.0,192,0.25,0.4,58,0.25,0.65,581.3125,30.126815298003205,0.0
48.0,192,0.25,0.4,59,0.25,0.65,38.9375,13.002403623945844,0.0
48.0,192,0.25,0.4,60,0.25,0.65,46.0625,13.383758814324173,0.0
48.0,192,0.25,0.4,61,0.25,0.65,7.25,3.092329219213245,0.0
48.0,192,0.25,0.4,62,0.25,0.65,1.9375,1.6007810593582121,0.0
48.0,192,0.25,0.4,63,0.25,0.65,17.1875,3.816084380618437,0.0
48.0,192,0.25,0.4,64,0.25,0.65,4.75,2.23606797749979,0.0
48.0,192,0.25,0.4,65,0.25,0.65,32.5625,5.88430114796991,0.0
48.0,192,0.25,0.4,66,0.25,0.65,172.5625,26.39720629157563,0.0
48.0,192,0.25,0.4,67,0.25,0.65,22.875,6.600189391222043,0.0
48.0,192,0.25,0.4,68,0.25,0.65,2.1875,1.5811388300841898,0.0
48.0,192,0.25,0.4,69,0.25,0.65,150.75,19.224008426964446,0.0
48.0,192,0.25,0.4,70,0.25,0.65,14.5625,4.430011286667337,0.0
48.0,192,0.25,0.4,71,0.25,0.65,125.1875,27.405519517060792,0.0
48.0,192,0.25,0.4,72,0.25,0.65,5.375,3.7165171868296265,0.0
48.0,192,0.25,0.4,73,0.25,0.65,3.9375,2.5124689052802225,0.0
48.0,192,0.25,0.4,74,0.25,0.65,162.4375,19.953069939234915,0.0
48.0,192,0.25,0.4,75,0.25,0.65,11.5,6.269968101992227,0.0
48.0,192,0.25,0.4,76,0.25,0.65,6.5625,2.704163456597992,0.0
48.0,192,0.25,0.4,77,0.25,0.65,45.375,14.075688260259247,0.0
48.0,192,0.25,0.4,78,0.25,0.65,7.9375,3.2596012026013246,0.0
48.0,192,0.25,0.4,79,0.25,0.65,17.8125,5.618051263561058,0.0
48.0,192,0.25,0.4,80,0.25,0.65,20.5625,6.75,0.0
48.0,192,0.25,0.4,81,0.25,0.65,3.0,2.23606797749979,0.0
48.0,192,0.25,0.4,82,0.25,0.65,193.6875,23.119256043393783,0.0
48.0,192,0.25,0.4,83,0.25,0.65,19.9375,4.257346591481601,0.0
48.0,192,0.25,0.4,84,0.25,0.65,481.0625,25.632011235952593,1.0
48.0,192,0.25,0.4,85,0.25,0.65,50.375,10.752906583803284,0.0
48.0,192,0.25,0.4,86,0.25,0.65,2.125,1.6770509831248424,0.0
48.0,192,0.25,0.4,87,0.25,0.65,51.75,12.634278768493278,0.0
48.0,192,0.25,0.4,88,0.25,0.65,9.25,4.5069390943299865,0.0
48.0,192,0.25,0.4,89,0.25,0.65,84.9375,12.963892162464173,0.0
48.0,192,0.25,0.4,90,0.25,0.65,24.6875,5.942432162002357,0.0
48.0,192,0.25,0.4,91,0.25,0.65,79.3125,12.39455525624054,0.0
48.0,192,0.25,0.4,92,0.25,0.65,71.9375,18.050277006184697,0.0
48.0,192,0.25,0.4,93,0.25,0.65,201.4375,28.3515872571537,0.0
48.0,192,0.25,0.4,94,0.25,0.65,95.375,22.69636534778201,0.0
48.0,192,0.25,0.4,95,0.25,0.65,10.5625,3.7165171868296265,0.0
48.0,192,0.25,0.4,96,0.25,0.65,49.3125,10.398317171542711,0.0
48.0,192,0.25,0.4,97,0.25,0.65,20.6875,6.726812023536855,0.0
48.0,192,0.25,0.4,98,0.25,0.65,13.625,5.7118298293979315,0.0
48.0,192,0.25,0.4,99,0.25,0.65,28.1875,10.5741429912783,0.0
48.0,192,0.25,0.4,100,0.25,0.65,151.6875,19.269470672543136,0.0
48.0,192,0.25,0.4,101,0.25,0.65,15.875,5.385164807134504,0.0
48.0,192,0.25,0.4,102,0.25,0.65,15.0,4.257346591481601,0.0
48.0,192,0.25,0.4,103,0.25,0.65,46.4375,12.095970403402944,0.0
48.0,192,0.25,0.4,104,0.25,0.65,20.0,5.88430114796991,0.0
48.0,192,0.25,0.4,105,0.25,0.65,104.4375,18.67150234983784,0.0
48.0,192,0.25,0.4,106,0.25,0.65,46.6875,11.55692433132622,0.0
48.0,192,0.25,0.4,107,0.25,0.65,22.375,8.200609733428363,0.0
48.0,192,0.25,0.4,108,0.25,0.65,8.3125,3.69120576505835,0.0
48.0,192,0.25,0.4,109,0.25,0.65,75.4375,14.512925273699992,0.0
48.0,192,0.25,0.4,110,0.25,0.65,22.125,8.077747210701755,0.0
48.0,192,0.25,0.4,111,0.25,0.65,94.75,17.585505395068974,0.0
48.0,192,0.25,0.4,112,0.25,0.65,22.375,6.519202405202649,0.0
48.0,192,0.25,0.4,113,0.25,0.65,57.8125,12.8281916106675,0.0
48.0,192,0.25,0.4,114,0.25,0.65,9.0,4.031128874149275,0.0
48.0,192,0.25,0.4,115,0.25,0.65,6.1875,2.5,0.0
48.0,192,0.25,0.4,116,0.25,0.65,1.25,1.118033988749895,0.0
48.0,192,0.25,0.4,117,0.25,0.65,0.8125,0.7905694150420949,0.0
48.0,192,0.25,0.4,118,0.25,0.65,58.4375,8.77852493303972,0.0
48.0,192,0.25,0.4,119,0.25,0.65,76.375,20.112185361118765,0.0
48.0,192,0.25,0.4,120,0.25,0.65,12.8125,4.138236339311712,0.0
48.0,192,0.25,0.4,121,0.25,0.65,120.9375,14.252192813739224,0.0
48.0,192,0.25,0.4,122,0.25,0.65,19.25,7.945124291035352,0.0
48.0,192,0.25,0.4,123,0.25,0.65,43.0625,6.600189391222043,0.0
48.0,192,0.25,0.4,124,0.25,0.65,5.625,4.930770730829005,0.0
48.0,192,0.25,0.4,125,0.25,0.65,116.125,17.34394707095245,0.0
48.0,192,0.25,0.4,126,0.25,0.65,5.6875,2.5495097567963922,0.0
48.0,192,0.25,0.4,127,0.25,0.65,83.0625,18.5,0.0
48.0,192,0.25,0.4,128,0.25,0.65,59.0625,14.35705401536123,0.0
48.0,192,0.25,0.4,129,0.25,0.65,47.5625,12.869537676233751,0.0
48.0,192,0.25,0.4,130,0.25,0.65,99.4375,19.33423130098531,0.0
48.0,192,0.25,0.4,131,0.25,0.65,84.9375,10.0,0.0
48.0,192,0.25,0.4,132,0.25,0.65,75.6875,13.67707936658993,0.0
48.0,192,0.25,0.4,133,0.25,0.65,329.1875,25.811818998280614,0.0
48.0,192,0.25,0.4,134,0.25,0.65,45.5625,14.37228235180481,0.0
48.0,192,0.25,0.4,135,0.25,0.65,157.1875,17.338540884399702,0.0
48.0,192,0.25,0.4,136,0.25,0.65,39.9375,11.205467415507485,0.0
48.0,192,0.25,0.4,137,0.25,0.65,16.875,8.097067370350823,0.0
48.0,192,0.25,0.4,138,0.25,0.65,33.5625,8.31038506929733,0.0
48.0,192,0.25,0.4,139,0.25,0.65,128.875,17.003676073131953,0.0
48.0,192,0.25,0.4,140,0.25,0.65,219.4375,25.545302895052938,0.0
48.0,192,0.25,0.4,141,0.25,0.65,31.9375,12.36931687685298,0.0
48.0,192,0.25,0.4,142,0.25,0.65,24.0,10.307764064044152,0.0
48.0,192,0.25,0.4,143,0.25,0.65,77.1875,13.777245733454855,0.0
48.0,192,0.25,0.4,144,0.25,0.65,379.0,33.06905653326082,0.0
48.0,192,0.25,0.4,145,0.25,0.65,60.0625,18.01735274672725,0.0
48.0,192,0.25,0.4,146,0.25,0.65,13.3125,6.046693311223912,0.0
48.0,192,0.25,0.4,147,0.25,0.65,37.875,6.878408246098802,0.0
48.0,192,0.25,0.4,148,0.25,0.65,65.0625,11.294356998076518,0.0
48.0,192,0.25,0.4,149,0.25,0.65,157.8125,29.19439158468626,0.0
48.0,192,0.25,0.4,150,0.25,0.65,16.0625,6.408002808988148,0.0
48.0,192,0.25,0.4,151,0.25,0.65,1.6875,1.9039432764659772,0.0
48.0,192,0.25,0.4,152,0.25,0.65,62.1875,12.219349409849936,0.0
48.0,192,0.25,0.4,153,0.25,0.65,416.9375,26.196373794859472,0.0
48.0,192,0.25,0.4,154,0.25,0.65,117.5625,14.67353059082919,0.0
48.0,192,0.25,0.4,155,0.25,0.65,11.0,4.301162633521313,0.0
48.0,192,0.25,0.4,156,0.25,0.65,19.625,5.460082416960389,0.0
48.0,192,0.25,0.4,157,0.25,0.65,30.4375,11.10180165558726,0.0
48.0,192,0.25,0.4,158,0.25,0.65,3.3125,1.5811388300841898,0.0
48.0,192,0.25,0.4,159,0.25,0.65,27.5625,7.976528066771908,0.0
48.0,192,0.25,0.4,160,0.25,0.65,165.1875,24.199690080660123,0.0
48.0,192,0.25,0.4,161,0.25,0.65,157.5625,26.721947908039937,0.0
48.0,192,0.25,0.4,162,0.25,0.65,38.375,10.253048327204938,0.0
48.0,192,0.25,0.4,163,0.25,0.65,2.6875,1.7677669529663689,0.0
48.0,192,0.25,0.4,164,0.25,0.65,193.4375,28.570089254323307,0.0
48.0,192,0.25,0.4,165,0.25,0.65,46.9375,11.01135777277262,0.0
48.0,192,0.25,0.4,166,0.25,0.65,31.25,7.652613932506983,0.0
48.0,192,0.25,0.4,167,0.25,0.65,114.9375,21.592822881689184,0.0
48.0,192,0.25,0.4,168,0.25,0.65,43.3125,8.634958019585271,0.0
48.0,192,0.25,0.4,169,0.25,0.65,143.125,15.002083188677497,0.0
48.0,192,0.25,0.4,170,0.25,0.65,60.0625,9.334077351297235,0.0
48.0,192,0.25,0.4,171,0.25,0.65,1.0,0.7905694150420949,0.0
48.0,192,0.25,0.4,172,0.25,0.65,49.125,10.262187875886896,0.0
48.0,192,0.25,0.4,173,0.25,0.65,29.125,10.965856099730654,0.0
48.0,192,0.25,0.4,174,0.25,0.65,9.5625,4.366062299143245,0.0
48.0,192,0.25,0.4,175,0.25,0.65,197.375,23.91782807865296,0.0
48.0,192,0.25,0.4,176,0.25,0.65,62.3125,12.61199825562944,0.0
48.0,192,0.25,0.4,177,0.25,0.65,36.75,9.89002022242624,0.0
48.0,192,0.25,0.4,178,0.25,0.65,10.0,2.5495097567963922,0.0
48.0,192,0.25,0.4,179,0.25,0.65,35.3125,9.5818839483684,0.0
48.0,192,0.25,0.4,180,0.25,0.65,35.25,8.631338250816034,0.0
48.0,192,0.25,0.4,181,0.25,0.65,41.5625,12.811127975318957,0.0
48.0,192,0.25,0.4,182,0.25,0.65,2.8125,2.1505813167606567,0.0
48.0,192,0.25,0.4,183,0.25,0.65,117.5,18.955540087267362,0.0
48.0,192,0.25,0.4,184,0.25,0.65,8.5,5.315072906367325,0.0
48.0,192,0.25,0.4,185,0.25,0.65,86.6875,15.453559460525591,0.0
48.0,192,0.25,0.4,186,0.25,0.65,196.4375,24.67919163992208,0.0
48.0,192,0.25,0.4,187,0.25,0.65,34.25,10.111874208078342,0.0
48.0,192,0.25,0.4,188,0.25,0.65,96.375,10.770329614269007,0.0
48.0,192,0.25,0.4,189,0.25,0.65,22.3125,9.100137361600648,0.0
48.0,192,0.25,0.4,190,0.25,0.65,10.875,4.257346591481601,0.0
48.0,192,0.25,0.4,191,0.25,0.65,16.625,5.153882032022076,0.0
48.0,192,0.25,0.4,192,0.25,0.65,313.1875,29.0,0.0
48.0,192,0.25,0.4,193,0.25,0.65,6.3125,3.48209706929603,0.0
48.0,192,0.25,0.4,194,0.25,0.65,33.1875,7.0400639201643616,0.0
48.0,192,0.25,0.4,195,0.25,0.65,2.8125,1.5811388300841898,0.0
48.0,192,0.25,0.4,196,0.25,0.65,4.875,2.57390753524675,0.0
48.0,192,0.25,0.4,197,0.25,0.65,3.4375,1.9039432764659772,0.0
48.0,192,0.25,0.4,198,0.25,0.65,1.75,1.2747548783981961,0.0
48.0,192,0.25,0.4,199,0.25,0.65,33.625,6.604922406811453,0.0
48.0,192,0.25,0.4,200,0.25,0.65,24.25,9.360822613424528,0.0
48.0,192,0.25,0.4,201,0.25,0.65,157.8125,27.911691098892593,0.0
48.0,192,0.25,0.4,202,0.25,0.65,66.375,11.661903789690601,0.0
48.0,192,0.25,0.4,203,0.25,0.65,40.6875,10.550473923004596,0.0
48.0,192,0.25,0.4,204,0.25,0.65,60.4375,15.350081433008752,0.0
48.0,192,0.25,0.4,205,0.25,0.65,191.8125,25.155764746872634,0.0
48.0,192,0.25,0.4,206,0.25,0.65,13.0,6.946221994724902,0.0
48.0,192,0.25,0.4,207,0.25,0.65,62.875,8.620469824783333,0.0
48.0,192,0.25,0.4,208,0.25,0.65,99.9375,18.99012901483294,0.0
48.0,192,0.25,0.4,209,0.25,0.65,250.25,33.76481156470446,0.0
48.0,192,0.25,0.4,210,0.25,0.65,102.3125,24.331050121192877,0.0
48.0,192,0.25,0.4,211,0.25,0.65,6.4375,2.5124689052802225,0.0
48.0,192,0.25,0.4,212,0.25,0.65,42.9375,11.3852975367357,0.0
48.0,192,0.25,0.4,213,0.25,0.65,34.1875,6.791538853603062,0.0
48.0,192,0.25,0.4,214,0.25,0.65,18.625,5.533985905294664,0.0
48.0,192,0.25,0.4,215,0.25,0.65,8.4375,3.75,0.0
48.0,192,0.25,0.4,216,0.25,0.65,18.625,5.3967582862307255,0.0
48.0,192,0.25,0.4,217,0.25,0.65,98.875,13.435028842544403,0.0
48.0,192,0.25,0.4,218,0.25,0.65,13.5,4.650268809434569,0.0
48.0,192,0.25,0.4,219,0.25,0.65,128.0,21.09650444978978,0.0
48.0,192,0.25,0.4,220,0.25,0.65,46.8125,9.64689069078737,0.0
48.0,192,0.25,0.4,221,0.25,0.65,54.75,12.649110640673518,0.0
48.0,192,0.25,0.4,222,0.25,0.65,14.25,5.771698190307598,0.0
48.0,192,0.25,0.4,223,0.25,0.65,7.625,2.7950849718747373,0.0
48.0,192,0.25,0.4,224,0.25,0.65,72.6875,11.149551560488879,0.0
48.0,192,0.25,0.4,225,0.25,0.65,5.0,2.5495097567963922,0.0
48.0,192,0.25,0.4,226,0.25,0.65,2.125,1.118033988749895,0.0
48.0,192,0.25,0.4,227,0.25,0.65,11.375,5.297405025104273,0.0
48.0,192,0.25,0.4,228,0.25,0.65,215.875,24.67919163992208,0.0
48.0,192,0.25,0.4,229,0.25,0.65,7.5625,4.6097722286464435,0.0
48.0,192,0.25,0.4,230,0.25,0.65,17.1875,5.062114182829147,0.0
48.0,192,0.25,0.4,231,0.25,0.65,2.3125,1.8027756377319946,0.0
48.0,192,0.25,0.4,232,0.25,0.65,73.6875,13.793114224133722,0.0
48.0,192,0.25,0.4,233,0.25,0.65,16.0,5.771698190307598,0.0
48.0,192,0.25,0.4,234,0.25,0.65,9.6875,3.7165171868296265,0.0
48.0,192,0.25,0.4,235,0.25,0.65,102.8125,21.343910138491495,0.0
48.0,192,0.25,0.4,236,0.25,0.65,28.8125,10.547511554864494,0.0
48.0,192,0.25,0.4,237,0.25,0.65,102.4375,15.837060964711855,0.0
48.0,192,0.25,0.4,238,0.25,0.65,365.375,29.45016977879754,0.0
48.0,192,0.25,0.4,239,0.25,0.65,54.5,13.509256086106296,0.0
48.0,192,0.25,0.4,240,0.25,0.65,34.625,7.163274390947201,0.0
48.0,192,0.25,0.4,241,0.25,0.65,15.0,4.190763653560053,0.0
48.0,192,0.25,0.4,242,0.25,0.65,2.1875,1.4577379737113252,0.0
48.0,192,0.25,0.4,243,0.25,0.65,157.625,23.373328817265204,0.0
48.0,192,0.25,0.4,244,0.25,0.65,123.1875,17.86232067789625,0.0
48.0,192,0.25,0.4,245,0.25,0.65,15.1875,4.5069390943299865,0.0
48.0,192,0.25,0.4,246,0.25,0.65,11.375,4.5069390943299865,0.0
48.0,192,0.25,0.4,247,0.25,0.65,6.75,3.913118960624632,0.0
48.0,192,0.25,0.4,248,0.25,0.65,118.8125,24.011715890373182,0.0
48.0,192,0.25,0.4,249,0.25,0.65,246.0,31.21097563358121,0.0
48.0,192,0.25,0.4,250,0.25,0.65,11.375,4.190763653560053,0.0
48.0,192,0.25,0.4,251,0.25,0.65,160.375,18.607794065928395,0.0
48.0,192,0.25,0.4,252,0.25,0.65,33.0625,12.260199835239229,0.0
48.0,192,0.25,0.4,253,0.25,0.65,177.375,23.698628652308134,0.0
48.0,192,0.25,0.4,254,0.25,0.65,34.25,9.433981132056603,0.0
48.0,192,0.25,0.4,255,0.25,0.65,57.9375,9.154916711800277,0.0
48.0,192,0.25,0.4,256,0.25,0.65,90.1875,16.592543506045118,0.0
48.0,192,0.25,0.4,257,0.25,0.65,98.25,16.802157599546554,0.0
48.0,192,0.25,0.4,258,0.25,0.65,313.5,26.097174176527236,0.0
48.0,192,0.25,0.4,259,0.25,0.65,45.6875,8.050621094052309,0.0
48.0,192,0.25,0.4,260,0.25,0.65,144.375,24.141509894784956,0.0
48.0,192,0.25,0.4,261,0.25,0.65,26.6875,7.9726093595509875,0.0
48.0,192,0.25,0.4,262,0.25,0.65,29.5625,8.838834764831844,0.0
48.0,192,0.25,0.4,263,0.25,0.65,20.8125,6.25,0.0
48.0,192,0.25,0.4,264,0.25,0.65,28.375,7.420411039827915,0.0
48.0,192,0.25,0.4,265,0.25,0.65,168.125,21.888924139847532,0.0
48.0,192,0.25,0.4,266,0.25,0.65,15.75,6.519202405202649,0.0
48.0,192,0.25,0.4,267,0.25,0.65,35.3125,9.86154146165801,0.0
48.0,192,0.25,0.4,268,0.25,0.65,1.1875,1.2747548783981961,0.0
48.0,192,0.25,0.4,269,0.25,0.65,121.875,26.955982638368056,0.0
48.0,192,0.25,0.4,270,0.25,0.65,85.1875,17.170104833692776,0.0
48.0,192,0.25,0.4,271,0.25,0.65,94.0,12.041594578792296,0.0
48.0,192,0.25,0.4,272,0.25,0.65,17.125,6.010407640085654,0.0
48.0,192,0.25,0.4,273,0.25,0.65,92.375,14.422205101855956,0.0
48.0,192,0.25,0.4,274,0.25,0.65,122.125,12.869537676233751,0.0
48.0,192,0.25,0.4,275,0.25,0.65,12.0,5.798706752371601,0.0
48.0,192,0.25,0.4,276,0.25,0.65,46.875,9.334077351297235,0.0
48.0,192,0.25,0.4,277,0.25,0.65,20.5,5.771698190307598,0.0
48.0,192,0.25,0.4,278,0.25,0.65,294.8125,28.319604517012593,0.0
48.0,192,0.25,0.4,279,0.25,0.65,186.8125,24.62214450449026,0.0
48.0,192,0.25,0.4,280,0.25,0.65,127.75,16.662082702951633,0.0
48.0,192,0.25,0.4,281,0.25,0.65,20.1875,8.097067370350823,0.0
48.0,192,0.25,0.4,282,0.25,0.65,12.875,5.522680508593631,0.0
48.0,192,0.25,0.4,283,0.25,0.65,1.625,1.118033988749895,0.0
48.0,192,0.25,0.4,284,0.25,0.65,38.3125,10.659502802663921,0.0
48.0,192,0.25,0.4,285,0.25,0.65,89.375,13.306483382171264,0.0
48.0,192,0.25,0.4,286,0.25,0.65,177.875,21.408234397072544,0.0
48.0,192,0.25,0.4,287,0.25,0.65,146.3125,25.309336222034744,0.0
48.0,192,0.25,0.4,288,0.25,0.65,4.0,2.3717082451262845,0.0
48.0,192,0.25,0.4,289,0.25,0.65,266.625,29.36090087173757,0.0
48.0,192,0.25,0.4,290,0.25,0.65,6.8125,2.6575364531836625,0.0
48.0,192,0.25,0.4,291,0.25,0.65,26.8125,5.297405025104273,0.0
48.0,192,0.25,0.4,292,0.25,0.65,24.875,6.73145600891813,0.0
48.0,192,0.25,0.4,293,0.25,0.65,89.3125,12.673791855636576,0.0
48.0,192,0.25,0.4,294,0.25,0.65,21.3125,8.00390529679106,0.0
48.0,192,0.25,0.4,295,0.25,0.65,139.6875,27.482949259495424,0.0
48.0,192,0.25,0.4,296,0.25,0.65,46.6875,16.632047378479896,0.0
48.0,192,0.25,0.4,297,0.25,0.65,1.625,1.0307764064044151,0.0
48.0,192,0.25,0.4,298,0.25,0.65,95.125,17.191931246954194,0.0
48.0,192,0.25,0.4,299,0.25,0.65,3.1875,2.0615528128088303,0.0
48.0,192,0.25,0.2,0,0.25,0.45,904.5625,32.715630820756004,0.0
48.0,192,0.25,0.2,1,0.25,0.45,431.5,28.844410203711913,0.0
48.0,192,0.25,0.2,2,0.25,0.45,757.0625,33.06905653326082,1.0
48.0,192,0.25,0.2,3,0.25,0.45,10.625,5.460082416960389,0.0
48.0,192,0.25,0.2,4,0.25,0.45,50.0625,11.205467415507485,0.0
48.0,192,0.25,0.2,5,0.25,0.45,156.3125,18.388175548433292,0.0
48.0,192,0.25,0.2,6,0.25,0.45,443.8125,28.30194339616981,0.0
48.0,192,0.25,0.2,7,0.25,0.45,421.9375,30.150663342619843,0.0
48.0,192,0.25,0.2,8,0.25,0.45,62.6875,13.268854509715599,0.0
48.0,192,0.25,0.2,9,0.25,0.45,296.0625,24.67919163992208,0.0
48.0,192,0.25,0.2,10,0.25,0.45,17.75,7.976528066771908,0.0
48.0,192,0.25,0.2,11,0.25,0.45,5.8125,3.473110997362451,0.0
48.0,192,0.25,0.2,12,0.25,0.45,858.875,33.76481156470446,1.0
48.0,192,0.25,0.2,13,0.25,0.45,332.875,25.811818998280614,0.0
48.0,192,0.25,0.2,14,0.25,0.45,6.4375,3.400367627183861,0.0
48.0,192,0.25,0.2,15,0.25,0.45,147.875,16.560495161679196,0.0
48.0,192,0.25,0.2,16,0.25,0.45,93.9375,14.300349646075091,0.0
48.0,192,0.25,0.2,17,0.25,0.45,37.4375,11.52443057161611,0.0
48.0,192,0.25,0.2,18,0.25,0.45,6.6875,3.5355339059327378,0.0
48.0,192,0.25,0.2,19,0.25,0.45,737.875,33.94112549695428,1.0
48.0,192,0.25,0.2,20,0.25,0.45,141.25,13.455946640797888,0.0
48.0,192,0.25,0.2,21,0.25,0.45,137.4375,23.147624068141422,0.0
48.0,192,0.25,0.2,22,0.25,0.45,683.125,30.923292192132454,0.0
48.0,192,0.25,0.2,23,0.25,0.45,170.875,19.445436482630058,0.0
48.0,192,0.25,0.2,24,0.25,0.45,31.6875,8.06225774829855,0.0
48.0,192,0.25,0.2,25,0.25,0.45,130.125,15.18634254848744,0.0
48.0,192,0.25,0.2,26,0.25,0.45,98.5625,10.502975768800002,0.0
48.0,192,0.25,0.2,27,0.25,0.45,31.6875,9.410765112359355,0.0
48.0,192,0.25,0.2,28,0.25,0.45,231.5625,27.53406980451673,0.0
48.0,192,0.25,0.2,29,0.25,0.45,147.0625,19.19798166474799,0.0
48.0,192,0.25,0.2,30,0.25,0.45,11.0625,3.7165171868296265,0.0
48.0,192,0.25,0.2,31,0.25,0.45,3.875,1.5206906325745548,0.0
48.0,192,0.25,0.2,32,0.25,0.45,278.0,24.21905241746671,0.0
48.0,192,0.25,0.2,33,0.25,0.45,106.0,20.715332485866597,0.0
48.0,192,0.25,0.2,34,0.25,0.45,240.625,29.556090742857048,0.0
48.0,192,0.25,0.2,35,0.25,0.45,28.0625,7.079901129253148,0.0
48.0,192,0.25,0.2,36,0.25,0.45,1.3125,0.7905694150420949,0.0
48.0,192,0.25,0.2,37,0.25,0.45,719.25,33.94112549695428,1.0
48.0,192,0.25,0.2,38,0.25,0.45,183.1875,22.25561726845607,0.0
48.0,192,0.25,0.2,39,0.25,0.45,21.375,8.173891362135908,0.0
48.0,192,0.25,0.2,40,0.25,0.45,240.375,21.15715009163569,0.0
48.0,192,0.25,0.2,41,0.25,0.45,46.9375,13.831576193623054,0.0
48.0,192,0.25,0.2,42,0.25,0.45,740.5625,31.89043743820395,0.0
48.0,192,0.25,0.2,43,0.25,0.45,38.6875,9.013878188659973,0.0
48.0,192,0.25,0.2,44,0.25,0.45,11.5625,6.656763477847174,0.0
48.0,192,0.25,0.2,45,0.25,0.45,723.8125,33.94112549695428,0.0
48.0,192,0.25,0.2,46,0.25,0.45,680.5625,33.94112549695428,1.0
48.0,192,0.25,0.2,47,0.25,0.45,180.625,17.150072886142496,0.0
48.0,192,0.25,0.2,48,0.25,0.45,31.375,8.558621384311845,0.0
48.0,192,0.25,0.2,49,0.25,0.45,214.3125,28.251106173033296,0.0
48.0,192,0.25,0.2,50,0.25,0.45,162.625,18.85802216564611,0.0
48.0,192,0.25,0.2,51,0.25,0.45,38.5625,10.63014581273465,0.0
48.0,192,0.25,0.2,52,0.25,0.45,131.8125,21.801662780622948,0.0
48.0,192,0.25,0.2,53,0.25,0.45,0.9375,0.75,0.0
48.0,192,0.25,0.2,54,0.25,0.45,157.25,17.414074767267998,0.0
48.0,192,0.25,0.2,55,0.25,0.45,127.0,18.37457482501296,0.0
48.0,192,0.25,0.2,56,0.25,0.45,248.625,22.238761206506087,0.0
48.0,192,0.25,0.2,57,0.25,0.45,247.6875,24.70323865407125,0.0
48.0,192,0.25,0.2,58,0.25,0.45,109.9375,17.08800749063506,0.0
48.0,192,0.25,0.2,59,0.25,0.45,118.5,14.285044627161653,0.0
48.0,192,0.25,0.2,60,0.25,0.45,2.5625,1.5811388300841898,0.0
48.0,192,0.25,0.2,61,0.25,0.45,528.1875,33.76481156470446,0.0
48.0,192,0.25,0.2,62,0.25,0.45,87.6875,11.404494727957044,0.0
48.0,192,0.25,0.2,63,0.25,0.45,80.1875,15.15132007450176,0.0
48.0,192,0.25,0.2,64,0.25,0.45,44.8125,8.696263565463044,0.0
48.0,192,0.25,0.2,65,0.25,0.45,467.4375,26.348624252510795,0.0
48.0,192,0.25,0.2,66,0.25,0.45,247.875,32.89756829919196,0.0
48.0,192,0.25,0.2,67,0.25,0.45,200.5,18.537124911916628,0.0
48.0,192,0.25,0.2,68,0.25,0.45,927.0,33.94112549695428,1.0
48.0,192,0.25,0.2,69,0.25,0.45,26.5,7.786205751198718,0.0
48.0,192,0.25,0.2,70,0.25,0.45,247.625,26.288067635336,0.0
48.0,192,0.25,0.2,71,0.25,0.45,727.875,33.58943286213687,0.0
48.0,192,0.25,0.2,72,0.25,0.45,187.5625,26.420872430712805,0.0
48.0,192,0.25,0.2,73,0.25,0.45,365.75,33.94112549695428,0.0
48.0,192,0.25,0.2,74,0.25,0.45,99.75,14.44385682565429,0.0
48.0,192,0.25,0.2,75,0.25,0.45,201.5625,33.76481156470446,0.0
48.0,192,0.25,0.2,76,0.25,0.45,560.375,31.289974432715663,1.0
48.0,192,0.25,0.2,77,0.25,0.45,193.0,17.10263137648707,0.0
48.0,192,0.25,0.2,78,0.25,0.45,702.5,31.89043743820395,0.0
48.0,192,0.25,0.2,79,0.25,0.45,283.875,25.50122546074992,0.0
48.0,192,0.25,0.2,80,0.25,0.45,121.125,20.751505969447134,0.0
48.0,192,0.25,0.2,81,0.25,0.45,247.3125,26.097174176527236,0.0
48.0,192,0.25,0.2,82,0.25,0.45,465.0,31.401632123187483,0.0
48.0,192,0.25,0.2,83,0.25,0.45,189.8125,27.875840794494433,0.0
48.0,192,0.25,0.2,84,0.25,0.45,59.3125,10.793516572461451,0.0
48.0,192,0.25,0.2,85,0.25,0.45,11.6875,4.190763653560053,0.0
48.0,192,0.25,0.2,86,0.25,0.45,574.75,33.94112549695428,0.0
48.0,192,0.25,0.2,87,0.25,0.45,172.875,28.286480869843107,0.0
48.0,192,0.25,0.2,88,0.25,0.45,203.8125,26.955982638368056,0.0
48.0,192,0.25,0.2,89,0.25,0.45,243.375,21.914607000811127,0.0
48.0,192,0.25,0.2,90,0.25,0.45,65.375,8.381527307120106,0.0
48.0,192,0.25,0.2,91,0.25,0.45,10.5625,4.366062299143245,0.0
48.0,192,0.25,0.2,92,0.25,0.45,359.25,25.46075411294803,0.0
48.0,192,0.25,0.2,93,0.25,0.45,147.875,20.130822139197395,0.0
48.0,192,0.25,0.2,94,0.25,0.45,809.9375,30.45591075637043,1.0
48.0,192,0.25,0.2,95,0.25,0.45,16.25,6.174544517614234,0.0
48.0,192,0.25,0.2,96,0.25,0.45,298.8125,26.121112150901997,0.0
48.0,192,0.25,0.2,97,0.25,0.45,545.1875,26.94554694193458,1.0
48.0,192,0.25,0.2,98,0.25,0.45,23.3125,6.878408246098802,0.0
48.0,192,0.25,0.2,99,0.25,0.45,4.4375,2.3048861143232218,0.0
48.0,192,0.25,0.2,100,0.25,0.45,25.5625,6.485560885536423,0.0
48.0,192,0.25,0.2,101,0.25,0.45,171.5,21.84176046018269,0.0
48.0,192,0.25,0.2,102,0.25,0.45,111.8125,21.961614239395065,0.0
48.0,192,0.25,0.2,103,0.25,0.45,27.75,7.458216945088149,0.0
48.0,192,0.25,0.2,104,0.25,0.45,744.0625,33.58943286213687,0.0
48.0,192,0.25,0.2,105,0.25,0.45,70.875,21.47673159491453,0.0
48.0,192,0.25,0.2,106,0.25,0.45,173.25,20.79963941995149,0.0
48.0,192,0.25,0.2,107,0.25,0.45,77.4375,10.37123425634577,0.0
48.0,192,0.25,0.2,108,0.25,0.45,66.3125,16.62077013859466,0.0
48.0,192,0.25,0.2,109,0.25,0.45,492.875,25.0,0.0
48.0,192,0.25,0.2,110,0.25,0.45,66.125,14.15317985471816,0.0
48.0,192,0.25,0.2,111,0.25,0.45,112.25,22.289291150684896,0.0
48.0,192,0.25,0.2,112,0.25,0.45,110.375,18.46956956726388,0.0
48.0,192,0.25,0.2,113,0.25,0.45,750.75,33.94112549695428,0.0
48.0,192,0.25,0.2,114,0.25,0.45,4.9375,2.1505813167606567,0.0
48.0,192,0.25,0.2,115,0.25,0.45,213.75,26.050431858224538,0.0
48.0,192,0.25,0.2,116,0.25,0.45,41.25,7.615773105863909,0.0
48.0,192,0.25,0.2,117,0.25,0.45,632.0625,33.76481156470446,0.0
48.0,192,0.25,0.2,118,0.25,0.45,19.625,4.981214711292819,0.0
48.0,192,0.25,0.2,119,0.25,0.45,567.6875,32.55764119219941,0.0
48.0,192,0.25,0.2,120,0.25,0.45,25.6875,8.253787009609589,0.0
48.0,192,0.25,0.2,121,0.25,0.45,2.3125,1.6770509831248424,0.0
48.0,192,0.25,0.2,122,0.25,0.45,471.25,33.94112549695428,0.0
48.0,192,0.25,0.2,123,0.25,0.45,8.0625,4.8541219597369,0.0
48.0,192,0.25,0.2,124,0.25,0.45,26.25,5.303300858899107,0.0
48.0,192,0.25,0.2,125,0.25,0.45,370.125,27.17650639799016,0.0
48.0,192,0.25,0.2,126,0.25,0.45,651.5625,33.76481156470446,0.0
48.0,192,0.25,0.2,127,0.25,0.45,808.75,32.89756829919196,1.0
48.0,192,0.25,0.2,128,0.25,0.45,91.875,21.42574386106583,0.0
48.0,192,0.25,0.2,129,0.25,0.45,9.0,4.589389937671455,0.0
48.0,192,0.25,0.2,130,0.25,0.45,52.875,14.6990645960891,0.0
48.0,192,0.25,0.2,131,0.25,0.45,322.4375,28.636733403096102,0.0
48.0,192,0.25,0.2,132,0.25,0.45,36.3125,8.696263565463044,0.0
48.0,192,0.25,0.2,133,0.25,0.45,196.6875,24.21905241746671,0.0
48.0,192,0.25,0.2,134,0.25,0.45,38.5,8.40014880820572,0.0
48.0,192,0.25,0.2,135,0.25,0.45,302.1875,26.950185528118354,0.0
48.0,192,0.25,0.2,136,0.25,0.45,37.5625,6.754628043053148,0.0
48.0,192,0.25,0.2,137,0.25,0.45,237.625,33.76481156470446,0.0
48.0,192,0.25,0.2,138,0.25,0.45,11.1875,4.422951503238533,0.0
48.0,192,0.25,0.2,139,0.25,0.45,92.625,19.1637678967368,0.0
48.0,192,0.25,0.2,140,0.25,0.45,823.4375,29.702693480558292,0.0
48.0,192,0.25,0.2,141,0.25,0.45,706.0625,33.4150041149182,1.0
48.0,192,0.25,0.2,142,0.25,0.45,439.5,25.811818998280614,0.0
48.0,192,0.25,0.2,143,0.25,0.45,333.9375,26.978000296537918,0.0
48.0,192,0.25,0.2,144,0.25,0.45,1.1875,0.7905694150420949,0.0
48.0,192,0.25,0.2,145,0.25,0.45,818.5625,33.94112549695428,0.0
48.0,192,0.25,0.2,146,0.25,0.45,300.4375,28.55039404281489,0.0
48.0,192,0.25,0.2,147,0.25,0.45,2.9375,1.8200274723201295,0.0
48.0,192,0.25,0.2,148,0.25,0.45,380.3125,26.297575933914516,0.0
48.0,192,0.25,0.2,149,0.25,0.45,207.25,21.783020910791965,0.0
48.0,192,0.25,0.2,150,0.25,0.45,169.8125,26.978000296537918,0.0
48.0,192,0.25,0.2,151,0.25,0.45,740.5,31.08154597184638,0.0
48.0,192,0.25,0.2,152,0.25,0.45,222.375,24.840742742518792,0.0
48.0,192,0.25,0.2,153,0.25,0.45,156.5625,19.014796869806418,0.0
48.0,192,0.25,0.2,154,0.25,0.45,29.1875,9.86154146165801,0.0
48.0,192,0.25,0.2,155,0.25,0.45,34.5625,4.527692569068709,0.0
48.0,192,0.25,0.2,156,0.25,0.45,514.5,29.267089025046545,0.0
48.0,192,0.25,0.2,157,0.25,0.45,78.75,12.023414656411049,0.0
48.0,192,0.25,0.2,158,0.25,0.45,5.375,4.562071897723665,0.0
48.0,192,0.25,0.2,159,0.25,0.45,447.625,31.08154597184638,0.0
48.0,192,0.25,0.2,160,0.25,0.45,150.6875,24.032530037430515,0.0
48.0,192,0.25,0.2,161,0.25,0.45,70.5,23.2768661980087,0.0
48.0,192,0.25,0.2,162,0.25,0.45,3.6875,2.5495097567963922,0.0
48.0,192,0.25,0.2,163,0.25,0.45,42.75,7.956915231419774,0.0
48.0,192,0.25,0.2,164,0.25,0.45,441.5625,26.600046992439694,0.0
48.0,192,0.25,0.2,165,0.25,0.45,114.875,17.199200562816866,0.0
48.0,192,0.25,0.2,166,0.25,0.45,458.375,29.85067000923095,0.0
48.0,192,0.25,0.2,167,0.25,0.45,23.8125,5.367727638395972,0.0
48.0,192,0.25,0.2,168,0.25,0.45,140.4375,12.150102880222867,0.0
48.0,192,0.25,0.2,169,0.25,0.45,870.5625,33.76481156470446,0.0
48.0,192,0.25,0.2,170,0.25,0.45,63.25,15.116216457830975,0.0
48.0,192,0.25,0.2,171,0.25,0.45,683.375,31.240998703626616,1.0
48.0,192,0.25,0.2,172,0.25,0.45,141.625,15.002083188677497,0.0
48.0,192,0.25,0.2,173,0.25,0.45,32.8125,9.572094859538323,0.0
48.0,192,0.25,0.2,174,0.25,0.45,33.6875,7.267220926874317,0.0
48.0,192,0.25,0.2,175,0.25,0.45,246.6875,31.401632123187483,0.0
48.0,192,0.25,0.2,176,0.25,0.45,458.75,29.3981291921782,0.0
48.0,192,0.25,0.2,177,0.25,0.45,249.625,29.36090087173757,0.0
48.0,192,0.25,0.2,178,0.25,0.45,61.0625,17.70946074842484,0.0
48.0,192,0.25,0.2,179,0.25,0.45,12.875,5.926634795564849,0.0
48.0,192,0.25,0.2,180,0.25,0.45,9.625,3.25,0.0
48.0,192,0.25,0.2,181,0.25,0.45,716.0,32.190837205639745,0.0
48.0,192,0.25,0.2,182,0.25,0.45,15.0625,3.913118960624632,0.0
48.0,192,0.25,0.2,183,0.25,0.45,17.1875,5.488624600025037,0.0
48.0,192,0.25,0.2,184,0.25,0.45,22.125,6.388466169590319,0.0
48.0,192,0.25,0.2,185,0.25,0.45,776.9375,32.55764119219941,0.0
48.0,192,0.25,0.2,186,0.25,0.45,85.1875,24.73863375370596,0.0
48.0,192,0.25,0.2,187,0.25,0.45,85.875,13.353370361073642,0.0
48.0,192,0.25,0.2,188,0.25,0.45,333.3125,33.94112549695428,0.0
48.0,192,0.25,0.2,189,0.25,0.45,0.9375,0.7905694150420949,0.0
48.0,192,0.25,0.2,190,0.25,0.45,836.5625,31.821769278278666,0.0
48.0,192,0.25,0.2,191,0.25,0.45,133.375,20.47101609593427,0.0
48.0,192,0.25,0.2,192,0.25,0.45,286.25,30.766255865802066,0.0
48.0,192,0.25,0.2,193,0.25,0.45,456.75,33.94112549695428,0.0
48.0,192,0.25,0.2,194,0.25,0.45,3.0,1.8027756377319946,0.0
48.0,192,0.25,0.2,195,0.25,0.45,15.8125,5.771698190307598,0.0
48.0,192,0.25,0.2,196,0.25,0.45,391.6875,27.943022384845918,0.0
48.0,192,0.25,0.2,197,0.25,0.45,572.75,32.389234322533774,0.0
48.0,192,0.25,0.2,198,0.25,0.45,512.125,30.7296680750053,0.0
48.0,192,0.25,0.2,199,0.25,0.45,19.8125,8.035079339994098,0.0
48.0,192,0.25,0.2,200,0.25,0.45,135.0,14.091220671041953,0.0
48.0,192,0.25,0.2,201,0.25,0.45,115.5,14.44385682565429,0.0
48.0,192,0.25,0.2,202,0.25,0.45,78.125,11.036870027322058,0.0
48.0,192,0.25,0.2,203,0.25,0.45,22.9375,8.806957476904268,0.0
48.0,192,0.25,0.2,204,0.25,0.45,35.0625,6.791538853603062,0.0
48.0,192,0.25,0.2,205,0.25,0.45,362.0,30.184847191927275,0.0
48.0,192,0.25,0.2,206,0.25,0.45,109.4375,16.766782637107216,0.0
48.0,192,0.25,0.2,207,0.25,0.45,17.75,5.942432162002357,0.0
48.0,192,0.25,0.2,208,0.25,0.45,3.125,2.0155644370746373,0.0
48.0,192,0.25,0.2,209,0.25,0.45,261.0,25.605175258138733,0.0
48.0,192,0.25,0.2,210,0.25,0.45,35.5,9.981232388838565,0.0
48.0,192,0.25,0.2,211,0.25,0.45,563.25,32.72709122424418,0.0
48.0,192,0.25,0.2,212,0.25,0.45,220.1875,27.536339626028727,0.0
48.0,192,0.25,0.2,213,0.25,0.45,55.25,12.905909499140307,0.0
48.0,192,0.25,0.2,214,0.25,0.45,4.0,2.6100766272276377,0.0
48.0,192,0.25,0.2,215,0.25,0.45,463.625,30.105024497581795,0.0
48.0,192,0.25,0.2,216,0.25,0.45,296.0,25.811818998280614,0.0
48.0,192,0.25,0.2,217,0.25,0.45,194.3125,28.17024139051705,0.0
48.0,192,0.25,0.2,218,0.25,0.45,15.4375,4.802343178074636,0.0
48.0,192,0.25,0.2,219,0.25,0.45,506.125,31.466251762801363,0.0
48.0,192,0.25,0.2,220,0.25,0.45,9.125,6.174544517614234,0.0
48.0,192,0.25,0.2,221,0.25,0.45,44.25,14.577379737113251,0.0
48.0,192,0.25,0.2,222,0.25,0.45,5.1875,3.010398644698074,0.0
48.0,192,0.25,0.2,223,0.25,0.45,4.625,2.0155644370746373,0.0
48.0,192,0.25,0.2,224,0.25,0.45,512.375,30.220026472523152,0.0
48.0,192,0.25,0.2,225,0.25,0.45,605.5625,32.89756829919196,1.0
48.0,192,0.25,0.2,226,0.25,0.45,146.625,13.25,0.0
48.0,192,0.25,0.2,227,0.25,0.45,325.625,28.706488813506954,0.0
48.0,192,0.25,0.2,228,0.25,0.45,48.125,7.905694150420948,0.0
48.0,192,0.25,0.2,229,0.25,0.45,102.375,14.95200655430568,0.0
48.0,192,0.25,0.2,230,0.25,0.45,663.75,30.766255865802066,0.0
48.0,192,0.25,0.2,231,0.25,0.45,5.375,3.3354160160315836,0.0
48.0,192,0.25,0.2,232,0.25,0.45,440.1875,28.983831699759783,0.0
48.0,192,0.25,0.2,233,0.25,0.45,2.5625,1.4577379737113252,0.0
48.0,192,0.25,0.2,234,0.25,0.45,659.6875,33.94112549695428,0.0
48.0,192,0.25,0.2,235,0.25,0.45,4.6875,3.25,0.0
48.0,192,0.25,0.2,236,0.25,0.45,660.6875,33.94112549695428,0.0
48.0,192,0.25,0.2,237,0.25,0.45,6.625,3.092329219213245,0.0
48.0,192,0.25,0.2,238,0.25,0.45,7.75,3.010398644698074,0.0
48.0,192,0.25,0.2,239,0.25,0.45,654.4375,33.06905653326082,0.0
48.0,192,0.25,0.2,240,0.25,0.45,56.0625,10.93446386431452,0.0
48.0,192,0.25,0.2,241,0.25,0.45,723.75,33.94112549695428,0.0
48.0,192,0.25,0.2,242,0.25,0.45,112.625,15.811388300841896,0.0
48.0,192,0.25,0.2,243,0.25,0.45,218.25,22.0014204086918,0.0
48.0,192,0.25,0.2,244,0.25,0.45,35.0,10.003124511871277,0.0
48.0,192,0.25,0.2,245,0.25,0.45,683.75,33.94112549695428,0.0
48.0,192,0.25,0.2,246,0.25,0.45,96.875,17.902513789968157,0.0
48.0,192,0.25,0.2,247,0.25,0.45,91.875,21.242645786248,0.0
48.0,192,0.25,0.2,248,0.25,0.45,16.25,5.129571132170798,0.0
48.0,192,0.25,0.2,249,0.25,0.45,229.8125,24.5675090312388,0.0
48.0,192,0.25,0.2,250,0.25,0.45,145.9375,16.944763202830543,0.0
48.0,192,0.25,0.2,251,0.25,0.45,643.75,33.94112549695428,0.0
48.0,192,0.25,0.2,252,0.25,0.45,83.4375,15.767847031221478,0.0
48.0,192,0.25,0.2,253,0.25,0.45,83.125,12.023414656411049,0.0
48.0,192,0.25,0.2,254,0.25,0.45,235.4375,23.2405894933842,0.0
48.0,192,0.25,0.2,255,0.25,0.45,576.25,31.162878557668577,0.0
48.0,192,0.25,0.2,256,0.25,0.45,453.3125,27.011571594411162,0.0
48.0,192,0.25,0.2,257,0.25,0.45,25.4375,8.877640452282352,0.0
48.0,192,0.25,0.2,258,0.25,0.45,7.5,2.6100766272276377,0.0
48.0,192,0.25,0.2,259,0.25,0.45,225.0625,30.586966178423122,0.0
48.0,192,0.25,0.2,260,0.25,0.45,160.4375,22.739008333698283,0.0
48.0,192,0.25,0.2,261,0.25,0.45,18.6875,5.55090082779363,0.0
48.0,192,0.25,0.2,262,0.25,0.45,123.9375,19.78004044485248,0.0
48.0,192,0.25,0.2,263,0.25,0.45,1.5625,1.118033988749895,0.0
48.0,192,0.25,0.2,264,0.25,0.45,52.625,10.277402395547233,0.0
48.0,192,0.25,0.2,265,0.25,0.45,440.5,33.58943286213687,0.0
48.0,192,0.25,0.2,266,0.25,0.45,95.375,16.095418602819873,0.0
48.0,192,0.25,0.2,267,0.25,0.45,97.4375,18.31154007722999,0.0
48.0,192,0.25,0.2,268,0.25,0.45,594.125,33.06905653326082,0.0
48.0,192,0.25,0.2,269,0.25,0.45,265.5625,31.114707133444146,0.0
48.0,192,0.25,0.2,270,0.25,0.45,583.25,33.06905653326082,0.0
48.0,192,0.25,0.2,271,0.25,0.45,55.25,10.295630140987,0.0
48.0,192,0.25,0.2,272,0.25,0.45,215.5,22.61774745636709,0.0
48.0,192,0.25,0.2,273,0.25,0.45,96.125,23.25537572261519,0.0
48.0,192,0.25,0.2,274,0.25,0.45,10.0625,5.852349955359813,0.0
48.0,192,0.25,0.2,275,0.25,0.45,3.0625,1.7677669529663689,0.0
48.0,192,0.25,0.2,276,0.25,0.45,225.75,26.0,0.0
48.0,192,0.25,0.2,277,0.25,0.45,53.4375,15.305227865013967,0.0
48.0,192,0.25,0.2,278,0.25,0.45,120.4375,23.104382701124045,0.0
48.0,192,0.25,0.2,279,0.25,0.45,20.6875,6.329494450586082,0.0
48.0,192,0.25,0.2,280,0.25,0.45,584.4375,31.401632123187483,0.0
48.0,192,0.25,0.2,281,0.25,0.45,408.125,33.76481156470446,0.0
48.0,192,0.25,0.2,282,0.25,0.45,116.4375,18.99012901483294,0.0
48.0,192,0.25,0.2,283,0.25,0.45,2.8125,1.4577379737113252,0.0
48.0,192,0.25,0.2,284,0.25,0.45,511.0,27.414640249326634,0.0
48.0,192,0.25,0.2,285,0.25,0.45,498.4375,30.610455730027933,0.0
48.0,192,0.25,0.2,286,0.25,0.45,30.375,6.373774391990981,0.0
48.0,192,0.25,0.2,287,0.25,0.45,14.125,3.8078865529319543,0.0
48.0,192,0.25,0.2,288,0.25,0.45,24.1875,5.640257086339239,0.0
48.0,192,0.25,0.2,289,0.25,0.45,18.8125,6.864765108872991,0.0
48.0,192,0.25,0.2,290,0.25,0.45,12.75,3.2882366094914763,0.0
48.0,192,0.25,0.2,291,0.25,0.45,98.25,22.363474685298794,0.0
48.0,192,0.25,0.2,292,0.25,0.45,71.9375,9.370832406995657,0.0
48.0,192,0.25,0.2,293,0.25,0.45,61.0,11.963486114005399,0.0
48.0,192,0.25,0.2,294,0.25,0.45,22.3125,10.151970252123476,0.0
48.0,192,0.25,0.2,295,0.25,0.45,412.6875,33.4150041149182,0.0
48.0,192,0.25,0.2,296,0.25,0.45,5.4375,2.692582403567252,0.0
48.0,192,0.25,0.2,297,0.25,0.45,435.4375,29.938478585258803,0.0
48.0,192,0.25,0.2,298,0.25,0.45,428.125,33.76481156470446,0.0
48.0,192,0.25,0.2,299,0.25,0.45,502.875,33.235899265703644,0.0
